ply
format ascii 1.0
element vertex 8304
property float x
property float y
property float z
property uint8 red
property uint8 green
property uint8 blue
end_header
2.556878 2.435985 -3.096314 10 10 12
1.561823 2.758677 -2.716031 159 160 146
2.194661 2.202790 -3.630838 137 137 125
2.884690 2.555454 -3.122216 146 143 134
1.244292 2.992907 -2.352450 160 160 150
1.505858 2.881792 -1.702228 89 91 90
2.349279 1.940291 -4.073833 138 135 126
-0.975172 2.210210 -2.723670 10 10 12
-1.670285 2.281048 -1.885964 65 67 66
2.845594 2.278180 -3.561230 125 122 113
2.871262 2.212830 -3.653387 130 127 118
2.960944 2.366596 -3.429923 131 129 117
2.892522 2.559286 -3.122443 128 126 114
2.338256 2.068687 -3.862985 97 94 85
2.356493 2.338599 -3.428233 183 180 171
2.542634 2.462900 -3.039370 6 8 7
2.540667 2.457539 -3.020944 97 96 94
2.246264 2.222016 -3.606300 143 141 129
2.248932 2.237021 -3.585865 129 127 115
2.199767 2.199621 -3.646484 131 129 118
2.211219 2.238948 -3.575265 164 162 150
2.121094 2.307718 -3.462636 112 109 102
2.047862 2.354909 -3.387499 91 91 83
2.429208 2.959757 -2.493249 128 125 120
1.819559 2.157202 -3.680839 128 126 114
2.121743 2.572478 -3.053540 158 156 141
1.819643 2.204551 -3.607441 142 140 128
2.086199 2.568712 -3.057551 184 182 169
1.767234 2.206931 -3.591946 159 157 145
2.027147 2.600589 -3.007348 190 188 176
2.247124 3.002429 -2.401511 104 101 96
1.852302 2.517853 -3.112802 156 154 142
1.527085 2.355062 -3.355128 145 143 131
1.518116 2.368006 -3.341564 151 148 139
1.616290 2.550371 -3.060659 176 178 165
1.594641 2.551554 -3.057961 177 175 162
1.637474 2.615448 -2.958123 162 160 147
1.475093 2.537043 -3.069946 186 186 174
1.561369 2.665544 -2.879418 180 181 167
1.545673 2.655012 -2.891619 159 160 147
1.535728 2.663176 -2.879952 149 149 137
1.297391 2.419146 -3.240495 145 145 133
1.394359 2.691411 -2.823078 183 183 171
1.402740 2.803018 -2.657209 147 148 134
1.293951 2.840857 -2.589503 178 178 166
1.411853 2.833032 -1.746190 115 114 119
1.318848 2.817043 -1.779934 9 10 14
0.298560 2.241445 -3.465933 118 117 112
1.410763 2.827288 -1.609949 126 60 87
1.183574 2.881454 -1.864219 60 61 63
1.230685 2.870443 -1.789250 4 5 9
0.113771 2.537163 -2.999491 132 133 127
-0.161620 2.204760 -3.506369 134 133 128
0.525547 2.656206 -2.175833 77 77 77
0.743765 2.820278 -1.099949 199 203 204
0.667219 2.782903 -1.139257 70 73 71
0.582694 2.739307 -1.169035 214 211 200
-1.378969 1.903045 -2.989116 201 205 208
0.076628 2.757330 -0.721001 68 7 24
-1.306443 2.345824 -1.798956 227 231 234
-1.331241 2.372490 -1.778770 39 43 46
-1.325882 2.414442 -1.715400 48 49 52
-1.453191 2.217269 -1.983443 212 215 220
-1.470009 2.219146 -1.980450 68 72 75
-1.481459 2.207308 -1.977161 120 123 128
-1.647071 2.239981 -1.969813 212 217 220
-1.636893 2.331681 -1.822604 60 63 64
-1.938843 2.158957 -2.054226 49 52 52
-1.948890 2.156730 -2.052527 209 213 214
-8.776628 11.717467 -3.465120 0 0 0
-1.511169 2.237759 -1.954557 223 224 228
1.461087 1.811685 -4.220792 118 117 107
-1.477873 2.344677 -1.812022 66 67 69
0.782964 2.829878 -1.114160 222 224 226
-0.714533 2.477529 -1.646514 80 0 10
1.036228 2.621813 -2.921525 102 102 94
0.958144 1.850320 -4.123662 108 107 101
1.200586 2.082577 -3.757960 111 109 100
0.823082 2.404112 -3.247062 135 135 123
-0.448197 3.502511 -0.394648 131 64 77
1.536560 2.806542 -1.892586 21 24 33
1.181496 2.885561 -1.840596 4 4 6
1.495117 2.852533 -1.600970 220 227 228
-0.815811 2.209893 -2.710845 72 73 75
2.425519 2.454182 -3.240114 115 115 107
-1.101142 2.376854 -1.759725 209 213 214
-1.237957 2.366730 -1.784563 208 216 219
-1.355446 2.265291 -1.908097 64 66 65
1.550800 2.896023 -1.688120 24 23 28
2.829462 2.267189 -3.572907 167 165 153
1.198944 2.010977 -3.591719 86 87 91
1.586874 2.784185 -2.706203 154 155 141
0.557358 2.663716 -2.118060 35 36 38
-0.742889 2.403206 -1.862511 121 8 40
-1.656740 2.304441 -1.866226 209 213 214
-1.631242 2.314034 -1.842284 209 215 215
-1.632744 2.315201 -1.842082 209 215 215
2.833234 2.274218 -3.565680 166 164 151
2.542833 2.482116 -3.092448 200 200 210
2.543005 2.433248 -3.080463 200 200 210
1.015353 2.579982 -2.929261 158 158 146
1.010382 2.612417 -2.932869 158 158 146
1.227800 2.878912 -1.157283 220 226 225
0.242002 2.756970 -1.403822 118 124 124
2.152793 1.926369 -4.058938 167 165 153
2.590191 2.218611 -3.628464 168 165 156
2.467787 2.320083 -3.462905 154 154 144
2.467568 2.322671 -3.463320 154 154 144
2.245452 2.505134 -3.122615 165 164 153
1.258711 2.685953 -2.831163 149 149 137
1.036368 2.621809 -2.921601 156 156 143
1.391920 2.942177 -2.441338 141 142 128
1.507236 2.887715 -1.682591 102 102 104
0.690056 2.686852 -2.108675 43 45 42
0.310217 2.649491 -1.495040 172 181 184
-1.322360 2.426985 -1.700150 211 215 216
0.370670 0.704470 -1.605822 204 132 49
3.028260 2.312352 -3.523441 170 168 156
2.702368 2.191757 -3.683172 164 161 152
2.616363 2.151548 -3.739219 180 179 174
2.679052 2.189734 -3.682581 167 164 155
2.693315 2.196884 -3.670219 168 165 156
2.586463 2.210395 -3.647588 164 161 152
2.628118 2.259651 -3.570265 145 142 133
2.515622 2.247099 -3.585904 145 143 131
2.612692 2.485732 -3.215148 136 135 130
2.612743 2.484683 -3.214689 136 135 130
2.618451 2.494746 -3.199016 121 118 113
2.618432 2.495876 -3.199302 121 118 113
2.628087 2.507840 -3.182178 124 121 116
2.628083 2.508065 -3.182261 124 121 116
2.162266 2.565965 -3.064910 172 170 157
1.900203 2.558524 -3.052203 188 186 174
1.316770 2.362305 -3.333479 160 160 148
1.434349 2.502453 -3.133738 187 187 175
1.486960 2.874596 -1.702767 121 121 121
1.156994 2.868077 -1.886765 67 67 69
1.307036 2.802174 -1.761122 146 145 150
1.290305 2.846077 -1.223421 223 227 225
0.242982 2.665828 -1.481519 172 183 185
2.919991 2.247673 -3.614475 143 140 131
2.333114 1.927404 -4.079733 131 129 117
2.809600 2.210605 -3.658375 138 138 128
2.807863 2.213940 -3.650612 169 169 159
2.866165 2.251797 -3.596162 138 135 126
2.325170 1.972431 -4.015309 115 115 105
2.141978 1.889696 -4.133186 132 130 118
2.783188 2.235706 -3.616081 141 138 129
2.729703 2.251426 -3.588396 135 132 123
2.637461 2.205738 -3.655261 169 166 159
2.824999 2.324356 -3.478374 136 136 126
2.604886 2.218411 -3.640716 134 132 120
2.623218 2.242559 -3.591970 144 144 134
2.623381 2.242961 -3.592299 144 144 134
2.510370 2.194782 -3.668097 140 140 130
2.550267 2.221871 -3.624917 172 169 160
2.414051 2.213910 -3.628679 175 173 161
2.496947 2.261348 -3.558021 131 131 123
2.494170 2.271811 -3.539938 174 174 164
1.941621 2.007602 -3.935978 121 121 109
1.941621 2.007602 -3.935978 121 121 109
1.655100 1.884882 -4.116944 165 162 153
2.529941 2.355948 -3.409964 178 178 168
2.428834 2.337383 -3.439033 149 149 139
2.524615 2.391346 -3.347494 176 173 164
1.633966 1.914356 -4.057972 133 130 121
1.633342 1.914251 -4.057758 133 130 121
2.291407 2.273012 -3.529519 178 176 164
2.268726 2.274975 -3.523558 148 147 135
2.297503 2.350310 -3.202288 83 84 88
1.814583 2.198064 -3.609921 177 175 163
2.334523 2.465065 -3.099513 129 131 130
2.325918 2.481691 -3.091090 147 149 147
1.218474 2.064135 -3.803798 145 145 135
1.067095 2.060173 -3.780219 132 132 121
1.441424 2.316303 -3.423237 139 140 128
2.135135 3.041848 -2.342168 98 97 92
0.953970 2.409617 -3.254587 165 165 153
1.406010 2.827345 -1.776563 68 69 73
1.525021 2.900333 -1.664645 48 48 48
1.502265 2.892009 -1.672047 55 55 55
1.503931 2.886623 -1.553466 73 80 29
1.234839 2.766630 -1.770955 119 118 123
1.452744 2.839240 -1.579219 245 201 220
1.331518 2.801716 -1.578111 133 75 99
1.331518 2.801716 -1.578111 133 75 99
1.393987 2.822849 -1.527499 163 76 110
1.393987 2.822849 -1.527499 163 76 110
1.386400 2.834163 -1.350381 78 82 81
0.562518 2.734170 -1.292066 211 221 220
0.213731 2.648720 -1.433921 66 72 72
0.762552 3.330562 -0.568690 66 68 67
-1.155415 2.313094 -1.844105 42 46 47
0.280009 3.726524 -0.080641 84 0 22
-0.234037 1.166489 -1.895853 49 50 52
2.918632 2.230715 -3.647721 139 139 129
2.352831 1.924685 -4.076430 160 157 148
2.350379 1.924911 -4.069847 97 94 85
2.840404 2.211833 -3.652293 165 164 152
2.822026 2.210392 -3.652311 174 171 166
2.884063 2.265081 -3.578080 169 167 155
2.872864 2.257815 -3.571334 157 155 143
2.850765 2.258010 -3.587254 131 128 119
2.659832 2.159959 -3.730454 137 136 131
2.646317 2.152575 -3.742115 121 119 114
2.297708 1.964554 -4.020624 165 162 151
2.681358 2.169179 -3.709196 132 129 120
2.721857 2.223485 -3.634084 165 162 153
2.689990 2.204660 -3.658893 163 160 151
2.597982 2.166478 -3.714280 145 145 135
2.954956 2.384290 -3.400895 148 146 134
2.955003 2.382629 -3.400576 148 146 134
2.668398 2.226326 -3.621490 169 166 157
2.605936 2.214898 -3.644534 170 168 156
2.579431 2.215195 -3.637985 170 167 160
2.647697 2.258917 -3.572080 136 136 126
2.613236 2.243003 -3.595197 169 169 159
2.611566 2.247241 -3.583618 123 123 113
2.545071 2.226510 -3.617049 177 174 165
2.831092 2.401045 -3.359464 137 137 127
2.188133 2.072798 -3.847005 173 173 161
2.648589 2.333252 -3.458812 137 137 127
2.648589 2.333252 -3.458812 137 137 127
1.926677 1.933551 -4.026435 166 166 158
2.106558 2.072969 -3.835801 172 170 158
1.642479 1.826345 -4.202636 131 131 121
1.890103 1.970947 -3.986589 143 141 129
2.335030 2.213646 -3.627805 142 139 130
2.335030 2.213646 -3.627805 142 139 130
2.262715 2.196079 -3.646467 144 142 130
2.202784 2.193307 -3.649016 184 182 170
2.200253 2.197856 -3.644992 140 138 126
2.506407 2.485679 -3.226634 116 115 110
2.500449 2.485162 -3.231138 149 148 143
1.427911 1.947192 -3.997571 101 98 91
1.427911 1.947192 -3.997571 101 98 91
2.069763 2.350556 -3.395471 97 97 85
2.047924 2.355738 -3.387585 98 98 86
2.172872 2.577437 -3.058067 141 139 126
1.707016 2.380020 -3.332241 148 146 133
2.015041 2.561564 -3.056748 151 151 139
1.707969 2.432357 -3.243504 192 190 178
1.866793 2.536642 -3.093143 185 185 173
0.673804 1.918782 -4.001015 169 169 160
1.299686 2.426483 -3.237678 182 182 170
1.482917 2.536562 -3.070315 161 161 149
-0.360802 8.794251 -4.693388 170 170 158
-0.360802 8.794251 -4.693388 170 170 158
1.595704 2.659834 -2.890279 155 156 142
1.596764 2.658403 -2.890753 155 156 142
1.583337 2.736649 -2.766282 146 147 133
0.696683 2.264860 -3.453530 157 157 147
1.310954 2.611767 -2.944634 160 160 148
1.420014 2.682025 -2.847097 146 146 134
1.370566 2.673542 -2.850355 168 168 156
1.402513 2.692934 -2.812051 184 184 172
1.388393 2.703802 -2.809260 153 153 141
1.278383 2.691530 -2.828511 155 155 143
1.328709 2.861163 -2.573047 128 129 115
1.422218 2.955375 -2.423355 133 134 120
-0.815685 3.090840 -3.830950 139 138 134
1.232949 2.988902 -2.351752 13 12 9
1.575991 3.475895 -1.621195 58 57 53
1.439801 2.824896 -1.775058 21 22 27
0.734926 3.087962 -2.160201 59 58 53
1.509238 2.889710 -1.676509 107 107 108
1.483173 2.859310 -1.695328 91 91 91
1.317392 2.810727 -1.774425 60 60 62
1.386375 2.844546 -1.717891 52 52 52
1.292802 2.800734 -1.736796 49 49 51
1.441412 2.834205 -1.601157 248 215 231
1.417944 2.827625 -1.613288 239 207 220
1.411429 2.826730 -1.609954 123 62 86
0.501354 2.627493 -2.195849 29 29 27
1.370383 2.812154 -1.545171 178 161 174
1.370383 2.812154 -1.545171 178 161 174
1.385936 2.820371 -1.526760 226 200 213
1.331467 2.791968 -1.551946 225 206 217
1.334702 2.796936 -1.556172 128 91 109
1.334702 2.796936 -1.556172 128 91 109
0.702231 1.579238 -2.162996 56 57 59
1.319567 2.838284 -1.262472 215 221 219
1.281216 2.855253 -1.205620 50 52 48
-0.804827 2.277157 -2.660575 1 3 2
0.812528 2.856066 -1.087655 176 181 185
0.744813 2.810575 -1.149693 213 217 222
0.716440 2.785649 -1.145959 211 215 218
0.611789 2.728165 -1.210551 216 224 226
0.667234 2.782903 -1.139147 97 100 101
0.299901 2.658134 -1.407367 245 249 250
0.300043 2.664375 -1.409037 245 249 250
0.634469 2.779636 -1.137527 189 185 176
-0.377039 2.596969 -1.453783 205 110 28
-0.504819 2.840425 -1.172842 80 3 2
-1.241309 2.453052 -1.648223 212 216 219
-1.460525 2.325158 -1.800270 53 53 55
-1.319355 3.610032 -0.478309 175 123 73
-0.592059 2.452408 -1.669231 116 8 19
1.059338 2.052591 -3.792256 142 141 132
0.447911 2.679171 -1.233935 115 120 123
1.297703 3.009619 -2.964356 182 180 165
-0.734467 2.498629 -1.637859 117 0 16
2.493385 2.253845 -3.569882 159 157 145
2.493487 2.254031 -3.569968 159 157 145
2.077624 2.315352 -3.426033 162 160 148
-0.589924 2.405091 -1.737849 126 0 21
1.884356 2.245583 -3.505125 159 158 146
1.779894 2.253461 -3.518592 119 116 107
1.366808 2.817492 -1.572968 213 208 215
1.366808 2.817492 -1.572968 213 208 215
0.558324 2.634477 -2.144010 44 43 44
2.510626 2.486347 -3.205456 115 112 103
1.171712 2.862151 -1.871971 50 51 53
0.583955 2.739935 -1.303294 225 234 233
-1.299006 2.327675 -1.840935 64 66 65
-1.617684 2.335385 -1.821629 69 73 71
2.621528 2.148034 -3.739312 178 174 173
2.637447 2.170489 -3.719846 152 154 143
1.550551 2.895858 -1.688119 16 19 26
0.292311 2.726418 -1.402075 129 133 134
-1.305330 2.290186 -1.862234 210 214 217
-1.303608 2.289821 -1.862907 210 214 217
-1.379951 2.355045 -1.793353 64 66 65
1.343114 2.045378 -3.546306 73 72 77
1.528157 2.875553 -1.700940 121 121 123
1.423934 2.831884 -1.580891 205 214 216
2.372700 1.962099 -4.031251 149 146 137
2.144322 1.921145 -4.067171 140 138 126
2.562004 2.218829 -3.632237 169 166 157
2.378392 2.260321 -3.547186 150 147 137
1.297557 2.695883 -2.814128 167 167 155
1.297557 2.695883 -2.814128 167 167 155
1.258730 2.685984 -2.831140 151 151 139
1.349399 2.805722 -1.633536 186 126 152
1.350270 2.809775 -1.592126 210 212 217
0.354546 2.573981 -1.473224 132 140 143
2.692402 2.182131 -3.686742 166 163 154
2.592683 2.129238 -3.777645 168 165 156
2.623532 2.155887 -3.732536 183 184 178
2.568182 2.226293 -3.617719 149 146 137
2.539442 2.221212 -3.622212 146 143 134
2.475242 2.269777 -3.545425 166 164 152
2.240858 2.127929 -3.756557 153 151 139
2.241227 2.126658 -3.755443 153 151 139
1.907375 2.643672 -2.927613 181 179 166
1.227029 2.677101 -2.843435 157 157 145
1.438872 2.837018 -1.562405 117 45 74
1.438794 2.837112 -1.562460 117 45 74
1.384151 2.818361 -1.611130 141 66 96
1.384590 2.817751 -1.611026 141 66 96
1.390270 2.822603 -1.518373 153 69 102
1.390270 2.822603 -1.518373 153 69 102
-0.019397 2.399221 -2.291291 130 130 132
0.753342 2.826928 -1.139259 51 51 53
-0.072014 3.511873 -0.430366 68 0 20
2.702723 2.167040 -3.718576 182 179 170
2.661838 2.157853 -3.736391 191 188 183
2.633923 2.198352 -3.668536 176 173 164
2.570682 2.174109 -3.704072 127 125 113
2.570570 2.174061 -3.703637 127 125 113
2.575824 2.218367 -3.631083 150 147 138
2.528083 2.210568 -3.643129 141 138 129
2.514737 2.221526 -3.622102 150 147 138
2.510535 2.258493 -3.565240 167 164 155
2.213956 2.058670 -3.862450 171 168 158
2.189059 2.072085 -3.843343 171 169 157
2.435224 2.297364 -3.502418 152 150 138
2.521770 2.399884 -3.342584 147 145 133
2.277278 2.270812 -3.533710 151 148 139
2.286055 2.280955 -3.515736 146 144 132
1.437921 2.663795 -2.871383 155 156 142
1.438196 2.663442 -2.871261 155 156 142
1.209049 2.676088 -2.852308 159 160 146
0.798545 2.511709 -3.081496 179 179 167
0.695414 2.826262 -2.599530 156 156 146
1.211318 2.875216 -1.885468 62 64 63
1.204034 2.750520 -1.811618 144 144 146
1.363152 2.808493 -1.619650 251 204 225
1.363835 2.810392 -1.619824 251 204 225
1.370003 2.815890 -1.599908 229 205 217
0.622435 2.672590 -2.135115 39 39 37
0.599114 2.771420 -1.317134 1 3 4
0.598207 2.772406 -1.317076 1 3 4
-1.722269 2.230153 -1.963742 211 215 218
-13.560712 17.006588 2.716416 255 221 184
-11.067410 13.251692 1.462075 253 214 173
-0.840159 2.140585 -1.174967 198 126 33
2.820790 2.199195 -3.652977 122 119 110
2.818461 2.209687 -3.658754 122 119 110
2.807667 2.202198 -3.654032 135 135 125
2.347567 1.929140 -4.066551 151 148 139
2.633370 2.155889 -3.739508 157 154 149
2.634061 2.160231 -3.732871 181 182 177
2.745284 2.237510 -3.613470 163 160 151
2.654749 2.184476 -3.708031 169 166 157
2.509240 2.228076 -3.615293 148 146 134
2.231295 2.051631 -3.886587 169 166 157
2.458420 2.206255 -3.646799 141 138 129
2.232088 2.052940 -3.873048 170 167 158
2.047440 1.924350 -4.062535 113 110 101
2.414018 2.214052 -3.628870 176 173 164
2.580877 2.344202 -3.434140 137 134 125
2.082136 2.050097 -3.881410 174 172 160
2.262082 2.197347 -3.646205 156 152 141
2.298437 2.234371 -3.592157 152 149 140
2.428834 2.337383 -3.439033 155 153 141
2.211153 2.201341 -3.637753 174 172 160
2.231614 2.239240 -3.575787 177 175 163
1.792214 2.013096 -3.903593 146 144 133
2.385803 2.436744 -3.277165 129 129 119
2.369196 2.435328 -3.274415 115 115 105
2.144407 2.284054 -3.500624 188 185 176
2.148106 2.285560 -3.495444 155 153 141
1.801490 2.241218 -3.546683 139 137 125
2.218945 2.541225 -3.101591 158 156 142
1.430654 2.020050 -3.875378 142 139 130
1.406103 2.032345 -3.854762 143 140 131
1.919077 2.560186 -3.059829 174 172 160
1.911551 2.560973 -3.056046 126 124 112
2.000498 2.645639 -2.935820 180 178 165
1.436154 2.318942 -3.413759 178 176 164
1.460379 2.370218 -3.328724 166 164 152
1.242718 2.382792 -3.293672 160 160 148
1.583391 2.668644 -2.871243 167 165 152
1.553420 2.662886 -2.881144 163 163 151
1.384699 2.710898 -2.794141 189 190 177
1.279318 2.686748 -2.835773 188 186 174
0.800737 2.418331 -3.221730 139 139 127
0.955835 2.613464 -2.947597 161 162 146
1.266536 3.036377 -2.287490 130 130 120
1.536013 2.890405 -1.678208 2 2 4
1.543017 2.903382 -1.656234 47 47 45
1.373742 2.815007 -1.787657 74 75 79
1.329705 2.795136 -1.819648 11 15 16
1.010622 2.800318 -1.967173 18 19 19
1.397434 2.820030 -1.574569 227 214 223
1.352825 2.811483 -1.598894 226 214 224
1.398669 2.826306 -1.518538 233 212 224
0.527498 2.658258 -2.118376 32 33 35
1.264003 2.860501 -1.190849 221 225 224
-0.829522 2.223011 -2.575320 181 185 184
0.646005 2.765816 -1.155543 209 208 204
-1.151530 2.353601 -1.802485 226 227 229
-0.554581 3.947272 -0.060275 148 139 132
-0.425295 2.766397 -0.668879 98 76 77
2.839873 2.206635 -3.657025 86 83 76
2.661658 2.154889 -3.741877 159 156 150
2.733892 2.227760 -3.619856 164 161 152
2.642709 2.198889 -3.665882 128 125 116
2.635583 2.202497 -3.662044 132 129 120
2.726468 2.270221 -3.556711 127 124 115
2.503032 2.234885 -3.607408 142 140 128
2.503032 2.234885 -3.607408 142 140 128
2.542547 2.267549 -3.550188 147 145 133
1.919251 1.899864 -4.094901 143 140 131
2.388095 2.238429 -3.589079 140 138 126
2.388095 2.238429 -3.589079 140 138 126
2.087303 2.044073 -3.880892 136 134 122
2.319872 2.232141 -3.590474 147 144 135
1.696247 1.822726 -4.210071 153 153 143
1.697969 1.833205 -4.193602 156 153 144
1.690113 1.825534 -4.202311 161 158 149
1.873083 1.961765 -4.007568 144 142 131
1.873083 1.961765 -4.007568 144 142 131
2.208987 2.209409 -3.633730 145 143 131
2.511678 2.486165 -3.208302 109 106 97
1.667623 1.915105 -4.056550 130 127 118
1.890532 2.130885 -3.734691 146 143 134
1.545693 1.900905 -4.065940 129 126 117
1.445089 1.906182 -4.066096 159 156 149
1.733038 2.189246 -3.606606 170 168 156
1.379024 1.999121 -3.907421 140 137 128
1.207288 1.986337 -3.909234 132 129 120
1.207288 1.986337 -3.909234 132 129 120
1.743893 2.396751 -3.295165 121 119 107
1.229875 2.063774 -3.789845 136 136 126
1.934966 2.568462 -3.045876 118 116 104
0.971202 1.949389 -3.967583 131 128 119
0.953986 1.945972 -3.963227 128 128 118
1.846392 2.589565 -3.006728 164 162 150
1.905204 2.637756 -2.937433 160 158 145
1.041212 2.071210 -3.776740 107 107 97
0.806788 1.940132 -3.963193 154 154 146
1.617525 2.539611 -3.077880 188 186 173
1.637831 2.614622 -2.957936 166 164 151
0.951479 2.190211 -3.576958 121 120 115
1.260833 2.434966 -3.220924 184 184 172
1.575845 2.664256 -2.880732 189 187 175
1.598782 2.683708 -2.853407 167 165 152
0.608202 1.998475 -3.867602 137 137 129
1.540057 2.655868 -2.878946 150 151 138
1.440442 2.673726 -2.857419 184 185 171
1.472086 2.742033 -2.755129 154 152 139
1.594147 2.872559 -2.557210 139 137 125
1.423355 2.811449 -2.645570 159 157 144
0.822749 2.404729 -3.246602 146 146 134
0.813722 2.398911 -3.245321 183 183 171
0.943526 2.531032 -3.065680 143 143 131
0.561466 2.391313 -3.250535 136 136 126
0.610621 2.825499 -2.579666 59 59 51
1.538780 2.870304 -1.706564 140 144 147
1.554044 2.904798 -1.671229 9 9 7
1.546536 2.895807 -1.672864 4 6 5
1.424024 2.831317 -1.770907 61 62 64
1.408647 2.820467 -1.786283 15 16 20
1.458176 2.855822 -1.726376 105 106 110
1.363450 2.811874 -1.794420 64 65 69
1.363123 2.813512 -1.794529 64 65 69
1.215331 2.751882 -1.809484 4 4 6
1.405729 2.821720 -1.609205 231 193 210
1.386003 2.815071 -1.621705 247 209 227
1.446941 2.836740 -1.558700 238 207 222
-0.488718 2.397305 -3.191019 123 122 118
0.912066 2.665660 -1.613275 240 208 223
1.251435 2.880495 -1.165227 75 76 71
1.113099 2.966051 -1.023634 227 231 231
0.836844 2.881366 -1.096222 164 168 169
-0.840247 2.083259 -2.630006 65 65 63
0.636441 2.786580 -1.129979 119 121 120
0.211288 2.651601 -1.444077 51 57 57
0.137570 3.163246 -0.786170 9 12 11
-3.917777 4.843020 -1.616479 42 47 50
-1.385057 2.264588 -1.885074 218 222 221
-1.157209 3.818780 -0.569576 170 127 58
-1.602214 2.277205 -1.896973 58 60 59
-1.520251 2.385067 -1.763559 37 41 40
-1.520208 2.384639 -1.763551 37 41 40
-13.320128 16.840010 2.701287 255 214 149
-1.087861 3.412874 -0.532719 89 38 18
-2.969872 4.778670 -1.471854 47 50 53
0.689014 1.943037 -3.957450 121 121 113
0.956183 1.697330 -4.378051 100 98 92
0.447894 2.679127 -1.234004 115 120 123
-0.197871 3.937655 -1.209012 152 160 163
0.478520 3.343928 -0.562805 210 219 226
0.790849 2.867464 -1.142520 178 185 191
-1.405203 2.369884 -1.798005 68 69 71
2.069926 2.347854 -3.396168 105 102 95
1.037828 2.809948 -1.938313 58 59 61
-1.366333 2.273230 -1.905240 70 66 66
2.325006 2.256874 -3.556847 155 152 145
1.191848 2.743249 -1.807615 120 121 125
2.002381 2.622532 -2.965285 172 170 158
-0.343229 3.318304 -0.453492 87 13 30
2.464360 2.258462 -3.566188 171 168 159
1.573494 1.928506 -4.051370 163 160 151
1.144237 2.042058 -3.822834 158 155 146
1.885783 2.549383 -3.067860 145 143 131
1.687871 2.891898 -2.496060 137 138 122
1.176211 2.878072 -1.860398 44 46 48
1.643525 1.919839 -4.048660 165 162 153
0.632849 2.006449 -3.858665 139 139 129
1.433385 2.684528 -2.843982 184 182 170
1.240447 2.878934 -1.166715 215 218 220
0.391672 2.634108 -1.494061 185 190 193
-1.303640 2.481846 -1.651650 65 66 68
-1.303640 2.481846 -1.651650 65 66 68
2.141570 1.881272 -4.146552 140 137 128
2.358137 1.975376 -4.002001 143 140 131
2.143358 1.923331 -4.090156 137 135 123
2.143358 1.923331 -4.090156 137 135 123
2.581401 2.123963 -3.789093 171 168 159
2.176500 2.036715 -3.903441 142 140 128
2.183314 2.066491 -3.861214 170 168 156
1.609296 1.817430 -4.207522 131 131 123
1.912500 1.957434 -4.014594 168 166 154
2.180972 2.072205 -3.844647 135 132 125
2.180972 2.072205 -3.844647 135 132 125
2.475480 2.202724 -3.651298 171 171 161
1.654444 1.884401 -4.116390 164 164 154
2.099627 2.094309 -3.819649 176 174 162
1.476931 1.848943 -4.164825 139 137 124
2.195433 2.198662 -3.637895 173 170 161
1.499316 1.922568 -4.048314 166 163 154
1.439761 1.901196 -4.072215 103 100 93
1.455139 1.947880 -3.993469 145 142 133
2.173556 2.265533 -3.526617 149 149 139
1.429225 1.942423 -3.990533 116 113 104
2.070398 2.350178 -3.395433 104 101 94
2.031421 5.984342 -4.332965 76 77 81
1.933995 2.561189 -3.056626 175 175 163
1.460302 2.403456 -3.273897 160 160 148
0.502330 2.007806 -3.853219 108 106 94
1.939452 2.667192 -2.873571 151 151 138
1.610506 2.535324 -3.083026 151 149 136
1.056714 2.444269 -3.192370 166 166 154
0.292165 2.410836 -3.201048 177 177 167
1.332227 2.790507 -1.808575 75 77 76
1.193380 2.878462 -1.859153 3 3 5
1.031198 2.804002 -1.958402 36 36 35
1.253707 2.873730 -1.808076 42 43 45
1.289525 2.815706 -1.774260 4 4 6
0.597802 2.697929 -2.140976 51 53 50
1.342412 2.798797 -1.629840 226 211 222
1.343568 2.803231 -1.613305 237 208 223
0.340021 3.196276 -0.736107 9 14 11
0.139407 3.157729 -0.776085 222 223 227
2.296873 1.958139 -4.024798 121 118 109
2.323667 1.971286 -4.007261 165 162 153
2.143963 1.959809 -4.035612 136 134 122
2.040581 1.936655 -4.065701 169 166 157
2.048419 1.940127 -4.045227 112 112 102
1.922904 1.899678 -4.124153 141 141 131
2.050414 1.960947 -4.017978 123 120 111
2.257476 2.049412 -3.882810 135 132 123
2.212868 2.052421 -3.881340 173 170 163
2.195789 2.059002 -3.866877 172 170 158
1.754716 1.867089 -4.140993 167 167 157
2.188587 2.064030 -3.866157 142 139 130
2.203565 2.068132 -3.857804 171 168 160
1.655353 1.828918 -4.199916 114 112 103
1.755312 1.879893 -4.126338 138 138 126
2.518334 2.212803 -3.638482 173 173 165
1.908553 1.948321 -4.018406 142 139 130
1.500433 1.810298 -4.199172 167 164 155
2.369391 2.238520 -3.584120 175 172 163
2.353781 2.239894 -3.585996 173 170 163
1.079896 1.716330 -4.353606 138 135 126
2.247607 2.226110 -3.598543 176 173 164
2.229581 2.224674 -3.598395 177 174 165
2.410680 2.318025 -3.467549 147 144 135
1.463990 1.920962 -4.040221 85 82 73
1.457596 1.921050 -4.039572 165 162 153
1.610072 1.996225 -3.932233 146 143 133
1.554946 1.975221 -3.963012 144 141 132
1.858935 2.101753 -3.767787 178 176 164
0.855620 1.677289 -4.402682 128 125 116
2.012358 2.203500 -3.621874 145 141 130
1.435071 1.947612 -3.986598 171 168 159
1.443804 1.956804 -3.976816 149 146 137
1.421016 1.951622 -3.986273 168 165 156
1.422065 1.997378 -3.909496 140 137 128
1.304865 1.951454 -3.977306 140 137 128
1.418707 2.025360 -3.863704 135 132 123
1.356581 2.006346 -3.893438 141 138 129
1.356581 2.006346 -3.893438 141 138 129
1.772316 2.212053 -3.594468 93 91 79
1.772316 2.212053 -3.594468 93 91 79
1.135233 1.931485 -3.988180 131 128 119
2.060852 2.348961 -3.389503 99 99 88
2.060796 2.349549 -3.389610 99 99 88
0.956084 1.872886 -4.087175 133 130 121
0.956172 1.878158 -4.076894 137 134 127
1.410721 2.083637 -3.772572 149 146 137
0.950179 1.981897 -3.905833 148 145 136
0.984572 1.997594 -3.884225 145 142 133
1.110762 2.040684 -3.787158 135 132 123
0.825303 1.957287 -3.943350 119 116 111
0.824690 1.957488 -3.943562 119 116 111
1.536023 2.331330 -3.393066 139 137 125
0.691534 1.963605 -3.921640 104 101 95
1.412700 2.314115 -3.411738 187 185 173
1.868514 2.543619 -3.078990 116 114 101
0.464003 1.988704 -3.882500 96 95 90
1.834139 2.599376 -2.990004 152 152 140
0.462830 2.006749 -3.847177 138 138 128
2.021960 2.705806 -2.833940 162 160 147
2.021960 2.705806 -2.833940 162 160 147
1.254276 2.430769 -3.225399 162 162 150
0.583600 2.157149 -3.608799 126 125 120
0.934486 2.399214 -3.266466 152 152 140
0.422415 2.199081 -3.548587 124 123 118
1.351840 2.620839 -2.928941 163 163 151
1.432535 2.673211 -2.858463 143 141 129
0.329615 2.207535 -3.520747 143 142 138
1.282982 2.701870 -2.808716 186 186 174
0.327953 2.318568 -3.342175 174 174 162
0.299304 2.406940 -3.210071 152 152 140
1.543137 2.877690 -1.696057 9 10 14
1.201762 2.871248 -1.879462 22 22 24
1.535239 2.893210 -1.678251 8 6 9
1.379601 2.832638 -1.776131 9 8 13
1.548002 2.901727 -1.664622 167 169 168
1.276144 2.809279 -1.779954 3 4 6
1.324556 2.797542 -1.745281 115 116 120
1.368355 2.809772 -1.628987 175 144 159
1.350885 2.803958 -1.622916 176 125 148
1.354388 2.809765 -1.598778 230 206 220
0.532948 2.523970 -2.053568 63 64 65
1.256290 2.866131 -1.179968 83 84 86
1.223454 2.893549 -1.145563 216 218 217
0.866949 2.907778 -1.137476 183 184 188
-0.070815 4.006195 0.080791 107 77 75
2.287260 1.962551 -4.022718 168 165 156
1.420382 1.631313 -4.531454 126 123 114
2.541170 2.120272 -3.787310 112 110 98
1.866115 1.860262 -4.168254 162 162 152
2.342382 2.069794 -3.857454 185 182 172
2.044872 1.960008 -4.014820 168 165 158
2.249096 2.051591 -3.882927 135 133 121
2.045842 1.962445 -4.007666 96 93 86
2.238840 2.053987 -3.882006 137 135 123
2.200444 2.061396 -3.860500 123 121 110
1.642479 1.826345 -4.202636 136 133 124
2.180138 2.064322 -3.851222 167 164 154
2.520946 2.218122 -3.631957 136 136 128
2.520990 2.218074 -3.631978 136 136 128
2.088447 2.055707 -3.875555 140 138 126
1.759268 1.919426 -4.056574 143 141 129
1.768365 1.925006 -4.049258 135 133 121
1.768365 1.925006 -4.049258 135 133 121
2.411227 2.207513 -3.642850 175 174 162
2.411227 2.207513 -3.642850 175 174 162
2.491004 2.246315 -3.587481 134 131 124
2.448154 2.252094 -3.572221 144 141 132
1.531946 1.864897 -4.138532 129 126 117
1.531946 1.864897 -4.138532 129 126 117
2.402705 2.253817 -3.587811 172 170 158
2.369381 2.237839 -3.590626 130 130 120
2.262195 2.198002 -3.646676 146 143 134
2.182912 2.194354 -3.642816 145 142 133
2.252708 2.239026 -3.590477 177 174 164
2.237963 2.232782 -3.589785 171 169 157
2.273964 2.262933 -3.561430 175 172 163
2.148111 2.194602 -3.637207 181 179 167
1.502074 1.918015 -4.027743 107 105 93
2.261968 2.263028 -3.547122 180 177 168
0.956852 1.709489 -4.358288 127 124 115
0.956852 1.709489 -4.358288 127 124 115
2.289743 2.288385 -3.505127 150 147 138
2.289743 2.288385 -3.505127 150 147 138
1.323522 1.875043 -4.102692 139 136 127
1.573904 1.999214 -3.928025 141 138 129
2.312814 2.327299 -3.453190 129 126 117
1.377817 1.918035 -4.037546 142 139 130
2.168108 2.271015 -3.523135 148 146 137
2.157440 2.279959 -3.507355 143 142 131
1.293137 1.911588 -4.041383 171 168 159
1.331443 1.929823 -4.013845 104 101 92
1.009505 1.796460 -4.215219 138 135 126
1.416768 1.996336 -3.915752 172 169 160
1.193133 1.906091 -4.050813 150 147 138
1.107194 1.893836 -4.054477 134 131 122
0.952821 1.846502 -4.124286 163 160 152
1.779324 2.212777 -3.593398 172 170 158
1.734747 2.196678 -3.614609 137 135 123
1.734664 2.196415 -3.614354 137 135 123
1.405282 2.127692 -3.702101 138 135 126
0.933432 1.937778 -3.981262 148 145 136
0.704008 1.860689 -4.092967 148 146 134
1.127094 2.045730 -3.819812 117 114 105
1.310441 2.129236 -3.694668 106 107 97
1.138947 2.060674 -3.792131 130 127 118
0.746914 1.915758 -3.995510 137 137 127
0.820392 1.965557 -3.929131 137 134 129
0.820392 1.965557 -3.929131 137 134 129
1.718219 2.380041 -3.322855 132 130 117
0.721461 1.939675 -3.950020 169 167 155
1.743584 2.397460 -3.295749 115 113 101
1.701414 2.390743 -3.309796 179 177 165
0.775983 1.997969 -3.873191 121 120 115
1.701274 2.431552 -3.243086 147 147 135
1.701274 2.431552 -3.243086 147 147 135
1.519538 2.365217 -3.340622 152 150 138
1.610277 2.399248 -3.276061 167 167 155
1.409720 2.322313 -3.404314 160 158 146
0.730921 2.028794 -3.822672 134 134 124
0.755765 2.049684 -3.792138 94 94 84
1.688381 2.465791 -3.192616 159 160 146
1.469278 2.368154 -3.324525 184 185 172
1.460594 2.369557 -3.328193 166 164 152
1.343396 2.326535 -3.402451 164 164 152
1.490234 2.462152 -3.183939 158 158 146
0.422143 2.010699 -3.835610 121 121 111
1.301285 2.427069 -3.237537 182 182 170
1.573925 2.649798 -2.896250 153 154 140
1.544881 2.656270 -2.892006 156 153 144
1.551484 2.659074 -2.887455 192 189 180
1.354947 2.617531 -2.944644 158 158 146
1.166650 2.540031 -3.050609 153 154 140
0.818516 2.411490 -3.236352 190 190 178
1.409000 2.698031 -2.819877 180 178 166
0.363168 2.251083 -3.450703 140 140 132
1.297164 2.690873 -2.828332 180 180 168
1.298262 2.696637 -2.821177 154 154 142
1.267595 2.685049 -2.837660 153 151 138
1.261229 2.678707 -2.841805 185 183 170
0.299493 2.251534 -3.443311 123 122 117
1.382485 2.751997 -2.729058 152 152 140
1.381237 2.760104 -2.729906 152 152 140
1.450817 2.783413 -2.678545 176 176 164
1.300653 2.844189 -2.584789 139 139 127
0.531976 2.542725 -3.010079 148 148 136
1.350544 2.923279 -2.449167 116 114 101
1.350544 2.923279 -2.449167 116 114 101
0.276613 2.594059 -2.921052 135 135 123
1.017704 3.002573 -2.301538 94 94 84
0.809390 2.966151 -2.365174 103 102 97
1.276937 3.183840 -2.051538 85 85 75
1.327576 2.787318 -1.794873 22 23 24
1.344203 2.801021 -1.638304 165 132 149
-6.405226 17.289129 -1.881860 119 119 121
0.918046 2.672896 -1.605312 222 217 223
1.195957 2.913249 -1.112098 215 217 216
1.040869 3.036968 -0.919505 66 68 65
0.239390 2.639698 -1.411017 109 118 117
0.503944 2.669412 -1.267571 168 173 176
-0.546191 2.405667 -1.742407 242 210 222
0.321765 3.201245 -0.728839 7 12 12
-1.295878 2.344785 -1.860316 62 63 66
-0.559765 2.723726 -1.296888 173 126 56
-1.656657 2.502708 -1.838423 49 50 54
0.247383 2.659832 -0.561457 119 78 80
0.217115 2.229817 -1.635824 0 0 0
0.250378 3.618628 -0.301362 69 16 31
0.997132 2.815474 -1.931997 41 42 44
0.281291 3.632731 -0.286146 43 0 12
-0.014927 1.916449 -3.971171 122 123 114
0.330090 2.315372 -3.350683 146 146 135
-0.691547 2.316051 -3.296008 57 56 54
1.361602 2.768523 -1.961254 196 201 196
0.581179 2.779330 -1.362681 224 229 232
-0.602128 3.381929 -0.598958 93 0 12
1.361077 2.831504 -1.757899 120 121 125
1.317824 2.808780 -1.779859 39 40 42
1.255761 2.859286 -1.788319 0 1 3
1.539457 2.665436 -2.877946 151 151 139
1.296180 2.806717 -1.754025 155 156 160
0.452009 2.796532 -1.386550 172 182 183
1.792454 1.777606 -4.274949 152 154 143
0.708141 2.519824 -3.066520 181 181 169
0.614884 2.509010 -3.081463 166 166 154
2.274704 1.946510 -4.038470 137 134 125
2.274704 1.946510 -4.038470 137 134 125
1.570640 1.946024 -4.057814 161 161 151
1.527251 1.925076 -4.044850 167 165 153
1.277769 2.874741 -1.881584 4 6 3
1.130293 2.837244 -1.910992 35 36 37
0.614255 2.752613 -1.155967 154 147 129
0.312773 3.866247 0.024626 68 13 26
0.937373 1.928524 -3.989145 165 162 154
1.278787 2.693511 -2.822314 155 156 142
1.226830 2.677169 -2.843953 152 152 140
1.208403 2.677204 -2.852651 157 157 145
1.687871 2.891898 -2.496060 128 126 114
1.336241 2.803550 -1.805508 68 69 71
1.336318 2.798823 -1.806700 68 69 71
1.004242 2.817009 -1.917871 1 2 3
-1.141444 2.323564 -1.830600 70 71 73
1.779085 1.882403 -4.133751 161 158 149
2.176177 2.037066 -3.903438 140 138 126
2.221954 2.053335 -3.877531 94 91 82
2.221954 2.053335 -3.877531 94 91 82
2.211271 2.056606 -3.871531 95 92 87
2.211271 2.056606 -3.871531 95 92 87
1.700150 1.927611 -4.055533 164 161 154
1.894498 2.136312 -3.726836 151 149 137
0.760046 1.851713 -4.122594 149 146 137
1.148075 2.061129 -3.790467 158 156 147
1.138396 2.067292 -3.775119 144 146 135
1.446273 2.668703 -2.863348 174 174 162
1.403548 2.696044 -2.825498 139 139 129
1.403684 2.696123 -2.825842 139 139 129
0.010491 2.192205 -3.534178 165 164 159
1.302213 2.808711 -1.788012 5 6 8
-1.026852 2.363502 -1.780698 57 61 62
0.714460 3.367282 -0.523685 210 212 211
2.055247 1.966464 -4.005239 162 159 152
1.763106 1.879011 -4.131814 166 163 154
2.179070 2.040068 -3.889398 134 131 122
2.205486 2.055937 -3.877576 169 166 160
1.488482 1.810030 -4.226140 132 129 120
2.074852 2.042456 -3.893677 173 169 160
1.477610 1.847443 -4.164258 132 130 118
1.628447 1.920735 -4.065964 166 164 152
1.461720 1.932005 -4.022305 52 49 42
1.461496 1.932378 -4.022147 52 49 42
1.555298 1.975290 -3.963287 145 142 133
1.548089 1.974788 -3.956978 164 161 152
1.233808 1.985655 -3.914342 114 111 102
1.223966 1.985533 -3.915338 166 163 154
1.227432 1.989159 -3.909042 120 117 108
1.227824 1.989513 -3.910244 120 117 108
0.932355 1.941255 -3.974079 172 169 160
0.383795 1.762437 -4.239159 138 138 130
1.138113 2.054582 -3.805588 156 153 144
0.854350 1.956669 -3.936364 161 158 149
0.337539 1.809507 -4.168528 170 169 164
1.602319 2.552371 -3.054419 136 138 127
1.602216 2.552426 -3.054464 136 138 127
1.414763 2.686589 -2.837551 125 125 115
1.418561 2.691213 -2.828955 176 176 166
1.247490 2.868987 -1.878671 69 71 70
1.202173 2.870104 -1.878911 30 30 32
1.314894 2.808057 -1.790727 45 46 48
1.288247 2.815657 -1.783502 85 86 88
1.317046 2.793066 -1.752474 62 63 67
1.326589 2.814922 -1.734079 33 34 37
0.770401 2.795968 -1.157676 217 225 228
-1.372770 2.420429 -1.711045 230 230 232
-3.329452 4.271812 -0.857519 195 126 77
1.719391 1.778320 -4.278919 131 128 119
1.757215 1.794236 -4.254526 161 161 151
1.842839 1.839434 -4.186803 162 162 152
1.897504 1.873008 -4.132569 107 104 95
1.684950 1.818635 -4.217455 118 118 108
1.714877 1.837628 -4.188311 160 160 151
1.665662 1.827960 -4.207843 167 164 155
1.653870 1.824768 -4.206807 167 164 155
2.220911 2.056224 -3.869489 170 167 160
1.762887 1.905144 -4.098626 140 137 128
1.757936 1.915700 -4.068320 134 131 124
1.662463 1.884626 -4.117913 137 137 127
1.778843 1.928053 -4.050337 117 114 107
1.489801 1.833028 -4.201490 171 169 157
1.439300 1.900114 -4.071733 80 77 68
1.439300 1.900114 -4.071733 80 77 68
1.466749 1.937341 -4.018798 168 165 158
1.150106 1.834412 -4.167608 139 136 127
1.150106 1.834412 -4.167608 139 136 127
1.549269 1.978454 -3.951185 113 110 101
1.549154 1.978428 -3.951086 113 110 101
1.524291 1.973673 -3.962949 130 128 117
0.731263 1.711555 -4.344911 130 127 118
1.428972 1.962995 -3.971579 146 143 135
0.964526 1.810460 -4.189131 161 158 149
0.957842 1.851920 -4.124897 111 108 99
1.351390 1.991179 -3.915198 163 160 151
1.420086 2.028703 -3.867050 127 124 115
0.999822 1.884933 -4.066382 131 128 119
1.293657 1.994001 -3.904768 171 168 159
1.637099 2.126340 -3.722064 148 145 136
1.237495 1.989667 -3.909767 166 163 154
1.084431 1.951108 -3.983288 177 174 165
1.213995 1.991296 -3.904409 173 170 161
1.209241 2.000299 -3.899734 170 167 158
1.192526 2.000438 -3.886387 149 146 137
1.194719 2.008975 -3.884234 170 167 158
0.888481 1.904725 -4.027774 123 120 113
0.984512 1.973227 -3.925355 148 148 138
1.384899 2.129600 -3.701894 132 129 120
0.779225 1.919892 -4.004480 148 148 138
0.883500 1.958341 -3.942162 166 166 156
1.198165 2.074612 -3.767861 152 149 140
1.130566 2.066698 -3.782250 112 112 102
1.087251 2.058138 -3.797975 157 154 145
0.921509 2.007536 -3.862096 145 142 133
0.943076 2.030469 -3.830551 121 121 111
0.763970 1.966401 -3.920991 106 103 96
0.788936 1.980382 -3.904912 145 142 135
1.184380 2.139606 -3.680777 99 101 87
0.853745 2.015000 -3.847791 124 121 112
0.610786 2.002749 -3.862776 117 114 105
1.235214 2.403181 -3.267279 154 151 142
0.518239 2.143680 -3.630291 163 162 157
1.476348 2.516420 -3.104187 154 154 142
1.233830 2.466467 -3.178653 144 144 132
1.455161 2.563635 -3.016512 146 146 134
1.455161 2.563635 -3.016512 146 146 134
1.119465 2.455566 -3.181568 189 189 177
1.120120 2.452748 -3.181756 189 189 177
1.567623 2.661123 -2.885262 156 156 144
1.548041 2.666778 -2.874004 174 174 162
1.546513 2.670006 -2.862263 180 180 169
0.824139 2.400240 -3.246620 134 134 122
0.246890 2.196794 -3.531793 154 153 149
0.086611 2.179483 -3.554178 138 137 132
1.421412 2.680551 -2.846323 140 140 128
0.425219 2.330919 -3.335889 181 179 167
0.035192 2.192870 -3.527126 165 165 157
1.268513 2.682866 -2.837573 149 149 137
1.239217 2.677951 -2.850482 181 181 169
0.368318 2.364614 -3.290306 184 184 172
0.500100 2.423600 -3.203943 164 164 152
0.500100 2.423600 -3.203943 164 164 152
0.763742 2.533029 -3.041694 190 190 178
-0.058346 2.306249 -3.345955 141 140 135
-0.120506 2.289166 -3.353483 157 154 147
1.300643 2.843924 -2.584767 134 134 124
0.361703 2.528167 -3.038348 175 175 163
1.400033 2.938237 -2.440739 127 127 115
1.395458 2.944095 -2.427372 135 135 123
1.394597 2.949061 -2.427551 135 135 123
0.947885 2.880487 -2.510531 125 126 120
0.953593 2.888757 -2.506679 163 164 158
0.610627 2.825476 -2.579654 69 71 60
-0.453432 2.606202 -2.861351 92 93 87
1.395147 2.816263 -1.790051 26 25 31
1.374822 2.825060 -1.768375 164 165 167
0.507215 2.633861 -2.192270 28 28 26
1.232557 2.867205 -1.807865 69 71 70
0.822509 2.839675 -1.113273 206 211 215
0.435233 2.642453 -1.293332 194 198 199
0.624851 2.754363 -1.164970 220 217 207
0.552775 2.741385 -1.167280 217 218 218
0.543624 2.752486 -1.157036 161 161 161
-4.517954 6.969353 -1.040401 54 57 59
-1.077697 2.415092 -1.711245 60 60 60
-1.656657 2.502708 -1.838423 36 40 43
-1.468603 2.359653 -1.789553 63 63 65
-0.791574 2.797305 -1.334389 232 221 197
-0.735376 2.666951 -1.315586 0 0 0
-1.319581 3.668041 -0.422236 97 76 71
-0.514893 2.647560 -1.334567 242 223 198
0.566735 3.610723 -0.308104 79 83 82
0.223719 2.217269 -3.502663 120 119 115
1.090889 2.058067 -3.791710 102 101 96
-0.129365 2.015865 -3.810093 131 132 122
0.303159 1.952593 -3.927733 70 70 63
0.622728 2.005917 -3.859547 138 135 126
0.284738 2.563640 -2.963026 106 106 102
0.284678 2.563965 -2.963041 107 107 102
-1.064182 2.458911 -1.412314 221 226 230
0.497638 12.281223 0.440933 244 249 253
-0.661921 2.331967 -1.840747 127 0 19
1.764432 1.787427 -4.262581 131 128 119
1.197023 2.086801 -3.756128 118 116 110
-0.060181 2.173305 -3.583631 168 168 158
-0.060181 2.173305 -3.583631 168 168 158
0.507830 2.380411 -3.260212 181 179 167
1.126318 2.050775 -3.806430 150 150 140
1.126624 2.050786 -3.806495 150 150 140
0.716893 2.532607 -3.045159 168 168 156
1.002411 2.795820 -1.969733 18 18 20
0.742274 2.729656 -2.042437 35 36 38
1.790634 1.782534 -4.261724 128 128 120
1.527275 1.924927 -4.044642 160 160 152
0.752591 1.964810 -3.945693 160 161 153
-0.883280 2.200231 -2.721730 49 50 54
1.622270 1.914709 -4.046105 158 155 149
0.419531 2.191314 -3.556097 147 147 139
0.417099 2.195882 -3.557602 147 147 139
1.396917 2.723170 -2.779759 148 148 138
1.396070 2.723284 -2.780212 148 148 138
1.091689 2.635331 -2.900090 153 153 143
0.605553 2.647208 -2.144071 44 46 45
0.677132 2.802607 -1.278356 149 155 155
1.502034 1.974022 -3.958203 143 141 131
1.252525 1.981585 -3.922615 163 160 150
0.669960 1.947548 -3.946694 160 157 148
1.386623 2.705880 -2.808803 145 145 135
0.329272 2.579801 -2.954098 167 167 155
0.468023 2.638983 -2.188452 31 34 33
-0.570353 2.274666 -2.637468 74 74 76
0.314088 3.240711 -0.821516 1 5 7
0.087275 3.754639 -0.011037 100 79 78
-0.283172 5.191348 1.194784 164 161 152
1.469236 1.823606 -4.196464 133 133 121
1.471905 2.094316 -3.761621 142 142 130
0.934082 1.935959 -3.980707 147 144 135
0.026347 1.685033 -4.353884 165 165 157
0.995301 1.968417 -3.930627 145 142 133
1.229079 2.060732 -3.789376 137 137 127
1.128594 2.043054 -3.819043 115 114 104
0.795176 1.967890 -3.921884 161 158 149
0.599297 1.989157 -3.880315 148 148 138
0.745736 2.033847 -3.810848 105 105 95
0.599528 1.993643 -3.872603 117 117 107
0.624447 2.004273 -3.858903 138 138 128
0.302693 1.951228 -3.935295 162 161 156
0.150374 1.913295 -3.985097 136 135 130
0.463201 2.008259 -3.847582 150 147 138
1.530944 2.340509 -3.369619 147 147 137
1.235612 2.402800 -3.268148 149 150 139
1.233401 2.406241 -3.251169 151 151 141
1.079526 2.435112 -3.208919 154 154 144
0.979720 2.412108 -3.239070 150 150 140
1.031861 2.434652 -3.209315 150 150 138
0.171897 2.176400 -3.550448 155 154 149
0.055093 2.190401 -3.534469 162 162 152
0.573303 2.395197 -3.249860 179 179 167
1.411843 2.679420 -2.846083 169 170 162
0.253668 2.327864 -3.334321 150 150 138
0.254838 2.321875 -3.333409 150 150 138
1.412994 2.726493 -2.756026 172 173 165
0.617011 2.499903 -3.086445 157 157 145
0.483503 2.721827 -2.740911 141 141 131
0.667768 2.818411 -2.595467 127 127 117
0.667762 2.818370 -2.595435 127 127 117
1.205404 2.875344 -1.866577 39 40 42
0.835667 2.863302 -1.191582 169 173 174
0.033796 2.608012 -1.501324 222 226 225
-1.004535 2.306995 -1.796671 39 43 44
-0.999660 2.283607 -1.803634 39 43 44
0.401205 3.078788 -0.847966 25 31 31
1.821777 1.828633 -4.215823 161 161 151
1.685020 1.819438 -4.217198 125 125 115
1.683065 1.821048 -4.210951 157 157 147
1.498153 1.830737 -4.199116 166 163 154
1.488938 1.830776 -4.200215 164 161 152
1.511243 1.918534 -4.049178 155 154 146
1.482889 1.936205 -4.026930 170 167 158
1.469510 1.930978 -4.024981 157 154 145
0.989107 1.903585 -4.029874 165 163 151
0.995041 1.906336 -4.025495 140 138 126
0.060241 1.655009 -4.403825 146 143 137
0.985331 1.935504 -3.986930 140 140 130
0.985331 1.935504 -3.986930 140 140 130
0.888256 1.907048 -4.027851 126 126 116
0.836166 1.893005 -4.047060 145 145 135
1.201568 2.007855 -3.880369 139 139 127
0.979316 1.951726 -3.951388 172 169 160
0.978685 1.953324 -3.951810 172 169 160
0.959888 1.954505 -3.950996 174 171 162
0.883176 1.959024 -3.942645 168 168 158
0.840574 1.964684 -3.929647 137 134 125
1.178174 2.076790 -3.763930 113 111 102
0.544355 1.894170 -4.026134 125 125 115
0.765207 2.003090 -3.868968 145 145 135
0.598216 2.007330 -3.845851 117 117 107
0.680346 2.049370 -3.797669 131 131 121
0.436821 2.002006 -3.855110 118 118 108
0.303123 1.966497 -3.908887 159 159 149
0.031164 1.914821 -3.960570 159 158 153
0.611549 2.170695 -3.596896 126 123 118
0.528673 2.171318 -3.589823 131 128 123
0.475468 2.165563 -3.591144 150 149 144
1.448717 2.493770 -3.137820 142 142 132
1.006821 2.372078 -3.298414 139 139 128
1.011469 2.402702 -3.261087 124 124 114
0.668640 2.311700 -3.382727 161 161 149
0.188632 2.196369 -3.529683 129 129 121
0.219658 2.214177 -3.496006 151 148 143
0.267764 2.245075 -3.458448 155 155 145
1.537625 2.665690 -2.873713 167 170 161
0.020196 2.193060 -3.529469 119 119 109
0.542067 2.359730 -3.296561 152 152 140
0.773419 2.438673 -3.192267 143 143 133
0.773419 2.438673 -3.192267 143 143 133
0.524376 2.367583 -3.289836 160 158 146
0.108820 2.232176 -3.470308 152 152 142
0.507663 2.357577 -3.294311 171 171 159
0.266225 2.294847 -3.388619 166 166 156
0.753913 2.456103 -3.167314 183 183 171
0.327393 2.319192 -3.343233 175 175 163
0.294140 2.315453 -3.354341 134 134 122
1.425923 2.683145 -2.839522 168 168 160
-0.122404 2.202450 -3.512414 145 145 137
1.381650 2.704728 -2.801031 148 148 138
1.092265 2.625669 -2.922868 149 149 137
1.394013 2.727982 -2.764627 172 174 163
0.122659 2.326608 -3.324612 153 153 143
-0.436276 2.198400 -3.498227 145 142 135
0.452448 2.484831 -3.101845 184 184 174
-0.114923 2.311609 -3.346391 154 154 146
1.412047 2.784395 -2.660838 165 165 155
-0.089048 2.329172 -3.311559 165 165 157
0.268929 2.510321 -3.052127 171 171 159
0.299187 2.534588 -3.017222 149 149 137
0.249553 2.575788 -2.957907 129 129 117
0.203499 2.571876 -2.953668 162 162 152
-0.509225 2.387599 -3.199028 106 103 98
0.948808 2.878114 -2.510459 122 124 113
-0.057435 2.575700 -2.944589 133 133 121
0.553593 2.853427 -2.536602 111 112 105
0.756320 3.076890 -2.179988 60 59 54
1.210101 2.851703 -1.897625 30 33 32
-0.560549 2.273975 -2.643871 28 28 28
-0.632093 2.256296 -2.654836 31 31 31
0.696948 2.791774 -1.133839 176 182 179
-1.047428 2.478272 -1.631525 233 234 236
-1.506507 2.369185 -1.781811 36 38 38
0.294439 3.261735 -0.761889 5 6 8
-2.474363 7.745493 -0.740911 71 0 13
-0.818643 3.245263 -0.608425 110 27 43
-1.565433 2.217733 -1.977313 222 223 225
-0.644597 2.268584 -2.637033 22 23 25
0.112300 2.536704 -2.998964 130 131 122
0.496371 2.359692 -3.293299 131 131 121
-0.741391 2.036618 -3.746484 137 136 128
0.302012 2.288568 -3.391204 165 163 157
-0.904760 2.064068 -3.692222 104 106 97
-0.929470 2.448579 -2.201292 0 0 0
-0.161109 3.011542 -0.980828 204 214 216
-0.499956 2.353897 -3.284811 125 124 119
-0.638563 3.478759 -0.472260 90 0 15
-0.512482 2.682707 -2.739710 94 93 88
1.048331 3.170543 -2.068574 84 83 78
1.271294 2.121332 -3.702458 98 97 92
-1.546391 2.345495 -1.817135 213 218 222
0.506377 2.625753 -2.169416 41 41 41
-0.657124 2.320508 -1.845464 129 0 18
-0.656870 2.320393 -1.847919 129 0 18
-1.064477 2.389620 -1.744978 63 61 62
-0.593246 3.361390 -0.621630 93 0 8
-1.354579 2.429242 -1.697847 64 64 66
0.222426 3.646980 -0.281959 0 0 0
0.468295 2.001913 -3.869937 138 141 130
-0.441258 2.161568 -3.531266 158 158 148
-0.441258 2.161568 -3.531266 158 158 148
1.162703 2.844651 -1.903458 34 36 35
-0.016035 2.673460 -1.456105 215 224 223
1.450161 1.910357 -4.062633 140 139 134
1.451111 1.910051 -4.063173 140 139 134
0.195053 1.669781 -4.404829 163 163 153
0.174303 1.791837 -4.180203 150 150 142
0.174303 1.791837 -4.180203 150 150 142
0.793720 1.968379 -3.929533 149 149 141
1.180987 2.076205 -3.770556 106 105 100
0.153042 2.140581 -3.620575 165 165 153
0.996918 2.371577 -2.918399 155 156 151
0.996918 2.371577 -2.918399 155 156 151
-1.281665 2.049866 -2.944856 88 89 83
1.027233 2.820601 -1.923596 39 40 42
1.094822 2.837409 -1.894178 34 35 37
-1.509937 2.189326 -1.998328 88 89 91
0.793560 2.848513 -1.123344 81 83 82
1.661355 1.924614 -4.051615 144 141 132
1.662702 1.925318 -4.052703 144 141 132
1.622909 1.917223 -4.047284 140 139 134
1.003137 1.798787 -4.213202 131 131 121
0.741238 1.964621 -3.920021 152 152 144
1.005804 2.412487 -3.238061 163 164 159
1.177407 2.849317 -1.863013 37 38 40
1.644129 1.913839 -4.057157 118 117 112
1.501689 1.974443 -3.958287 122 121 116
1.317159 1.961028 -3.982703 152 151 146
0.057833 1.709647 -4.318484 163 160 153
1.166759 1.941246 -3.987225 150 148 141
1.266941 1.976640 -3.933628 153 150 145
0.653243 1.963735 -3.915705 105 105 97
0.615160 1.959876 -3.919975 149 149 139
0.107284 1.952484 -3.917086 140 140 130
0.470367 2.034850 -3.807084 111 111 99
0.256566 1.986788 -3.852284 129 129 119
1.527229 2.365949 -3.334716 165 164 160
1.039525 2.436315 -3.214818 167 168 162
1.039398 2.436121 -3.214838 167 168 162
-0.652264 2.252701 -2.663467 26 26 24
0.907225 2.666715 -1.604272 134 76 100
-1.678610 2.220154 -1.976320 234 235 240
0.290949 3.782819 -0.038850 95 28 45
1.493643 1.811921 -4.217245 141 141 134
0.964278 1.743395 -4.295339 151 148 143
-0.387331 1.482775 -4.650559 162 162 152
1.471290 1.925734 -4.033701 152 151 146
1.456194 1.925470 -4.032153 147 146 144
0.956469 1.967784 -3.931442 155 155 145
1.097794 2.025508 -3.839945 143 142 137
1.232545 2.063378 -3.797335 145 145 137
1.181652 2.046828 -3.807242 122 121 116
0.788047 1.974456 -3.910802 154 154 144
1.168372 2.062032 -3.792052 141 140 135
1.163318 2.064622 -3.786926 107 106 101
0.690786 1.965213 -3.922575 93 93 85
1.125275 2.065034 -3.789412 137 134 129
1.097857 2.064198 -3.787017 128 127 122
1.027459 2.064351 -3.777181 117 117 107
0.707600 2.018319 -3.779278 118 118 106
0.453728 1.997735 -3.844793 139 141 130
1.444918 2.304937 -3.422393 127 126 122
1.444119 2.308665 -3.421897 127 126 122
0.168408 2.184408 -3.552727 152 152 147
-0.012850 2.159342 -3.579973 172 172 162
1.078859 2.428458 -3.222778 137 136 131
1.010071 2.416704 -3.229770 168 169 163
1.018055 2.428387 -3.217374 146 147 141
0.413526 2.310589 -3.361628 170 170 160
0.458323 2.345317 -3.319268 131 131 121
0.474419 2.348162 -3.307002 132 132 122
-0.820730 1.698991 -3.515558 83 87 90
-0.910624 1.692153 -3.485768 74 75 79
-0.646766 2.253105 -2.670435 48 48 48
-0.580748 2.267123 -2.642437 64 64 64
-0.767577 2.294665 -2.639501 18 19 21
0.897795 2.663204 -1.609230 217 201 211
0.352247 2.642341 -1.496204 170 178 181
0.235364 2.622999 -1.418369 136 140 141
0.637023 2.767133 -1.148896 110 106 94
-0.284752 4.090289 0.066401 99 73 72
0.485815 1.484853 -4.690951 105 102 93
0.485815 1.484853 -4.690951 105 102 93
0.191558 1.455395 -4.720576 103 103 93
0.194904 1.438689 -4.707870 103 103 93
1.708491 1.832615 -4.199439 148 147 142
1.708491 1.832615 -4.199439 148 147 142
1.703998 1.829018 -4.193150 103 102 97
1.654636 1.824131 -4.206409 149 148 143
1.461087 1.811685 -4.220792 113 113 103
0.454378 1.627812 -4.465100 135 135 125
-0.095506 1.551582 -4.572638 139 136 127
0.052043 1.577453 -4.517599 141 141 131
1.406974 1.888705 -4.097307 154 153 148
1.399993 1.884857 -4.095882 112 111 106
0.498367 1.718589 -4.325619 136 132 123
0.498367 1.718589 -4.325619 136 132 123
1.464350 1.920833 -4.039899 61 60 56
0.050413 1.649684 -4.415294 169 169 160
1.459399 1.938406 -4.011755 99 98 93
1.321060 1.965815 -3.953953 161 158 153
0.707212 1.844616 -4.112157 162 162 152
1.097237 1.942799 -3.975610 131 130 125
0.960702 1.927384 -3.999272 154 154 144
0.967500 1.951981 -3.961648 161 161 153
0.951424 1.953095 -3.954688 125 125 115
1.201772 2.007502 -3.880361 120 117 110
0.667908 1.895254 -4.011445 136 136 126
0.796310 1.962288 -3.940480 76 76 66
1.207145 2.053741 -3.804133 153 152 147
1.203910 2.052474 -3.799122 126 125 120
1.229309 2.060688 -3.789522 122 122 114
0.392855 1.954543 -3.927502 127 127 117
0.467254 1.982049 -3.889636 149 151 140
0.618031 2.029909 -3.813295 128 128 118
0.983988 2.206536 -3.563881 115 114 110
0.599702 2.172281 -3.596059 140 139 134
-0.065202 2.027199 -3.595742 172 172 164
-0.313950 1.707044 -3.599102 76 77 81
0.032468 2.184144 -3.551723 166 166 156
1.009146 2.408884 -3.242445 169 170 164
-0.346149 1.751016 -3.585877 85 84 89
1.079544 2.434733 -3.209197 143 144 138
0.837533 2.398930 -3.255851 144 145 134
0.837852 2.398674 -3.256005 144 145 134
0.813427 2.404218 -3.238402 123 121 109
0.425412 2.323292 -3.342710 134 134 124
0.320165 2.310842 -3.357486 138 138 128
0.523646 2.371195 -3.283045 167 167 157
0.299343 2.324679 -3.341042 166 166 156
-0.964227 2.065174 -3.688052 123 123 111
0.411617 2.366116 -3.290967 146 143 134
0.411617 2.366116 -3.290967 146 143 134
0.712902 2.531670 -3.052464 144 146 135
-1.036003 2.201002 -3.478796 139 139 129
-0.141527 2.459816 -3.099083 171 171 159
0.711861 2.807189 -2.620294 111 112 104
0.217968 2.702107 -2.749902 113 113 103
0.758078 3.084827 -2.170751 80 79 74
0.747459 3.086199 -2.170974 53 52 47
-1.302448 1.947165 -2.836025 82 82 84
0.901714 3.158472 -2.063603 38 39 34
-1.128344 2.191910 -2.741447 0 0 0
0.511592 2.706881 -1.333388 212 222 221
-0.376528 2.530237 -1.587069 167 101 51
-5.104825 11.044887 0.067888 45 46 48
-1.459964 1.928996 -2.030108 222 223 227
-1.275710 2.296513 -1.838061 49 53 58
0.081309 2.594573 -1.402832 174 179 182
0.515109 2.675043 -1.260317 172 178 178
0.505726 2.671798 -1.258227 212 218 218
-1.641550 2.263505 -1.903305 52 52 52
-1.101614 2.419177 -1.706346 219 227 229
-1.348287 1.886564 -1.954636 218 222 225
0.739749 2.818561 -1.130947 49 51 50
-1.164319 2.420604 -1.709372 41 45 46
0.695339 2.788149 -1.136357 176 180 179
-1.519515 1.960723 -1.940007 228 232 233
0.414633 2.902502 -0.923276 220 225 229
0.402625 3.121639 -0.819425 32 36 39
0.325902 3.806214 -0.021418 117 51 65
4.526321 21.492420 -6.017349 229 225 226
0.961682 1.665830 -4.430893 153 153 145
-1.359587 2.280142 -1.867661 46 50 52
0.194935 1.668796 -4.392467 96 95 88
0.016355 1.684408 -4.354753 75 75 69
-0.245532 1.593316 -4.494103 70 70 67
0.076348 1.684734 -4.363003 96 95 90
-0.458960 1.972423 -3.863317 126 126 116
0.216424 3.749447 -0.125529 96 0 23
-1.385414 2.348998 -1.796059 65 65 65
-1.387342 2.349255 -1.796261 65 65 65
0.132303 2.256669 -3.492683 130 127 120
0.264639 2.617813 -1.478342 137 145 148
0.294756 3.264168 -0.809833 0 2 1
0.238498 3.257083 -0.748100 35 35 37
0.206757 2.206101 -3.534352 147 146 141
0.444613 2.626039 -2.164370 29 30 32
0.592707 1.634883 -4.462406 130 130 120
0.276975 1.602330 -4.503177 60 57 52
-1.496532 2.211766 -1.988394 82 83 88
0.291913 3.283772 -0.771469 23 25 24
1.252467 1.976699 -3.935580 130 127 120
1.252486 1.975484 -3.935190 130 127 120
1.192017 2.073157 -3.779966 148 145 136
0.645807 1.961563 -3.924463 157 154 149
0.563150 2.026015 -3.811398 136 133 124
0.485086 2.012741 -3.826791 134 131 122
1.012945 2.393998 -3.268236 112 111 106
-0.035857 2.279615 -3.392704 134 134 126
-1.144842 2.329016 -1.830436 62 66 69
0.953832 1.631872 -4.480307 121 118 109
0.956436 1.678674 -4.406710 113 111 99
0.956436 1.678674 -4.406710 113 111 99
-0.112825 1.564522 -4.547869 157 154 145
1.044073 1.844178 -4.140203 130 130 120
0.529883 1.733538 -4.294010 162 159 152
0.395313 1.785229 -4.210369 145 142 137
0.954336 1.927056 -3.995719 113 113 103
0.094606 1.725586 -4.292158 163 162 157
0.803862 1.925483 -3.992489 164 161 154
0.849884 1.953823 -3.945798 115 112 103
0.849853 1.954398 -3.945980 115 112 103
1.149129 2.061852 -3.791380 141 140 133
0.612924 2.040294 -3.802732 136 133 124
-0.916383 2.051871 -3.683092 114 114 104
-0.319384 2.230837 -3.461337 133 132 127
-0.319384 2.230837 -3.461337 133 132 127
-0.978175 2.149886 -2.734671 23 24 26
0.380320 3.122978 -0.801174 36 37 35
0.368651 3.185544 -0.749272 14 16 15
0.786816 1.597501 -4.532938 128 125 116
0.955144 1.663672 -4.433026 113 113 105
0.453214 1.547322 -4.597117 81 78 71
0.136153 1.472335 -4.697432 128 125 116
-0.043223 1.428365 -4.755746 127 127 119
0.575307 1.624254 -4.478259 128 125 116
0.135894 1.521543 -4.625154 134 131 122
0.957426 1.727845 -4.324845 122 119 110
-0.089977 1.549794 -4.561715 154 154 146
0.958124 1.810319 -4.190068 119 119 109
0.957876 1.809330 -4.189451 119 119 109
0.965208 1.817298 -4.182281 155 155 144
0.515270 1.748719 -4.264707 143 140 131
0.956130 1.877058 -4.076637 127 124 117
0.517487 1.794206 -4.196133 142 139 130
0.383798 1.762264 -4.239420 138 135 130
0.097155 1.701017 -4.338020 165 163 151
0.517270 1.802550 -4.185816 146 143 134
0.517270 1.802550 -4.185816 146 143 134
0.956081 1.916261 -4.012720 140 138 126
-0.026160 1.689304 -4.350553 162 162 152
0.867014 1.907464 -4.025387 122 122 112
0.918723 1.939123 -3.980452 131 131 121
1.174384 2.009185 -3.873327 120 117 108
0.949800 1.967787 -3.930500 116 113 104
0.949889 1.965764 -3.930163 116 113 104
-0.092028 1.723467 -4.282551 145 144 139
-0.039140 1.761191 -4.227210 150 149 144
0.106959 1.794440 -4.167711 134 133 128
0.943517 2.020219 -3.843426 114 114 104
1.066248 2.063070 -3.782594 122 122 114
0.782020 1.995463 -3.882975 119 116 109
0.764017 2.005245 -3.862346 110 110 100
0.619762 2.005238 -3.858767 136 133 124
0.577929 2.027283 -3.825754 137 134 125
-0.153225 1.905234 -3.978485 136 135 130
-0.400480 1.912292 -3.944545 139 140 134
0.526174 2.174622 -3.578450 121 120 115
0.463547 2.180678 -3.567509 119 118 113
1.025042 2.396253 -3.266999 167 166 161
0.102999 2.155154 -3.594826 135 135 123
-0.024831 2.145223 -3.608790 167 167 157
0.998388 2.416214 -3.227541 144 144 136
1.031844 2.434537 -3.209492 146 146 138
0.087588 2.219460 -3.495798 132 132 120
0.479844 2.341129 -3.312736 174 174 162
0.524694 2.373615 -3.274275 132 132 120
0.614925 2.496392 -3.086162 156 156 146
-0.089404 2.327156 -3.315710 166 166 156
-0.109049 2.364485 -3.262201 151 151 140
0.890580 3.162835 -2.054659 32 31 26
0.328235 3.303038 -0.730491 7 5 6
0.738961 3.350977 -0.550428 211 212 214
-0.576485 3.944839 -0.070418 151 139 131
-0.284670 5.207321 1.197753 169 166 161
1.117448 1.614496 -4.483339 114 114 102
0.962658 1.664602 -4.430830 152 152 142
0.962277 1.668799 -4.421056 150 150 140
0.758156 1.634654 -4.481521 121 118 109
0.579966 1.597335 -4.513114 131 129 122
0.492584 1.710784 -4.331693 123 120 111
-0.122241 1.561908 -4.546278 158 155 146
0.523921 1.728706 -4.299696 163 160 155
0.083544 1.640901 -4.431837 162 161 156
1.085300 1.908460 -4.034099 104 104 94
0.067993 1.661896 -4.391278 133 132 127
0.074468 1.687698 -4.354831 163 162 157
0.081037 1.699843 -4.344949 110 107 100
1.097485 1.943151 -3.975455 137 134 127
0.038415 1.685107 -4.348908 143 142 137
0.093963 1.704661 -4.328841 168 166 154
0.058970 1.713671 -4.311752 140 137 130
0.690075 1.866979 -4.078668 138 135 126
0.083264 1.726931 -4.290507 113 110 105
1.007219 1.951272 -3.957853 96 93 88
1.007219 1.951272 -3.957853 96 93 88
0.980026 1.949854 -3.962298 155 152 145
0.967651 1.951512 -3.961414 165 165 157
0.755471 1.916295 -3.998991 146 143 134
0.755981 1.920072 -4.000140 146 143 134
0.138894 1.779087 -4.201162 121 120 115
0.796110 1.957559 -3.938693 80 77 70
0.779513 1.958102 -3.925030 136 133 124
-0.423692 1.675161 -4.347017 132 131 126
0.684890 1.955932 -3.936678 158 158 150
0.665711 1.953386 -3.941562 162 159 152
1.069993 2.057060 -3.789237 103 103 94
0.702563 1.967193 -3.925407 91 90 84
0.701963 1.961424 -3.922858 91 90 84
1.060762 2.060249 -3.788912 88 88 80
0.696032 1.966975 -3.918173 162 162 153
0.020353 1.834092 -4.103892 167 166 161
-0.002793 1.830577 -4.103014 168 167 162
0.590125 2.021148 -3.826196 101 101 91
0.451482 1.998267 -3.857585 152 152 144
0.180116 1.954784 -3.915366 134 134 124
0.502786 2.034594 -3.799510 114 112 100
-0.128872 1.907680 -3.978493 155 155 147
-0.263809 1.924166 -3.951256 127 128 122
-0.263474 1.923476 -3.951682 127 128 122
-0.325357 2.011220 -3.807112 160 160 150
0.407830 2.193518 -3.544230 122 119 114
0.111274 2.152657 -3.600196 172 172 162
0.247377 2.203746 -3.534132 157 153 150
0.163543 2.186568 -3.555619 157 157 149
-0.032735 2.151715 -3.611962 168 168 158
0.032522 2.171712 -3.570942 146 143 134
-1.305881 10.321825 -5.267514 154 153 148
0.337564 2.272748 -3.419827 166 164 156
-0.178711 2.149883 -3.597230 142 142 132
0.813551 2.403310 -3.238253 126 126 118
0.125552 2.228763 -3.478455 145 142 135
0.283949 2.282448 -3.398139 143 140 131
0.283369 2.287223 -3.398861 143 140 131
0.793165 2.423495 -3.212208 131 133 122
0.782764 2.432003 -3.199606 127 127 117
0.239612 2.289022 -3.395630 144 144 134
-0.322725 2.148559 -3.579636 137 137 127
0.317207 2.316271 -3.350646 175 172 165
0.255788 2.305280 -3.366137 149 149 137
0.315244 2.323528 -3.343879 142 139 130
0.754009 2.445262 -3.173497 136 136 126
0.753996 2.441761 -3.173125 136 136 126
0.083262 2.268829 -3.414036 136 136 126
-0.428606 1.736745 -3.550524 76 80 83
0.745818 2.453191 -3.166917 144 144 134
0.291848 2.341983 -3.316431 144 144 132
-0.296360 2.204640 -3.491560 162 161 155
0.303787 2.375634 -3.261378 161 159 147
0.138991 2.405018 -3.212226 179 179 167
0.436618 2.485670 -3.095180 176 176 166
-0.731662 2.193637 -3.465885 139 139 131
-1.042609 2.201939 -3.473185 108 109 102
-0.675571 2.317810 -3.294087 105 104 99
-0.691588 2.316223 -3.296317 96 95 90
0.759250 2.793867 -2.633181 149 149 139
0.749452 2.797021 -2.636204 124 124 114
0.009154 2.468562 -2.384526 30 30 30
0.914698 2.666717 -1.595919 213 205 212
0.272264 2.619571 -1.319025 223 228 231
-1.498730 2.260096 -1.922193 50 54 57
-1.529676 2.250362 -1.931304 44 46 48
-1.183514 2.411824 -1.711955 220 225 228
0.289066 3.291003 -0.759888 41 43 40
0.286473 3.740499 -0.082934 113 17 44
0.265704 3.936477 0.085627 82 48 49
0.209604 4.047635 0.159900 153 143 136
-0.324533 5.224973 1.236156 175 172 163
-0.324533 5.224973 1.236156 175 172 163
-1.688849 2.258574 -1.858517 0 0 0
-0.774251 2.413102 -1.716739 94 33 46
-0.638932 2.614000 -1.423941 207 217 219
-1.261647 1.801682 -3.319688 149 150 155
-0.897428 1.686040 -3.491263 71 75 76
-1.700042 1.720664 -3.265086 13 15 17
-1.389287 1.901539 -2.986939 71 71 72
-2.265357 2.438446 -3.024679 88 87 77
-1.471317 1.905233 -2.945337 107 106 109
-0.122419 3.394807 -0.738494 208 213 216
-1.336399 1.850711 -3.327709 147 150 158
-0.986209 1.661861 -3.445431 37 41 50
-0.732304 2.251273 -1.773157 122 25 44
-1.782749 2.269402 -1.913572 192 196 205
-2.729573 2.300247 -3.211450 116 115 112
-2.194600 2.474077 -2.956384 165 182 5
-1.914705 1.745551 -3.064540 198 207 206
-1.875711 2.165884 -2.046287 193 198 202
-1.469674 2.350886 -1.806064 67 69 71
-1.367220 2.434226 -1.690695 93 94 96
-1.405662 1.905185 -3.090185 116 114 115
1.359565 2.784347 -1.853449 34 38 41
-3.315745 2.070053 -3.548775 110 106 105
-2.316130 2.441459 -3.017477 170 189 20
-1.883018 1.778253 -3.112701 117 119 118
-1.684227 2.145479 -2.077764 60 61 63
0.361640 3.247302 -0.814858 4 5 7
0.360887 3.245976 -0.814805 4 5 7
-3.650710 2.091462 -3.479326 149 169 0
-2.558326 1.425786 -4.595396 117 116 111
-3.122082 2.091349 -3.520035 137 136 131
-2.720129 1.979489 -3.730883 135 134 129
-2.490826 2.152683 -3.462212 95 94 89
-2.315519 2.342940 -3.166718 80 80 72
-1.100843 1.794244 -3.363452 71 73 70
-1.456124 1.909598 -2.956100 45 45 45
-1.590062 2.192718 -2.010309 202 205 206
-1.505407 2.368292 -1.780875 44 46 45
0.199568 2.638757 -1.462463 24 28 31
1.391612 2.574621 -2.101489 105 109 110
1.526616 2.880089 -1.699447 128 129 134
-2.993305 1.559015 -4.357173 138 137 132
-3.642827 2.061944 -3.525543 155 175 0
-3.244341 1.773263 -4.005709 104 103 99
-3.259459 1.826312 -3.935183 113 112 107
-3.558840 2.047173 -3.558960 94 100 41
-3.437264 2.063740 -3.551192 100 99 95
-3.437010 2.065072 -3.551545 100 99 95
-3.050049 1.807652 -3.975438 109 109 97
-3.125453 1.998658 -3.667603 111 110 105
-2.750784 1.722109 -4.119009 117 116 111
-2.901751 1.867302 -3.883489 115 115 105
-3.200197 2.165340 -3.397717 188 209 52
-2.590055 1.791803 -4.029220 113 112 107
-2.863994 2.177999 -3.387094 118 117 112
-2.971545 2.476651 -2.919504 79 78 73
-2.476631 2.204701 -3.383805 80 79 75
-2.477149 2.203413 -3.382990 80 79 75
-2.099657 2.056292 -3.639925 104 103 98
-2.060757 1.710333 -2.878112 176 177 179
-0.694317 2.321654 -3.295774 88 87 83
-1.591857 2.276984 -1.900989 206 211 214
0.313828 2.293531 -3.388990 145 146 141
0.287589 2.396543 -3.225681 126 126 124
-1.498844 2.188728 -1.758261 61 65 68
-1.046847 2.357657 -1.792784 51 56 59
-1.025086 2.365224 -1.783245 49 54 57
1.012909 2.393933 -3.268302 105 106 101
0.767138 2.796642 -2.640528 112 119 125
-0.385686 2.608930 -1.457146 158 60 46
-0.385569 2.608976 -1.456018 158 60 46
0.043664 2.660990 -1.412823 9 13 14
0.059049 2.612580 -1.406931 230 236 240
0.207316 3.198931 -0.735836 11 15 16
0.216967 3.206705 -0.722844 203 208 212
0.646988 2.786696 -1.294734 16 17 21
-3.299950 1.758430 -4.034409 132 129 124
-3.001719 1.542551 -4.367872 139 138 133
-2.998226 1.552271 -4.368507 65 64 59
-2.999528 1.558121 -4.345335 141 140 135
-3.634518 2.077052 -3.508214 188 209 18
-3.567276 2.045932 -3.561523 106 117 41
-3.473155 2.004604 -3.631963 99 98 94
-3.056191 1.760690 -4.042295 119 116 111
-3.427303 2.060128 -3.549469 88 87 82
-3.063376 1.853455 -3.906634 110 110 103
-2.950608 1.898442 -3.838301 105 105 94
-3.076277 2.007100 -3.661325 135 134 129
-3.092670 2.062263 -3.566675 130 128 123
-3.094296 2.070820 -3.555539 100 97 92
-2.819856 1.915852 -3.816775 109 109 99
-2.821585 1.939701 -3.786698 141 138 132
-3.131394 2.179679 -3.374045 104 111 44
-2.491662 1.723903 -4.140365 112 111 106
-2.491449 1.724144 -4.140804 112 111 106
-2.608118 1.822657 -3.976070 120 119 114
-2.405377 1.672766 -4.219077 124 123 118
-2.507031 1.753796 -4.087471 124 123 118
-2.766222 1.989961 -3.717091 116 116 106
-2.881257 2.192562 -3.366353 128 127 122
-2.751937 2.238139 -3.308092 100 99 94
-2.512352 2.073135 -3.588928 102 101 96
-2.473539 2.074753 -3.583766 124 123 118
-2.242917 1.938846 -3.820141 113 112 107
-2.658665 2.261773 -3.273377 89 89 81
-2.482872 2.148648 -3.469332 119 118 113
-2.470402 2.143256 -3.477684 88 87 82
-2.463055 2.149851 -3.462413 116 115 110
-2.487576 2.180062 -3.418367 84 83 79
-2.544957 2.232922 -3.337020 96 95 90
-2.544957 2.232922 -3.337020 96 95 90
-2.462868 2.244041 -3.317425 83 83 71
-2.462090 2.246475 -3.318440 83 83 71
-2.399203 2.227475 -3.349838 93 93 83
-2.364799 2.331235 -3.187687 90 90 80
-2.262192 2.325904 -3.205790 117 117 107
-2.257717 2.318901 -3.205750 88 88 78
-1.550031 1.824456 -4.038320 117 118 110
-2.099336 2.262306 -3.314293 91 91 84
-2.258036 2.432158 -3.037617 87 87 79
-1.288767 1.927689 -3.866539 95 96 91
-2.185475 1.730807 -2.668839 194 202 205
-1.618794 1.845281 -3.143249 133 131 132
-2.251467 0.240379 -2.624197 71 71 71
-1.399340 1.929041 -3.049731 64 63 59
-1.101300 1.756673 -3.390892 21 21 21
-1.438004 1.901790 -2.991616 108 110 107
-0.376975 2.141507 -3.594787 139 140 134
-0.378324 2.146869 -3.586758 103 105 100
-1.917645 2.261075 -1.924885 41 46 47
-1.832312 2.034123 -1.959451 36 40 43
-1.795300 1.936279 -1.994561 55 56 60
-1.584473 2.192087 -2.015956 52 53 55
-1.538254 2.199177 -2.007854 128 129 131
-0.332746 2.581903 -2.901224 82 82 79
0.096159 2.292607 -3.375158 104 106 102
-1.461916 2.217336 -1.980964 68 71 76
0.118725 2.299968 -3.364670 108 109 104
0.325818 2.212209 -3.511051 81 81 79
-1.323659 2.368365 -1.801450 204 208 210
0.768035 2.527850 -3.045674 127 128 123
0.593929 2.769994 -1.327449 193 201 203
0.376863 3.214442 -0.846238 67 69 68
1.502107 2.874564 -1.697777 64 65 69
0.250654 3.620120 -0.299093 75 48 57
2.711282 3.156350 -2.194200 152 151 146
0.636885 2.794482 -1.130275 130 132 129
0.111583 2.355381 -3.282268 127 128 123
-2.434955 1.447475 -4.560297 100 99 96
0.581224 2.786710 -1.299421 28 33 33
-2.514867 2.296854 -3.230253 92 92 82
-1.912068 2.168523 -2.048134 61 60 62
-1.912120 2.168433 -2.047959 61 60 62
0.313446 3.251915 -0.807494 66 68 67
-1.409743 2.094571 -3.619736 54 53 50
-0.821420 2.280911 -2.220646 200 207 213
-1.096762 1.922229 -2.913684 71 71 69
-2.345079 2.478308 -2.945757 189 201 12
-2.343150 2.485771 -2.947299 189 201 12
1.532160 2.855023 -1.817209 42 45 50
1.355368 2.790084 -1.979127 77 82 85
0.372885 3.662678 -0.208315 92 16 28
-1.378881 1.892557 -3.013672 132 134 140
-1.535624 1.881347 -3.108027 137 138 142
-1.649932 2.312858 -1.855644 190 197 200
-1.220198 1.823627 -3.352538 139 142 147
-1.379823 2.347948 -1.802276 65 65 67
-1.927667 1.709583 -3.052663 225 230 228
-2.157971 2.606162 -2.759228 72 73 61
-1.940871 2.165603 -2.049728 106 107 110
-1.940361 2.164842 -2.049376 106 107 110
-1.883981 2.202474 -2.001801 190 195 201
-1.883768 2.201441 -2.002005 190 195 201
0.076485 2.669150 -1.344994 201 206 209
1.336276 2.884154 -1.911492 172 181 180
0.208795 2.813679 -1.255974 172 177 180
-2.475955 2.058653 -3.619159 97 96 91
-0.912001 2.072746 -3.680965 92 91 86
1.304403 2.792160 -1.735912 52 53 57
-1.487477 1.885172 -3.111677 135 136 139
1.254034 2.764649 -1.769315 117 119 123
-2.879747 2.168169 -3.421040 132 131 126
-1.249061 1.778595 -3.321944 149 150 152
-1.940470 2.160794 -2.057357 69 72 79
-1.928075 2.152480 -2.064576 189 193 197
1.545747 2.727767 -2.059170 145 150 153
1.516114 2.869535 -1.701772 120 124 125
-2.558326 1.425786 -4.595396 123 122 117
-3.235264 2.014671 -3.634630 119 118 113
-2.296285 1.645202 -4.268688 120 120 112
-2.296285 1.645202 -4.268688 120 120 112
-2.919389 2.252406 -3.267101 193 209 56
-2.382396 2.328393 -3.188230 85 85 77
0.087411 2.331164 -3.314302 144 145 140
1.411403 2.805573 -2.659198 120 120 110
1.236731 2.987438 -2.340683 24 25 20
0.121440 2.614667 -1.487395 11 15 16
-0.034576 3.523094 -0.427350 203 202 208
0.157244 3.164672 -0.780838 21 21 24
1.550282 2.899355 -1.677313 34 35 37
-2.840434 1.644434 -4.222138 93 91 86
-3.079163 1.878186 -3.866050 96 95 90
-3.303647 2.070053 -3.545735 106 105 101
-3.291301 2.072802 -3.541313 102 101 97
-3.048595 2.011356 -3.651514 106 105 100
-3.024445 2.014530 -3.648911 105 104 99
-3.070110 2.065913 -3.560050 110 109 104
-3.070110 2.065913 -3.560050 110 109 104
-2.632838 1.807846 -4.007076 135 132 127
-3.191498 2.160838 -3.398854 108 118 36
-2.482353 1.802202 -4.011962 108 108 100
-3.081137 2.233331 -3.293682 82 94 0
-2.877173 2.178446 -3.399278 81 80 75
-2.877173 2.178446 -3.399278 81 80 75
-2.496320 2.055714 -3.622165 94 93 88
-1.469669 1.831378 -4.027736 129 128 123
-1.428295 1.931275 -3.877260 120 121 115
-0.914299 2.063973 -3.697165 121 120 115
-1.064155 1.725694 -3.395005 57 61 64
-1.024051 4.355848 -1.864809 47 50 55
-1.717863 2.315527 -1.952684 47 50 55
0.117855 2.299145 -3.364693 107 108 103
-1.533002 2.193044 -2.010422 67 68 72
-1.592135 2.276511 -1.900740 201 202 204
-1.479222 2.323637 -1.846080 44 49 53
-1.524702 2.397418 -1.750546 36 42 42
0.499282 2.364160 -3.282773 159 160 155
0.560896 2.397545 -3.247181 193 201 205
0.583320 2.393909 -3.253111 181 192 196
0.610013 2.409995 -3.201224 184 194 195
0.763273 2.791680 -2.639264 105 107 104
1.283294 2.793343 -1.787192 16 20 23
1.286291 2.781139 -1.777724 31 35 38
1.283672 2.786531 -1.749357 111 112 116
0.291085 3.277622 -0.783025 38 39 38
0.925844 4.270556 -0.418826 201 205 204
1.524756 2.890442 -1.686085 129 130 132
1.352160 2.805738 -1.632931 157 137 152
-2.815703 1.561906 -4.368709 108 107 102
-2.695778 1.513600 -4.448308 143 142 137
-2.864972 1.666569 -4.205982 101 100 95
-2.832983 1.650175 -4.226050 134 131 126
-2.514327 1.490722 -4.513627 121 120 115
-2.514487 1.488847 -4.511793 121 120 115
-2.517349 1.495706 -4.493435 117 116 111
-3.065898 1.848254 -3.911164 95 94 90
-2.232593 1.340736 -4.740116 140 139 134
-2.527295 1.536181 -4.431356 95 94 90
-2.295238 1.478839 -4.531708 121 120 115
-3.078629 2.013440 -3.657561 110 109 105
-3.121749 2.062882 -3.559975 110 110 102
-2.896432 1.934424 -3.789744 104 103 98
-2.896432 1.934424 -3.789744 104 103 98
-2.501102 1.707447 -4.167072 111 110 105
-3.117217 2.086254 -3.527956 107 106 102
-2.650504 1.813213 -4.000445 103 98 94
-3.200815 2.159828 -3.404908 71 76 20
-1.970773 1.448750 -4.602911 149 148 143
-2.744532 1.924197 -3.810205 101 98 93
-3.085461 2.134678 -3.450721 107 106 101
-2.807467 2.056094 -3.599494 103 102 98
-2.868630 2.173557 -3.406923 130 129 124
-2.936239 2.242757 -3.287137 94 97 50
-2.909235 2.254942 -3.269643 67 76 1
-2.909235 2.254942 -3.269643 67 76 1
-2.490049 2.075285 -3.579873 83 82 78
-2.751737 2.239662 -3.308827 94 93 88
-2.800267 2.284555 -3.231452 95 97 47
-2.464295 2.142877 -3.476566 106 105 100
-2.491292 2.203228 -3.379378 72 71 66
-2.089411 2.044391 -3.661307 73 72 67
-2.456038 2.265412 -3.285536 86 85 80
-2.455726 2.284346 -3.256982 87 87 79
-1.998836 2.033833 -3.682292 83 82 77
-1.998720 2.109622 -3.561396 106 105 100
-1.967739 2.116361 -3.550266 111 110 105
-2.291338 2.347755 -3.167552 80 80 70
-2.353152 2.428749 -3.033489 181 197 36
-2.340647 2.422296 -3.039950 110 110 102
-2.327254 2.433584 -3.028887 55 59 2
-2.342438 2.496033 -2.932534 192 207 16
-2.116448 2.364475 -3.157915 81 81 73
-1.433095 1.961989 -3.839854 120 121 116
-1.600450 1.854761 -3.148635 126 128 125
-1.526146 1.856057 -3.168585 60 64 65
-0.769723 2.035372 -3.749767 107 106 101
-1.244505 1.824054 -3.262219 135 135 137
-1.098297 1.765769 -3.386930 60 59 56
-1.034771 2.107697 -3.381184 129 129 129
-1.423745 1.929834 -3.050449 27 26 24
-1.034996 1.730095 -3.395582 73 77 80
-0.432001 1.722215 -3.567479 72 73 77
0.135657 2.168524 -3.567225 112 111 107
0.135657 2.168524 -3.567225 112 111 107
-1.543755 2.203902 -1.999374 55 56 60
0.283396 2.412858 -3.198471 132 133 128
0.287416 2.418064 -3.199237 132 133 128
0.567026 2.391382 -3.249366 127 140 145
-1.323787 2.422381 -1.706530 198 201 207
-1.282889 2.476944 -1.641155 54 58 59
-1.191069 2.419890 -1.708799 213 218 219
-1.183063 2.423598 -1.704289 70 74 75
-0.559724 2.782969 -1.183220 86 29 12
1.829181 3.184243 -2.027448 192 195 200
0.628843 1.765604 -2.213404 81 85 86
2.601004 3.593262 -2.185824 109 113 114
1.349431 2.813561 -1.609109 207 187 202
1.424340 2.837202 -1.603217 135 105 121
1.365021 2.808893 -1.579821 175 170 177
1.529078 2.847560 -1.620041 103 103 101
-2.771958 1.921800 -3.813406 107 106 101
-2.274888 1.577005 -4.380480 105 104 99
-1.273455 1.813679 -3.278227 102 103 97
-0.371995 2.610673 -1.465448 155 62 47
-2.254793 2.601642 -2.748299 73 73 63
0.254080 3.092860 -0.826535 34 36 35
0.252821 3.091445 -0.827047 34 36 35
0.319545 2.675870 -1.422205 153 158 161
-2.123135 2.528803 -2.839350 108 121 3
-1.436843 1.816516 -3.194947 96 97 92
1.146345 2.778476 -1.868681 19 20 22
-1.847477 1.779264 -3.136671 126 127 132
-2.280882 2.572089 -2.802951 85 86 76
-2.217336 2.577878 -2.824296 168 179 9
-1.367980 1.827320 -3.226966 98 99 94
-1.698648 2.327160 -1.846874 63 63 63
-1.650076 2.313152 -1.855506 195 199 208
1.127574 2.739983 -1.880492 38 40 39
1.312031 2.776341 -1.863674 122 126 127
1.485212 2.842242 -1.606902 210 217 220
-2.119429 2.504959 -2.925640 176 190 19
-2.054185 2.381923 -2.906149 73 76 65
-1.659774 2.158755 -2.058898 196 199 206
-1.659889 2.158844 -2.058822 196 199 206
1.088333 3.331695 -2.299432 208 210 209
-1.567397 2.222541 -1.973160 194 198 201
-1.567532 2.221942 -1.973308 194 198 201
0.115072 2.662411 -1.343636 158 162 163
0.761304 2.824888 -1.154969 220 225 228
-0.852865 1.689971 -3.500467 85 88 93
-0.825750 1.743563 -3.517827 85 88 93
-0.520297 1.704652 -3.560217 78 83 87
-0.511329 1.716055 -3.563852 78 83 87
-0.464673 1.716819 -3.570174 76 77 79
-1.194957 2.413265 -1.717116 202 203 207
-0.520741 3.787762 -0.462956 233 192 163
1.392183 2.784503 -1.758899 45 49 52
1.457647 2.849796 -1.716333 143 147 150
-2.826591 1.539628 -4.393407 105 104 100
-2.608403 1.806314 -4.008661 115 114 109
-1.768232 1.778453 -3.135978 89 90 94
1.147191 2.720209 -1.842412 48 52 55
-2.334486 2.439792 -3.020837 211 226 25
-1.432585 1.920116 -3.063063 100 99 97
1.544158 2.894029 -1.678251 49 51 50
-2.392962 1.730982 -4.136636 105 104 99
-3.083524 2.227715 -3.302264 171 192 13
-0.153775 2.059613 -3.738521 117 119 114
-1.599412 2.288134 -1.881524 40 42 46
-1.269656 2.374784 -1.767922 44 47 52
0.449464 2.820936 -2.567518 136 141 147
-1.135560 2.373715 -1.769617 53 54 58
-0.534077 2.822478 -1.268784 169 126 58
-2.503534 1.379286 -4.648098 109 108 103
-3.074630 1.840881 -3.922161 111 108 103
-2.484746 2.056951 -3.618169 101 100 95
-2.697709 2.171327 -3.422517 92 91 86
-2.726514 2.299205 -3.218567 75 74 69
-2.508211 2.485359 -2.942008 234 239 25
-2.364767 2.423542 -3.041748 223 239 44
-2.165554 2.482910 -2.960995 64 66 12
-1.444199 1.924062 -3.074952 104 103 101
-0.856457 1.742421 -3.496718 29 32 37
-0.133503 2.059017 -3.738194 120 121 117
-1.681739 2.145428 -2.077356 38 41 46
-1.698345 2.218438 -1.974413 40 41 45
-1.551672 2.190454 -2.020329 48 47 52
-0.571686 2.454642 -1.667655 159 114 72
1.195491 2.752101 -1.821357 69 72 77
1.329842 2.798145 -1.805039 66 70 73
1.386042 2.821627 -1.607793 116 78 99
1.386994 2.822582 -1.607594 116 78 99
1.389002 2.819477 -1.594487 227 196 212
1.388813 2.822143 -1.593340 227 196 212
1.421325 2.828880 -1.585223 223 192 208
1.443526 2.838630 -1.589088 97 71 86
0.593282 2.811609 -1.130859 199 198 197
-2.421097 1.427895 -4.597164 108 107 102
-3.060925 1.808898 -3.967415 132 133 127
-3.078724 1.835743 -3.928919 104 101 96
-2.831404 1.893308 -3.864733 105 105 97
-2.831404 1.893308 -3.864733 105 105 97
-3.024936 1.981575 -3.702257 92 91 86
-3.024936 1.981575 -3.702257 92 91 86
-2.672219 1.842317 -3.954054 115 114 109
-2.647553 1.827164 -3.966314 102 101 97
-3.104768 2.053026 -3.577947 76 75 71
-3.104768 2.053026 -3.577947 76 75 71
-2.808192 1.919038 -3.814136 116 116 104
-1.778445 1.520447 -4.491367 149 148 145
-3.064767 2.200532 -3.342680 78 88 16
-2.864305 2.167957 -3.413017 118 117 115
-2.931503 2.248341 -3.278756 169 183 68
-2.489507 2.050518 -3.623132 128 127 122
-2.488733 2.063349 -3.615326 125 124 119
-2.538764 2.092171 -3.558165 106 105 100
-1.756416 1.763235 -4.131224 115 114 109
-2.504059 2.151591 -3.460449 88 87 78
-2.491957 2.176789 -3.422721 113 113 105
-2.486756 2.182788 -3.419134 78 78 70
-2.450356 2.312604 -3.210100 80 80 72
-2.094225 2.265749 -3.306338 115 115 105
-2.150043 2.482983 -2.950191 39 43 1
-2.067873 1.707462 -2.929780 202 206 207
-2.034069 2.519364 -2.909633 55 59 38
-0.866042 1.984947 -3.825846 109 111 105
-2.231633 1.713589 -2.694185 120 123 128
-1.543015 1.865382 -3.141959 77 77 79
-1.511881 1.890048 -3.098107 139 140 145
-1.154514 1.762323 -3.326308 64 64 63
-1.436241 1.925920 -3.053914 31 30 28
-1.357603 1.938009 -3.098481 130 130 128
-1.373447 1.916738 -3.083914 132 131 129
-1.432054 1.911978 -2.938367 16 16 18
-0.481831 1.722316 -3.560519 72 75 80
-1.835418 2.111624 -2.120883 204 208 209
0.161609 2.314261 -3.343745 112 114 109
-1.631056 2.253780 -2.023494 36 40 42
-1.637973 2.271853 -1.909436 207 210 215
-1.329116 2.324014 -1.839097 48 49 53
1.295423 2.912338 -1.888268 120 122 120
0.878041 2.891573 -1.191927 196 199 204
-1.104140 2.783453 -2.895114 56 55 51
-0.716288 4.489404 0.166588 150 145 139
-0.769747 2.012854 -3.782788 152 151 145
-0.150417 2.201265 -3.509243 154 155 150
-0.572823 1.672363 -4.344942 123 123 117
-0.952390 1.859835 -4.022081 160 161 155
-0.812100 2.207557 -2.709787 71 71 73
-0.938381 1.776896 -4.156284 100 99 95
-0.759009 2.025390 -3.758715 115 115 106
-0.888498 1.939114 -3.902430 78 78 74
-0.762060 2.001278 -3.799253 160 161 150
-0.498621 2.352150 -3.285318 124 123 118
-1.011387 2.421501 -3.111947 76 75 71
0.271818 2.216886 -3.517024 112 111 106
0.527307 2.779667 -1.250629 179 188 187
0.756175 1.975776 -3.903283 135 136 128
-0.973882 2.212788 -3.442169 93 93 85
-1.542830 2.222413 -1.985209 110 110 111
-1.314740 2.052800 -2.939685 30 29 31
-1.357084 2.431621 -1.697044 62 62 62
0.654066 2.739030 -1.189031 211 217 219
0.654116 2.750579 -1.183323 211 217 219
0.495050 2.005907 -3.856971 105 105 95
0.019624 2.493142 -2.352001 43 44 46
0.062640 1.681797 -4.366673 149 149 137
-1.105677 2.136477 -2.814546 49 50 54
0.592649 1.634791 -4.461853 112 112 104
0.084609 1.690825 -4.349349 96 96 86
0.231218 2.199750 -3.530020 140 139 135
0.595391 2.683394 -2.100704 30 31 34
0.424385 2.546987 -1.495913 201 211 212
0.638298 2.766826 -1.146921 126 120 110
0.291495 4.148891 0.160681 68 9 23
-0.100120 1.526682 -4.604938 124 124 114
0.104966 1.630136 -4.446097 118 118 108
0.091058 1.641472 -4.429965 117 117 107
0.201712 1.663592 -4.398736 147 147 137
0.037170 1.650703 -4.415426 102 102 92
0.037170 1.650703 -4.415426 102 102 92
0.703233 1.959558 -3.933851 135 136 130
0.652241 1.963140 -3.914994 98 99 91
0.032189 2.030135 -3.742839 163 162 158
0.019502 2.180407 -3.556425 158 158 148
-0.916013 2.064276 -3.698428 147 147 137
-0.035791 2.279231 -3.392632 134 133 128
0.236322 2.686494 -1.451012 128 138 139
0.722128 1.711929 -4.340883 102 102 94
0.057310 1.668397 -4.386284 121 121 113
-0.303468 1.740788 -4.249470 147 147 141
0.796271 1.925151 -3.991386 110 110 102
0.843656 1.958314 -3.938299 133 132 128
-0.304908 2.028540 -3.794764 162 162 154
-0.876589 1.955811 -3.883744 136 135 130
0.495773 2.359048 -3.293952 127 127 118
-0.748318 2.248552 -3.396351 148 147 142
0.841240 2.856841 -1.200021 0 2 7
-0.480016 4.605763 0.010560 255 234 245
-0.043367 1.429372 -4.755199 123 123 113
-0.380126 1.491276 -4.650973 138 138 128
1.051560 1.737882 -4.313573 109 108 103
1.051560 1.737882 -4.313573 109 108 103
0.145576 1.608415 -4.485817 150 150 140
-0.142288 1.570821 -4.543557 162 162 152
-0.476489 1.522320 -4.592071 138 138 128
-0.653467 1.519467 -4.592383 157 157 147
0.216273 1.676835 -4.410449 148 148 140
0.501030 1.712943 -4.330551 149 149 139
0.033379 1.661478 -4.401153 155 155 145
0.055705 1.702934 -4.325307 114 114 104
0.037588 1.703229 -4.328360 151 151 139
0.964878 1.849654 -4.126463 136 136 130
0.956795 1.864322 -4.106827 117 116 111
0.328375 1.795333 -4.185180 125 125 114
-0.750426 1.621569 -4.408346 121 120 115
0.855210 1.885587 -4.059894 115 114 109
0.860882 1.893463 -4.045743 108 107 102
0.874207 1.907906 -4.023427 137 137 129
0.947313 1.925209 -4.001324 138 137 132
1.005116 1.974937 -3.921098 108 107 102
0.942525 1.965777 -3.930998 140 139 134
0.888241 1.962664 -3.933375 114 113 108
0.818471 1.960043 -3.936445 138 138 130
0.357267 1.925773 -3.982259 137 137 129
0.943509 2.020179 -3.843205 103 102 97
-0.345464 1.817755 -4.116317 166 165 160
-0.399146 1.819294 -4.120395 148 147 142
0.651784 1.991101 -3.873116 117 120 111
0.652714 1.999114 -3.868523 85 88 78
0.621607 2.006892 -3.850628 89 89 81
0.464705 1.987030 -3.881342 76 78 67
0.441005 2.005289 -3.849220 131 131 121
0.441005 2.005289 -3.849220 131 131 121
0.432807 2.009245 -3.838890 134 135 127
-0.459983 1.975336 -3.863926 134 134 124
-0.610883 2.040837 -3.747535 160 160 150
-0.759199 2.040830 -3.748209 152 149 140
-0.010249 2.164790 -3.566879 138 138 130
0.077612 2.185903 -3.548405 159 159 151
-0.289688 2.154396 -3.573236 142 142 130
0.315762 2.262310 -3.438957 149 150 144
0.297005 2.268132 -3.415092 133 133 125
-0.158396 2.198176 -3.514111 159 159 149
0.239864 2.287971 -3.395341 138 138 128
0.444913 2.324119 -3.337655 162 163 155
-0.518602 2.169091 -3.538180 163 163 153
-0.103796 2.297735 -3.360645 151 151 141
-0.777481 2.181154 -3.491838 156 156 146
0.378314 2.431256 -3.181565 148 150 139
-1.034272 2.211637 -3.446598 111 111 103
-0.125619 2.379928 -3.228566 144 145 133
-1.030870 2.246296 -3.395702 123 123 113
-0.648568 2.261721 -2.671345 49 49 49
-1.183897 2.001041 -2.775519 56 56 56
-0.609079 4.171908 -0.217523 71 14 28
0.259570 3.949665 0.102150 159 148 144
-2.263879 4.539756 0.299665 121 118 109
0.474022 1.625521 -4.473316 120 120 108
0.602447 1.654308 -4.441644 116 115 110
0.153942 1.607139 -4.482749 118 118 108
0.231446 1.636924 -4.435717 149 149 139
0.095652 1.679952 -4.367455 98 98 90
0.109691 1.685648 -4.357421 114 114 104
-0.895311 1.534961 -4.540591 128 127 122
0.698065 1.841967 -4.122787 103 103 93
0.954804 1.922208 -4.002951 111 110 105
0.954932 1.922602 -4.003060 111 110 105
0.960335 1.931844 -3.989348 146 145 140
0.924923 1.935263 -3.982338 146 145 140
0.953986 1.945972 -3.963227 108 107 102
0.965175 1.951676 -3.955484 102 101 96
0.964869 1.951132 -3.955273 102 101 96
0.979336 1.960868 -3.944139 108 107 102
0.979449 1.960335 -3.944163 108 107 102
0.543931 1.894678 -4.032526 151 151 141
1.006494 1.971307 -3.926543 143 142 137
-0.208854 1.792029 -4.159017 143 142 137
0.827574 1.969025 -3.926059 140 140 130
0.122572 1.855465 -4.077517 125 125 117
0.699612 1.951077 -3.936116 143 144 138
0.657259 1.957222 -3.930942 142 142 132
-0.759723 1.774817 -4.169135 172 171 166
0.277057 1.943051 -3.937084 95 98 87
-0.927341 1.782450 -4.184960 137 136 131
0.000288 1.909820 -3.981939 116 116 108
0.624276 2.009389 -3.842858 118 118 108
-0.069645 1.902875 -3.992217 149 149 141
0.459742 1.989527 -3.875690 128 130 119
0.488350 1.998765 -3.859155 79 79 69
0.590010 2.021068 -3.826298 94 94 84
0.592178 2.024959 -3.820293 121 123 112
0.764555 2.064077 -3.762471 86 85 80
0.743636 2.058299 -3.759993 103 103 95
-0.955672 1.858584 -4.028397 134 135 129
-0.914165 1.907707 -3.944779 132 131 126
-0.232351 2.019111 -3.797355 164 164 154
-0.843558 1.938392 -3.901343 143 142 137
0.552215 2.173734 -3.585160 107 108 103
0.552568 2.173047 -3.585424 107 108 103
-0.276660 2.038816 -3.765746 126 126 116
-0.791514 1.969284 -3.859529 149 149 140
0.430020 2.180237 -3.544733 114 113 108
0.421735 2.187834 -3.544514 113 112 107
0.102324 2.146697 -3.611406 168 169 155
0.530253 2.220233 -3.505180 125 126 120
-0.750337 2.018108 -3.760710 159 159 149
-0.768340 2.012832 -3.760362 157 157 147
-0.599014 2.052649 -3.720017 124 124 114
-0.753335 2.034786 -3.751748 125 122 113
-0.753335 2.034786 -3.751748 125 122 113
-0.680398 2.053519 -3.723664 98 98 88
0.239503 2.205686 -3.517974 72 71 67
0.005042 2.187814 -3.557546 142 142 134
-0.706848 2.069729 -3.702852 155 155 144
0.155549 2.218059 -3.499517 101 100 95
0.275497 2.240348 -3.467922 145 144 139
-0.428389 1.736398 -3.550394 67 72 75
-0.427765 1.731798 -3.550031 67 72 75
-0.114845 2.181028 -3.542235 165 165 155
0.339710 2.273031 -3.426392 135 136 130
0.216912 2.273278 -3.425157 156 155 150
0.272125 2.294338 -3.392122 120 120 112
0.289012 2.295244 -3.371751 162 162 152
0.082789 2.270016 -3.413563 126 126 118
0.036121 2.281531 -3.410103 127 126 121
0.393418 2.345243 -3.311331 171 172 164
0.792798 2.424103 -3.211951 135 137 132
0.783625 2.424946 -3.207334 174 176 171
0.158042 2.316159 -3.346095 115 115 105
-0.484657 2.200217 -3.485371 128 128 118
0.061829 2.336755 -3.312045 167 168 160
-0.710153 2.197284 -3.470720 158 156 144
-0.901677 2.227673 -3.431847 130 130 120
-0.989890 2.220654 -3.444876 78 78 70
-0.989890 2.220654 -3.444876 78 78 70
-1.021693 2.214508 -3.447803 144 143 138
-1.002551 2.231574 -3.442933 150 150 142
0.447900 2.478117 -3.108371 116 117 111
0.445065 2.481535 -3.098403 107 108 102
-0.127359 2.493825 -3.039024 141 141 131
0.276617 2.593790 -2.920793 129 132 121
0.244591 2.588018 -2.922139 126 126 116
-0.022906 2.566307 -2.947936 133 133 123
0.122134 2.624497 -2.866070 127 129 118
0.522070 2.752336 -2.693936 121 122 116
0.205060 2.699273 -2.756091 109 109 99
0.222976 2.724023 -2.715444 114 114 104
-1.396357 1.898928 -2.990674 176 175 180
-1.270969 1.957374 -2.820143 109 109 111
0.496211 2.622471 -2.187782 86 86 86
-1.537845 2.223648 -1.982374 120 122 121
-0.582580 2.440585 -1.685373 95 2 17
-1.775119 3.372540 -1.622320 229 233 236
0.201673 2.642057 -1.453223 182 186 187
0.580815 2.779302 -1.299745 49 55 53
0.845831 2.852784 -1.208151 210 213 218
-1.304471 2.402473 -1.734607 219 224 228
-1.043034 2.470845 -1.639144 41 49 52
0.131845 2.599238 -1.374848 189 197 199
0.689307 2.757292 -1.192966 205 214 213
0.580563 2.743938 -1.170189 216 214 202
-0.748970 2.684577 -1.365126 174 142 70
0.306244 3.262566 -0.776736 17 21 22
-0.656274 3.325120 -0.674781 179 141 70
-0.211945 3.326609 -0.568069 181 192 194
-1.371722 8.023001 1.586603 98 16 36
0.338704 3.814288 0.005818 155 138 136
-1.119613 2.332633 -1.796705 206 214 216
-1.126638 2.298851 -1.678664 36 40 45
-0.962658 1.749848 -4.197110 133 132 126
-0.861045 1.980228 -3.837027 117 116 112
-1.017285 1.442362 -4.663545 77 77 72
0.102502 2.532988 -3.004363 149 149 146
-0.487203 1.713668 -3.566435 40 43 47
-0.165698 2.196653 -3.518516 75 76 72
-0.519999 2.180738 -3.528088 75 75 72
-0.895191 2.446820 -1.686586 207 216 223
-0.368729 2.639012 -1.420974 199 111 13
0.275328 2.211667 -3.514904 108 107 103
-0.965875 2.253533 -3.395754 145 145 135
-1.309909 1.848307 -3.238864 156 157 161
-0.964299 1.743619 -3.401420 126 127 120
-1.142967 2.088998 -2.852583 49 50 52
-0.757747 2.218590 -2.688186 48 52 53
-0.700410 2.245008 -2.665282 45 46 48
-0.612466 2.297978 -2.625671 43 44 46
0.134478 2.221527 -3.490584 102 101 97
-1.031406 2.223784 -3.424219 146 146 136
-0.093661 2.446422 -2.400583 62 63 65
-0.042948 2.463180 -2.381395 39 40 42
0.888570 3.159681 -2.047466 35 34 30
-0.406280 1.729861 -3.580706 75 79 80
-1.220140 1.796494 -3.312826 121 121 111
-1.411434 1.922859 -3.103646 144 144 144
-1.226436 2.080382 -2.868154 47 51 52
0.390303 2.549345 -1.358135 180 185 185
0.022831 1.667156 -4.385834 115 115 105
-1.211941 1.829239 -3.301812 155 156 158
0.069085 1.676543 -4.380409 149 148 143
0.515363 1.734406 -4.295110 57 56 51
0.515363 1.734406 -4.295110 57 56 51
0.816284 1.944275 -3.965022 115 114 109
0.816300 1.952160 -3.950904 130 129 124
0.310086 1.964474 -3.908530 130 131 125
-0.248064 2.022545 -3.796129 151 151 141
0.663302 2.132130 -3.627059 134 135 129
-0.421102 1.743175 -3.563536 8 11 16
-1.509336 2.292194 -1.880241 64 68 71
-0.457190 1.514784 -4.600276 127 127 119
0.133012 1.612787 -4.484536 119 119 109
0.113639 1.624425 -4.457381 121 121 111
0.807988 1.934599 -3.973027 114 113 108
0.808458 1.936636 -3.973597 114 113 108
0.682441 1.956203 -3.929093 136 135 131
0.750390 2.051777 -3.781626 100 100 92
-0.431182 1.719916 -3.584034 72 74 72
-0.843623 2.066374 -3.696868 143 143 133
0.307920 2.251566 -3.449756 141 141 137
-0.056042 3.514938 -0.438295 229 217 224
-0.707691 1.394338 -4.748975 133 133 125
0.264345 1.594715 -4.503992 140 139 134
0.286761 1.711754 -4.326034 116 116 108
-0.026056 1.687831 -4.349645 153 153 143
-0.016150 1.694169 -4.349566 149 149 139
-0.004439 1.694647 -4.344563 151 151 141
-0.013846 1.694608 -4.339653 106 106 96
0.335162 1.738279 -4.275804 110 110 99
0.334864 1.741083 -4.276951 110 110 99
0.094785 1.726229 -4.292074 150 151 142
0.063090 1.725409 -4.284291 109 109 99
0.132203 1.788141 -4.200167 111 111 101
0.769235 1.964671 -3.927534 120 119 115
-0.928692 1.768233 -4.171907 160 159 154
0.464800 1.984930 -3.881251 75 75 65
-1.276631 1.854021 -4.015008 143 142 137
-0.726398 2.028525 -3.730126 142 141 135
0.298717 2.238962 -3.466252 116 115 111
-0.436707 2.194908 -3.503839 135 137 126
-0.436851 2.194961 -3.504040 135 137 126
0.510071 2.365801 -3.284330 124 123 118
-0.881527 2.192838 -2.737305 37 38 42
-1.047020 2.358201 -1.792904 47 49 48
0.129820 1.447681 -4.732730 104 104 95
0.132411 1.453875 -4.723771 108 108 98
-0.110783 1.559751 -4.554402 115 115 105
0.086873 1.639077 -4.438062 150 152 141
0.722128 1.711929 -4.340883 97 96 91
0.208583 1.659450 -4.406641 81 81 71
0.208583 1.659450 -4.406641 81 81 71
-0.009853 1.640740 -4.425211 105 105 95
-0.009426 1.644882 -4.426759 105 105 95
0.014442 1.659735 -4.395089 150 150 140
0.044166 1.676746 -4.374841 147 147 139
0.112811 1.688652 -4.348692 109 109 99
0.016458 1.684868 -4.355085 101 101 93
0.097759 1.712472 -4.318315 149 148 143
0.095225 1.715685 -4.303656 145 144 139
-0.691973 1.631422 -4.396943 138 137 132
0.493741 1.786258 -4.206322 118 118 106
-0.400489 1.697166 -4.312250 120 119 114
0.152035 1.775801 -4.222118 156 156 148
-1.204918 1.607101 -4.407279 143 142 137
-0.311363 1.726881 -4.268366 129 128 123
0.136297 1.787397 -4.189938 156 156 145
0.157362 1.789634 -4.174936 129 129 119
0.034128 1.791992 -4.174489 155 155 145
-0.987343 1.743143 -4.203645 103 102 97
-0.399219 1.819290 -4.120287 137 136 131
0.673211 1.953684 -3.938124 96 95 90
0.684104 1.953430 -3.934920 137 136 132
0.048860 1.886460 -4.019612 151 150 145
-0.938175 1.776069 -4.156247 118 117 112
0.320044 1.969869 -3.899582 84 85 79
0.621439 2.005644 -3.850217 83 84 76
-0.021641 1.930680 -3.948883 116 116 108
-1.069220 1.810357 -4.073723 129 128 123
-1.099368 1.842358 -4.044127 134 132 127
-0.084393 1.974407 -3.873883 123 123 113
-0.819402 1.917411 -3.931130 128 127 122
-0.866928 1.965704 -3.860043 157 157 147
-0.862338 2.011823 -3.784889 142 142 130
-0.902772 2.057230 -3.701281 118 118 108
-0.902168 2.058107 -3.701564 118 118 108
-0.803224 2.092676 -3.684660 147 147 137
0.048163 2.179034 -3.546667 133 133 125
0.400577 2.306483 -3.371020 163 162 157
-0.486008 2.198548 -3.497646 135 135 125
0.047538 2.276069 -3.405521 126 126 117
0.046913 2.273560 -3.405407 126 126 117
0.459512 2.347970 -3.310582 167 166 161
0.391338 2.352915 -3.298530 174 173 169
0.367103 2.353916 -3.294543 142 141 137
0.293770 2.395239 -3.232149 168 167 162
-0.126286 2.381465 -3.228819 135 135 125
0.445065 2.481535 -3.098403 115 115 115
-0.165254 2.440325 -3.139256 164 164 154
-1.402306 1.902888 -3.031091 58 56 57
0.724114 2.810265 -2.609077 92 91 87
0.708948 2.802911 -2.610154 147 146 142
-1.468295 1.899701 -2.964144 135 136 138
0.414920 2.603137 -2.214203 22 22 22
-1.841220 2.205409 -1.985031 55 58 59
0.322553 2.672068 -1.483831 165 170 174
-1.043205 2.474280 -1.638162 22 26 29
-1.067367 2.473353 -1.639906 46 50 53
0.776701 2.838640 -1.134660 54 58 61
0.801377 2.826596 -1.101272 189 193 196
0.617828 1.487872 -4.678080 97 96 91
0.314557 1.481555 -4.690931 85 84 79
-0.009800 1.489032 -4.667657 116 116 106
-0.474180 1.468841 -4.676500 119 119 110
-0.411896 1.495972 -4.635856 117 116 112
0.526592 1.613478 -4.493851 107 106 101
-0.478932 1.518690 -4.597094 127 127 121
-0.121300 1.567212 -4.541739 119 119 109
0.229885 1.633207 -4.453418 142 142 130
-0.703957 1.519572 -4.580551 120 115 111
-0.559978 1.541489 -4.557300 131 131 123
-0.392566 1.570847 -4.520671 131 131 121
-0.992776 1.495558 -4.591514 156 155 150
-0.634230 1.541809 -4.541076 130 129 124
-0.318857 1.587915 -4.495660 121 121 111
-0.880002 1.516870 -4.572770 133 132 127
0.300384 1.685309 -4.368126 119 119 111
0.073177 1.662091 -4.400169 123 123 113
0.090199 1.667809 -4.389097 108 108 100
0.090425 1.667061 -4.388678 108 108 100
0.052424 1.665682 -4.392850 148 148 140
0.078786 1.672600 -4.387259 112 112 104
0.062388 1.675694 -4.378906 151 151 141
-0.741327 1.576192 -4.488576 159 159 151
-0.969587 1.549402 -4.510453 135 134 129
0.510856 1.738974 -4.287847 146 145 139
0.079078 1.690024 -4.350959 89 88 83
-0.840359 1.986225 -3.823360 147 146 141
-1.169877 2.024460 -3.744478 144 143 138
-1.476749 2.079031 -3.652308 99 99 89
-0.797149 1.995857 -3.816003 145 144 139
-0.797170 1.995952 -3.815874 145 144 139
-1.314816 2.060724 -3.679420 106 106 98
-0.460087 1.970708 -3.870198 136 135 129
-0.952217 2.025664 -3.750173 114 114 104
-0.414531 1.964246 -3.876224 114 113 108
-0.883011 2.030708 -3.751934 138 139 133
-0.774978 2.014544 -3.777697 115 114 109
-0.968380 2.048977 -3.721529 136 137 130
-1.331490 2.090754 -3.631245 104 104 96
-1.400276 2.100562 -3.611732 94 94 84
-0.903414 2.060225 -3.700505 103 106 99
-0.751261 2.043822 -3.735620 127 126 121
-2.449183 2.266300 -3.288022 91 91 81
-2.449216 2.264693 -3.287577 91 91 81
-0.770061 2.071129 -3.688853 131 130 125
-1.272216 2.143401 -3.554920 107 108 102
-0.125224 2.004791 -3.821490 132 132 126
-1.191303 2.152783 -3.554887 113 112 107
-0.697386 2.087589 -3.667667 145 144 140
-0.696909 2.088130 -3.667599 145 144 140
-2.236451 2.275855 -3.285231 100 100 90
-1.193468 2.165068 -3.531056 119 120 115
-1.040100 1.700132 -3.447617 161 164 169
-1.039997 1.700151 -3.447446 161 164 169
-0.454036 1.726780 -3.572151 127 128 130
-1.097546 1.786519 -3.385487 92 90 91
-1.121926 1.799570 -3.359317 100 103 102
-1.130480 1.805102 -3.358641 49 49 48
-2.127152 2.372581 -3.135922 120 120 110
-0.445475 2.188063 -3.544247 116 116 108
-0.461447 2.182169 -3.530201 141 140 135
-1.777870 1.774670 -3.134349 134 135 139
-0.471900 2.197625 -3.500623 115 114 110
-1.654838 1.850119 -3.143473 85 85 85
-1.908988 1.729707 -3.069885 172 172 170
-1.733529 1.793420 -3.115768 177 178 182
-1.525849 1.856479 -3.167826 93 95 92
-0.287994 2.204869 -3.505719 112 111 107
0.012326 2.190448 -3.534740 147 146 142
-1.292874 1.882951 -3.171172 177 178 173
-1.610086 1.819345 -3.069863 145 144 149
-1.539825 1.895496 -3.087668 102 103 104
-2.058723 1.704572 -2.938958 230 232 229
-2.065229 1.708431 -2.936703 74 76 71
-1.575603 1.818657 -3.060184 67 67 67
-1.359350 1.933747 -3.097730 185 186 181
-1.380642 1.920415 -3.076102 192 193 188
-1.716616 1.792171 -2.980364 193 197 200
-1.449388 1.929561 -3.044451 71 69 67
-1.592798 1.874658 -2.981391 118 119 121
-0.107594 2.290602 -3.357981 145 146 141
0.093285 2.288053 -3.375921 106 105 101
0.095170 2.290496 -3.375163 106 105 101
-1.433113 1.904738 -2.986409 79 81 78
-1.453780 1.900889 -2.980232 147 149 146
-1.437028 1.902562 -2.974761 185 187 184
-1.455338 1.906097 -2.967267 111 113 112
-0.509539 2.387923 -3.198812 93 93 91
-1.376211 2.054722 -2.926353 47 48 50
-2.247794 1.710965 -2.693519 69 74 78
-2.014384 1.777541 -2.611229 190 195 198
-1.990290 1.785350 -2.600532 177 181 184
-1.980869 1.786670 -2.597125 163 170 172
0.103492 2.535447 -3.003540 144 143 139
0.285916 2.567259 -2.955681 146 145 141
0.300497 2.641228 -2.844583 119 120 115
-1.497743 2.287497 -1.884607 35 38 39
0.494238 2.621826 -2.181218 36 36 36
-0.566238 2.489412 -1.674821 80 11 27
-0.402840 2.601096 -1.470448 151 57 22
-0.403102 2.601151 -1.470539 151 57 22
-0.398357 2.606627 -1.462013 204 112 75
0.080835 2.596698 -1.401711 163 168 171
0.080782 2.596707 -1.400816 163 168 171
-0.839567 3.265879 -0.749473 166 125 65
0.550537 2.748403 -1.165948 209 212 208
0.560912 2.746714 -1.166877 208 209 204
0.629064 2.787147 -1.131500 136 135 134
0.822323 2.827983 -1.146788 155 158 163
0.661846 2.805508 -1.123764 196 200 196
0.722496 2.810284 -1.122029 204 205 207
0.787800 2.800461 -1.133247 230 234 237
-0.887217 2.294811 -2.223727 207 212 215
-1.030575 2.122576 -3.761347 144 144 134
-1.288107 1.951328 -3.237123 125 126 128
-0.533721 3.670300 -0.347651 79 15 31
-1.613194 2.279025 -1.924933 60 62 61
-0.674609 2.415568 -1.705401 125 6 36
-0.372336 2.614236 -1.450011 200 112 38
-0.371760 2.616772 -1.440422 200 112 38
-1.559940 2.067745 -3.667385 150 150 140
-1.336380 1.930008 -2.912633 39 40 44
-1.401413 2.382822 -1.767471 59 59 61
0.265819 3.117735 -0.820622 33 33 33
0.265819 3.117735 -0.820622 33 33 33
-0.978905 1.697315 -3.456001 12 15 20
-0.977843 1.715753 -3.458908 12 15 20
-0.874539 2.147362 -3.441800 142 141 136
-0.736594 2.050621 -3.731980 120 119 114
-1.325968 1.819584 -3.264442 153 154 159
-1.712503 1.727199 -3.212557 147 148 152
-1.712896 1.725110 -3.213211 147 148 152
-0.918150 2.081972 -3.671684 119 118 114
-1.438362 1.887843 -3.126848 146 147 151
-1.877554 1.760859 -3.081378 69 69 67
-1.715624 2.217952 -2.012681 211 216 220
-1.535628 2.322752 -1.835671 208 216 219
-1.537200 2.320632 -1.834758 208 216 219
0.331929 3.090742 -1.205758 225 231 227
-1.838069 2.139822 -2.068934 207 218 224
-1.834849 2.132387 -2.067340 207 218 224
-1.662980 2.115954 -2.038276 208 218 220
-0.807017 1.968845 -3.816813 124 124 114
-1.108408 1.767060 -3.376724 52 53 48
-1.420695 1.842808 -3.271994 144 144 152
-1.411612 1.911888 -2.986737 129 129 131
-1.149406 2.115688 -2.856592 53 54 59
-1.850484 2.101324 -2.130439 59 61 60
-1.276364 2.304795 -1.861349 68 70 67
-1.286465 2.386736 -1.726895 212 217 221
-0.574830 2.404453 -1.744384 123 3 29
0.590489 2.721776 -1.206453 204 208 210
-1.011715 1.731328 -3.412373 22 23 27
-1.198081 1.813569 -3.339401 142 143 147
-1.589572 1.870138 -3.123933 134 138 139
-1.272283 2.073488 -2.891354 59 60 62
-1.897254 2.259269 -1.930556 62 64 63
-1.385872 2.295676 -1.887122 61 63 62
-1.386622 2.361864 -1.791451 63 64 66
-1.041839 2.366784 -1.778920 65 65 65
-1.162549 2.386516 -1.744037 206 211 214
0.409275 2.785458 -1.408135 168 178 179
0.474486 2.678562 -1.256949 221 225 228
-1.123678 1.371663 -4.778788 119 119 111
-0.462234 1.720228 -3.570304 70 74 77
-1.045911 1.706649 -3.439463 149 150 155
-1.222161 1.804983 -3.313282 124 124 122
-1.238312 1.817254 -3.289457 147 149 152
-1.524555 1.881352 -3.114600 133 134 138
-1.462328 1.908819 -2.936375 172 174 171
-1.462328 1.908819 -2.936375 172 174 171
-0.164086 2.434521 -2.426581 53 54 57
-1.156100 2.328538 -1.830233 67 67 67
-0.560134 2.444766 -1.688056 210 214 217
-1.613325 1.327975 -4.812114 107 106 101
-1.594225 1.328876 -4.811873 138 139 134
-0.937323 1.649200 -4.355770 115 117 106
0.128013 1.688505 -4.352665 148 147 142
0.103373 1.717474 -4.304654 121 120 115
-1.551710 1.868832 -3.153180 141 142 147
-1.551710 1.868832 -3.153180 141 142 147
-1.696664 2.146765 -2.075421 58 62 63
-1.696657 2.146713 -2.075387 58 62 63
-1.462654 2.225916 -1.971917 76 80 83
-1.507640 2.262892 -1.921261 61 62 64
0.364777 3.249608 -0.817386 0 2 1
-1.334760 1.412367 -4.703635 141 140 135
-1.432174 1.428918 -4.668843 143 144 138
-0.973415 1.534965 -4.540106 120 120 112
-1.392348 1.591278 -4.415739 125 127 114
-1.392303 1.591791 -4.415892 125 127 114
-0.942580 1.627513 -4.393743 122 122 114
-0.870623 1.632965 -4.387762 127 128 122
0.068840 1.672715 -4.378919 149 148 143
0.084324 1.688393 -4.349313 101 100 95
0.116475 1.703240 -4.326164 146 143 138
-0.962113 1.786737 -4.124902 153 154 148
-0.773490 1.990171 -3.821735 149 149 139
-0.146200 2.063112 -3.729301 95 95 83
-1.484963 1.850091 -3.162445 150 151 151
-1.489577 1.862999 -3.165552 150 151 151
-1.488713 1.887720 -3.112262 136 137 139
-1.741003 1.782738 -2.985646 212 222 223
-1.942273 2.158251 -2.051095 61 65 66
-1.942296 2.159991 -2.050504 61 65 66
0.568738 2.551358 -2.086762 1 2 4
-1.469962 2.314802 -1.849719 64 65 68
-1.626822 1.336778 -4.797961 111 110 105
-1.626822 1.336778 -4.797961 111 110 105
-2.120563 1.360491 -4.725951 67 66 54
-1.554143 1.364950 -4.757876 108 107 102
-1.481460 1.407613 -4.698502 118 118 110
-1.466711 1.408152 -4.696859 146 148 135
-1.460818 1.421722 -4.680017 116 118 107
-0.927480 1.584697 -4.467919 147 146 141
-1.380457 1.596763 -4.409105 130 130 122
-1.380457 1.596763 -4.409105 130 130 122
-1.256825 1.621821 -4.371185 123 123 115
-1.256825 1.621821 -4.371185 123 123 115
0.101375 1.693742 -4.346057 150 149 144
0.075870 1.709416 -4.319462 98 97 92
0.082616 1.719886 -4.310938 150 149 144
0.108418 1.954673 -3.917340 121 122 116
-0.216663 1.965560 -3.884675 121 122 114
-0.247448 2.051150 -3.744925 113 113 103
-1.982524 2.106388 -3.572323 130 130 122
-0.912315 2.246759 -3.409802 126 128 117
-1.443887 1.903569 -2.982092 30 30 30
-1.490922 1.899724 -2.940700 132 133 135
-1.102315 2.128810 -2.830410 44 45 47
0.602885 2.871085 -1.390795 196 204 206
0.583726 2.754375 -1.157652 156 150 136
0.583369 2.755607 -1.156664 156 150 136
0.468457 3.714844 -0.198468 73 28 41
-1.210791 1.328902 -4.843292 117 116 111
-1.210791 1.328902 -4.843292 117 116 111
-1.596865 1.337459 -4.794144 111 110 104
-1.596865 1.337459 -4.794144 111 110 104
-1.537891 1.373354 -4.746132 120 119 114
-1.523027 1.380724 -4.732005 118 117 112
-2.135962 1.386421 -4.681102 178 179 173
-1.386400 1.391529 -4.722372 143 143 131
-1.412491 1.405196 -4.721067 128 128 118
-1.790962 1.426449 -4.649343 125 126 120
-1.430334 1.437686 -4.654759 113 114 108
-1.539916 1.440521 -4.641737 147 146 141
-1.964658 1.445014 -4.606668 104 103 98
-1.081360 1.448705 -4.653127 120 120 112
-0.692525 1.460748 -4.677259 120 120 110
-1.374461 1.472108 -4.606886 128 127 122
-1.494642 1.473689 -4.594052 125 125 117
-1.364503 1.477581 -4.598407 125 126 120
-1.111842 1.495262 -4.586960 114 114 106
-0.421117 1.495750 -4.630939 126 127 120
-1.609870 1.501961 -4.543132 123 122 117
-0.217451 1.525825 -4.606842 123 122 117
-1.621734 1.521585 -4.508289 126 125 120
-1.260675 1.530971 -4.521244 150 152 141
-1.280064 1.536042 -4.516470 147 149 138
-1.276075 1.540919 -4.502510 123 125 114
-0.918593 1.586419 -4.459290 122 122 114
0.006637 1.668869 -4.386820 149 148 143
-0.025618 1.682846 -4.360151 150 149 144
0.057400 1.689038 -4.352139 106 105 100
0.057489 1.688931 -4.352240 106 105 100
-0.014191 1.695282 -4.339999 103 102 97
0.057570 1.711184 -4.319368 143 144 138
0.062743 1.728760 -4.285151 108 108 102
0.062611 1.728746 -4.284853 108 108 102
-1.867599 1.764626 -4.117744 106 106 96
0.189740 1.795046 -4.182150 129 128 123
0.189740 1.795046 -4.182150 129 128 123
-0.120132 2.018329 -3.809075 148 149 141
-2.006639 2.107137 -3.564575 75 75 67
-1.422220 2.111528 -3.591431 82 82 72
-1.021642 1.734222 -3.397038 17 18 22
-1.102110 1.784360 -3.393324 29 29 29
-0.976859 2.231442 -3.427506 114 113 108
0.288063 2.242084 -3.461652 146 145 141
-1.260713 1.830621 -3.258250 158 160 159
-1.707057 1.811161 -3.129723 68 68 70
-1.447223 1.918312 -3.071458 118 117 115
-1.432987 1.901900 -3.000822 150 150 150
-1.389200 1.901573 -2.986896 79 79 81
-1.339401 2.032487 -2.966600 35 37 36
-1.408321 1.922484 -2.890751 127 127 127
-1.127690 2.002493 -2.492176 141 100 118
-1.127016 2.001365 -2.491985 141 100 118
-1.459795 2.358840 -1.786405 223 223 225
0.039340 2.604861 -1.492669 20 26 26
0.038277 2.605596 -1.493058 20 26 26
0.339145 3.303673 -0.739816 47 47 47
-1.591442 1.316603 -4.831115 107 108 100
-1.591442 1.316603 -4.831115 107 108 100
-1.613882 1.321595 -4.819407 142 141 136
-1.087147 1.320955 -4.851328 119 119 109
-1.635936 1.333375 -4.801419 145 147 136
-1.104966 1.332341 -4.837717 111 111 101
-1.229357 1.346465 -4.808122 141 140 135
-1.080034 1.374869 -4.790839 107 106 101
-1.130833 1.366948 -4.781976 148 147 142
-1.680048 1.366470 -4.743331 141 141 136
-1.129150 1.381243 -4.767382 109 109 99
-1.201492 1.400174 -4.735310 108 108 100
-1.473847 1.397500 -4.711963 98 98 86
-0.571463 1.403356 -4.769664 140 139 134
-1.108609 1.416128 -4.722743 116 118 105
-1.108609 1.416128 -4.722743 116 118 105
-1.144063 1.413742 -4.709321 117 116 111
-1.961250 1.420872 -4.644930 118 117 112
-1.836779 1.423985 -4.648152 127 126 121
-1.963418 1.431881 -4.629245 113 113 105
-1.963551 1.429211 -4.628221 113 113 105
-1.126415 1.441788 -4.681189 114 113 109
-1.033523 1.442230 -4.672338 115 114 109
-1.191765 1.448050 -4.658361 96 96 87
-1.008004 1.448229 -4.662881 104 104 94
-1.021972 1.445913 -4.660565 145 145 137
-0.320087 1.471253 -4.684011 113 112 107
-0.320087 1.471253 -4.684011 113 112 107
-1.641861 1.473425 -4.584682 123 122 117
-1.314537 1.481662 -4.596299 108 107 102
-1.314537 1.481662 -4.596299 108 107 102
-0.988599 1.493090 -4.596131 109 109 97
-2.160518 1.500636 -4.506372 123 123 115
-1.660537 1.505082 -4.532491 119 120 114
-1.606750 1.506195 -4.534127 152 151 146
-1.343150 1.536629 -4.504195 148 149 139
-1.367934 1.547504 -4.490788 118 119 111
-1.367871 1.546469 -4.490651 118 119 111
-1.234223 1.554724 -4.487791 124 126 113
-1.234223 1.554724 -4.487791 124 126 113
-0.139725 1.565623 -4.548865 117 116 111
-0.139847 1.565402 -4.548606 117 116 111
-1.454547 1.565549 -4.452660 119 121 110
-0.939603 1.572828 -4.481635 148 149 143
-1.297592 1.582252 -4.438965 156 158 147
-1.164412 1.593875 -4.434258 128 130 119
-0.923720 1.596090 -4.443882 148 148 140
-0.954207 1.623764 -4.402499 150 150 142
-1.274347 1.628961 -4.371485 151 151 143
-0.800796 1.624541 -4.399158 131 132 126
-0.798279 1.633827 -4.403356 131 132 126
-0.184791 1.629823 -4.437014 152 151 147
0.017983 1.647917 -4.418406 80 80 72
-0.726744 1.652979 -4.366295 119 120 112
0.090446 1.676817 -4.384001 147 146 141
0.053966 1.674496 -4.377125 104 103 98
0.076996 1.675041 -4.375596 149 148 143
0.085257 1.684368 -4.366426 144 143 138
0.047243 1.688048 -4.353858 154 153 148
-0.031039 1.688656 -4.343207 127 126 121
0.041006 1.693434 -4.343776 150 149 144
-0.388244 1.696395 -4.317361 120 119 114
-0.013722 1.695963 -4.331315 150 149 144
0.108261 1.701619 -4.338376 75 74 69
0.108261 1.701619 -4.338376 75 74 69
0.050587 1.702972 -4.330198 154 154 148
-0.737052 1.704165 -4.280338 134 135 129
0.025959 1.707891 -4.321070 118 117 112
-0.537875 1.716785 -4.276794 101 102 96
-0.815596 1.737362 -4.225735 130 131 125
0.086307 1.737159 -4.272583 127 128 122
-0.942410 1.754754 -4.192731 151 151 143
-0.932312 1.758594 -4.180898 114 113 108
0.143421 1.790232 -4.186163 115 114 110
0.143472 1.790182 -4.186296 115 114 110
-0.675023 1.800727 -4.136046 115 116 110
-0.674984 1.800475 -4.136017 115 116 110
-0.245538 1.831351 -4.103145 119 120 115
-1.516098 1.839928 -4.017308 122 122 112
-2.197544 1.847383 -3.967852 102 101 96
-2.197544 1.847383 -3.967852 102 101 96
-1.205958 1.841844 -4.031638 159 158 153
0.157043 1.858461 -4.073626 95 96 91
-1.497938 1.872676 -3.968777 114 113 106
-0.803244 1.891720 -3.969473 120 121 115
-0.815493 1.915385 -3.943466 111 112 106
-0.815430 1.914949 -3.943388 111 112 106
-0.291409 1.929945 -3.941253 118 119 113
-0.888630 1.938698 -3.902551 103 104 98
-1.363767 1.928833 -3.865286 147 147 137
-1.362477 1.937922 -3.867943 147 147 137
-0.884116 1.943215 -3.896214 104 105 99
0.286275 1.958905 -3.918020 84 83 78
0.286369 1.958270 -3.918057 84 83 78
-0.461642 1.964457 -3.880532 118 119 111
-1.496613 1.965632 -3.818228 144 144 134
-0.852317 1.975959 -3.838037 153 154 146
-0.835020 1.985173 -3.828321 118 118 108
-0.789584 2.014289 -3.781740 151 151 143
-0.886560 2.020467 -3.761789 116 116 106
-0.555884 2.034195 -3.761711 121 122 114
-0.548043 2.038446 -3.755594 141 142 136
-2.099705 2.055822 -3.640840 113 113 103
-0.162284 2.063400 -3.734410 101 101 91
-0.910208 2.078595 -3.674927 100 99 95
-0.926577 2.086756 -3.659461 134 133 126
-0.935611 2.098159 -3.645885 132 134 126
-0.928131 2.099902 -3.642419 105 106 98
-1.418596 2.103486 -3.602844 58 58 48
-1.418560 2.103801 -3.603091 58 58 48
-1.413319 2.109438 -3.596178 122 122 112
-0.437784 1.718933 -3.583529 81 85 86
-0.485866 1.712716 -3.575471 83 84 88
-0.018736 2.163884 -3.574428 135 136 131
-0.018843 2.163890 -3.574601 135 136 131
-1.040604 1.702283 -3.446266 162 163 168
-1.040788 1.702142 -3.446044 162 163 168
-0.430792 2.191919 -3.513462 149 150 144
-0.435849 2.203670 -3.498607 124 125 119
-0.479765 2.213568 -3.482359 150 151 145
-1.118141 1.793359 -3.392479 48 48 49
-1.165459 1.778540 -3.355085 138 139 139
-1.210694 1.804599 -3.326706 151 151 151
-1.221624 1.801559 -3.325344 93 93 93
-1.263382 1.864247 -3.213680 81 83 80
-1.262904 1.867255 -3.213827 81 83 80
0.071396 2.342688 -3.297571 176 176 174
-1.406859 1.935680 -3.060353 47 46 42
-1.378157 1.903702 -2.988413 155 155 155
-1.374144 1.932505 -2.984059 15 15 15
-1.389647 1.908403 -2.975471 156 156 158
-1.431530 1.914825 -2.969466 103 103 103
-1.472548 1.901568 -2.948096 123 125 124
0.355040 2.521060 -3.035232 135 136 130
0.354862 2.519439 -3.035285 135 136 130
-1.999606 1.730427 -2.851598 156 158 157
0.423829 2.589110 -2.218022 54 54 54
-1.453609 2.224877 -1.973269 44 49 52
-1.453469 2.225144 -1.973247 44 49 52
-0.657700 2.342252 -1.872349 63 4 22
-0.659663 2.312701 -1.885798 63 4 22
-1.047872 2.356634 -1.793904 50 52 53
0.222048 2.637736 -1.438370 125 130 131
0.009818 2.638425 -1.426913 211 215 218
0.573376 2.789532 -1.305266 177 187 186
0.589644 2.770425 -1.308876 239 248 247
0.650518 2.788623 -1.293764 2 4 5
0.578121 2.768665 -1.295116 233 239 237
0.628236 2.764254 -1.163448 212 212 204
0.401919 3.345763 -0.715172 22 22 22
-0.048587 3.520336 -0.421176 77 10 27
-1.336117 4.657450 0.410159 132 129 124
-1.336347 4.656104 0.409113 132 129 124
0.356043 3.781012 -0.032271 61 22 27
0.337440 3.796225 -0.012968 54 21 28
-1.077127 1.317739 -4.864223 111 111 103
-1.608135 1.322255 -4.816726 92 91 86
-1.627484 1.327321 -4.815394 144 143 138
-1.065356 1.338138 -4.826608 112 112 104
-1.630014 1.344605 -4.786846 145 145 139
-1.187858 1.355147 -4.801193 91 90 85
-1.187858 1.355147 -4.801193 91 90 85
-1.541775 1.364405 -4.767110 110 109 104
-1.251383 1.369568 -4.784010 101 101 91
-1.576699 1.363292 -4.750177 113 114 108
-1.557543 1.366597 -4.750828 142 141 136
-1.579707 1.371422 -4.742744 94 95 89
-1.112305 1.396223 -4.782194 142 142 132
-1.088215 1.391801 -4.752864 111 111 102
-2.150483 1.392771 -4.672686 147 146 141
-1.791189 1.394094 -4.692532 163 164 158
-2.146173 1.397526 -4.664099 136 135 130
-1.187179 1.409624 -4.736437 140 140 130
-1.461953 1.402357 -4.704292 122 123 115
-1.089944 1.421400 -4.695508 143 143 134
-1.182747 1.442368 -4.663639 114 114 104
-1.781004 1.445005 -4.618844 126 125 120
-0.280941 1.466246 -4.701488 146 146 136
-1.686209 1.464372 -4.596623 113 112 107
-1.692964 1.464165 -4.596721 146 145 140
-0.713833 1.478963 -4.644263 106 105 100
-0.398981 1.493938 -4.642243 113 112 107
-0.411256 1.497642 -4.630054 179 180 174
-1.276767 1.497620 -4.567509 128 130 119
-0.415949 1.502647 -4.624667 185 186 180
-0.409432 1.509769 -4.626684 123 124 117
-0.653199 1.511932 -4.595523 109 111 100
-0.653258 1.512334 -4.595946 109 111 100
-0.938609 1.512339 -4.574375 142 141 136
-0.988609 1.513142 -4.568486 124 124 113
-0.982272 1.514112 -4.563970 145 145 135
-1.863909 1.517422 -4.502374 91 90 85
-0.902031 1.526354 -4.561188 120 120 112
-1.432132 1.529056 -4.511809 110 111 106
-1.432132 1.529056 -4.511809 110 111 106
-1.175005 1.534013 -4.528268 117 119 108
-1.279259 1.531931 -4.518532 148 150 139
-0.226498 1.533015 -4.587769 119 119 111
-0.081947 1.555019 -4.561959 116 115 110
-0.099444 1.560716 -4.558253 106 105 100
-0.099834 1.559209 -4.557321 106 105 100
-0.111027 1.559466 -4.554058 117 116 111
-0.778422 1.558686 -4.509208 118 117 112
-0.100202 1.567828 -4.555708 147 146 141
-1.456853 1.562093 -4.454478 122 124 113
-0.935138 1.575794 -4.475031 113 114 108
-1.483020 1.579018 -4.437851 125 126 118
-1.482862 1.577806 -4.437074 125 126 118
-0.714043 1.579723 -4.482785 118 120 108
0.029289 1.580617 -4.525602 109 108 103
-0.236343 1.598668 -4.486338 128 127 122
-0.895086 1.606104 -4.421861 153 154 146
-0.959873 1.616409 -4.410588 125 125 117
-1.146951 1.616196 -4.393685 126 126 118
-0.179946 1.627281 -4.442535 122 121 116
-1.723379 1.626640 -4.341695 129 130 122
-0.192411 1.630582 -4.442502 128 127 123
-0.193471 1.636788 -4.445370 128 127 123
-0.952961 1.631562 -4.387574 152 152 142
-0.715367 1.635823 -4.389150 109 110 105
0.091228 1.640815 -4.432468 106 105 100
-0.695804 1.646657 -4.387058 158 159 154
-0.696168 1.642976 -4.384542 158 159 154
-0.691406 1.646275 -4.382699 110 111 106
0.002561 1.644602 -4.418100 114 114 106
-0.715213 1.646611 -4.373436 115 116 111
-0.935343 1.650455 -4.356773 110 112 101
0.014023 1.648724 -4.412882 153 152 147
-0.717345 1.651503 -4.368549 152 153 146
0.050992 1.653792 -4.410631 91 90 85
0.050918 1.653644 -4.410351 91 90 85
-1.862859 1.660461 -4.280319 123 122 117
0.029072 1.665602 -4.390747 143 143 135
0.083976 1.670948 -4.389338 150 149 144
0.027234 1.667854 -4.383334 90 90 82
0.024020 1.672731 -4.377819 152 152 144
-0.043110 1.672970 -4.374401 118 117 112
-0.279717 1.673147 -4.358255 154 153 148
0.092717 1.677938 -4.372786 154 153 148
1.305998 2.378049 -3.316454 159 159 147
-1.174342 2.429453 -1.698096 67 72 68
1.305214 2.380705 -3.318172 159 159 147
-1.460643 1.637758 -4.342227 130 130 119
1.367954 2.705863 -2.800951 184 184 172
-1.460736 1.637769 -4.342256 130 130 119
1.006870 2.421358 -3.222582 155 155 145
-1.252603 1.898884 -3.940427 125 125 117
1.478749 2.838214 -1.767032 56 59 64
-1.977379 2.115477 -3.555558 90 90 82
1.464262 2.834126 -1.773065 62 66 69
1.418818 2.826982 -1.782284 19 20 24
1.381058 2.837945 -1.766140 131 131 133
1.350181 2.805554 -1.809331 19 20 25
1.466914 2.724741 -1.721543 97 97 99
-1.589216 2.282999 -1.892389 214 215 217
1.432161 2.832254 -1.567375 230 205 218
-1.511090 2.291797 -1.880766 59 62 61
1.296628 2.789763 -1.722453 54 58 59
-1.469555 2.314663 -1.849744 63 65 64
1.350510 2.810950 -1.618973 182 126 151
-1.279902 2.377995 -1.764898 61 61 61
1.392683 2.821336 -1.551457 227 208 219
0.029090 2.603917 -1.500191 208 212 213
-1.515886 2.390127 -1.754391 60 65 68
-0.018319 2.002082 -1.543443 221 214 211
-1.651461 1.346650 -4.766165 108 108 100
-1.651889 1.350400 -4.768096 108 108 100
-1.674792 1.359478 -4.756646 146 147 138
-1.193316 1.403703 -4.730180 112 111 106
3.043426 2.405325 -3.368130 164 164 152
-1.193259 1.404155 -4.729703 112 111 106
2.879090 2.270238 -3.575547 138 136 124
-1.111357 1.494796 -4.586146 114 114 105
2.888116 2.315770 -3.501313 165 163 151
-1.335276 1.612447 -4.393050 119 120 114
2.644878 2.177484 -3.753968 137 136 129
-1.412418 1.922935 -3.072254 113 114 109
2.678943 2.185273 -3.689762 136 133 124
-1.979372 1.735838 -2.837991 173 176 177
2.764938 2.272435 -3.539462 144 142 130
-1.979372 1.735838 -2.837991 173 176 177
2.836658 2.396569 -3.366851 146 144 132
-1.506266 2.276660 -1.899565 219 219 221
2.588867 2.223928 -3.624838 164 164 154
-1.506739 2.276869 -1.899873 219 219 221
2.885248 2.568641 -3.119852 177 174 165
-1.114506 1.371207 -4.775551 128 128 118
2.329313 2.075239 -3.853050 107 107 95
-1.567495 1.356742 -4.772917 116 117 109
2.043879 1.892489 -4.139018 113 110 101
-1.082406 1.388793 -4.755832 134 134 124
2.624480 2.498769 -3.200436 170 170 158
-1.401375 1.415839 -4.689989 123 122 117
-1.469573 1.413709 -4.687494 115 116 110
2.249022 2.236845 -3.585740 134 132 120
-1.469573 1.413709 -4.687494 115 116 110
2.973626 2.945174 -2.546908 116 115 110
-1.044295 1.436291 -4.676340 119 119 109
1.917778 1.942690 -4.034838 92 94 81
-1.390305 1.469105 -4.623403 121 120 115
2.599603 2.581283 -3.064907 122 121 116
-1.390305 1.469105 -4.623403 121 120 115
2.280034 2.279427 -3.516192 173 171 159
-1.326709 1.528905 -4.517028 146 145 140
2.550683 2.453484 -3.078066 72 76 79
-0.768413 1.565342 -4.512000 141 142 136
2.537043 2.457711 -3.033305 80 84 87
-1.783934 1.512774 -4.513594 136 135 130
2.867190 2.985909 -2.480808 180 180 170
-0.916872 1.607889 -4.427140 115 115 107
2.849847 2.972649 -2.506537 147 147 137
-0.842856 1.623575 -4.405354 122 123 115
2.609882 2.793541 -2.744693 92 88 85
-0.863341 1.664866 -4.338102 114 113 108
2.061018 2.577375 -3.039873 178 176 163
-1.867615 1.764549 -4.117619 106 106 96
2.436487 2.970093 -2.460893 127 126 121
-1.156957 1.847713 -4.029627 124 123 118
2.014746 2.561672 -3.056559 159 157 144
-1.184681 1.844825 -4.027113 113 112 107
1.826713 2.571304 -3.032222 161 162 148
-1.238806 1.848525 -4.022493 129 129 119
1.247376 2.052818 -3.797747 135 132 123
-1.238806 1.848525 -4.022493 129 129 119
1.808301 2.655456 -2.898485 165 166 152
-1.438377 1.964925 -3.830513 147 146 140
-0.877195 2.020181 -3.765120 159 159 149
1.596730 2.741437 -2.765404 180 181 167
-0.886571 2.020466 -3.761969 121 121 111
1.514639 2.779563 -2.700041 184 185 171
-1.187275 2.029691 -3.730085 144 144 134
1.396899 2.698113 -2.818540 150 150 138
-0.903215 2.080692 -3.669288 128 128 118
1.382984 2.722000 -2.768892 187 188 174
-1.715098 1.805897 -3.137643 167 167 169
1.560859 3.338541 -1.829633 83 83 71
-1.917155 1.734367 -3.074793 206 205 201
0.572506 2.540704 -3.019222 153 152 147
-1.444677 1.909534 -2.978067 33 33 33
0.572506 2.540704 -3.019222 153 152 147
-0.666870 2.262065 -2.645586 23 24 26
0.300725 2.323061 -3.340776 175 174 169
-1.515988 2.221403 -1.973655 223 225 226
1.459030 2.838143 -1.768362 12 16 19
0.073038 2.608658 -1.392581 227 235 237
0.030976 2.173299 -3.559068 132 131 126
1.410388 2.817471 -1.792343 57 60 65
-1.252104 1.371655 -4.776877 134 134 125
1.410407 2.817998 -1.792456 57 60 65
-1.750223 1.347746 -4.765474 163 164 159
-0.007594 2.155940 -3.587192 134 133 128
-1.391225 1.388562 -4.730497 111 110 105
1.475596 2.882583 -1.689713 104 104 104
-1.791468 1.393747 -4.693106 163 164 158
1.456541 2.882358 -1.694840 103 103 103
-1.009173 1.440490 -4.674968 109 109 97
-1.009230 1.440329 -4.675748 109 109 97
1.408193 2.833332 -1.740218 135 134 138
-1.033110 1.445447 -4.673306 110 110 100
1.453350 2.840719 -1.592924 250 206 226
-1.013780 1.443976 -4.671040 135 135 123
1.433824 2.833886 -1.551394 218 201 212
-1.848832 1.409306 -4.668130 138 138 128
1.350932 2.802629 -1.642140 237 215 227
-0.993671 1.450027 -4.663243 136 136 124
0.275952 2.734837 -2.697385 118 118 108
-1.183934 1.449434 -4.660051 143 143 134
1.384864 2.821341 -1.510788 225 198 212
-1.537546 1.445161 -4.635489 111 112 106
1.411525 2.913881 -1.417996 129 142 54
-1.685994 1.465774 -4.597332 125 124 119
1.291717 2.851787 -1.215398 59 59 57
-1.702222 1.466055 -4.597378 121 120 115
1.274428 2.852301 -1.206468 215 221 221
-1.335747 1.533357 -4.519294 114 115 109
1.220720 2.899842 -1.136151 56 56 54
-1.262065 1.536957 -4.512069 105 104 99
0.777179 2.837822 -1.114298 65 68 67
-1.266800 1.539349 -4.507438 151 150 145
0.573174 2.743174 -1.298264 219 230 226
-1.242837 1.546991 -4.495028 128 127 123
-1.151292 2.091127 -2.877787 54 56 53
-1.242837 1.546991 -4.495028 128 127 123
-1.157618 2.089233 -2.870112 66 68 68
-0.957948 1.569247 -4.487357 117 119 108
-0.417399 2.813253 -1.194955 191 113 44
-1.359377 1.546727 -4.489951 149 148 143
-0.509744 2.671231 -1.297020 169 124 51
-1.361057 1.552627 -4.482853 129 128 123
-1.050668 2.468743 -1.633138 210 215 219
-0.916114 1.581838 -4.470620 119 118 113
-0.798283 3.295359 -0.733719 237 213 185
-1.141109 1.572967 -4.462279 122 122 114
-1.140589 1.575022 -4.462573 122 122 114
-0.917212 1.595877 -4.445982 119 118 113
-1.289883 1.582150 -4.440629 131 131 122
-1.289765 1.584283 -4.441009 131 131 122
-1.905737 2.152806 -2.117048 62 63 65
-1.308521 1.579904 -4.438306 126 127 119
-1.130581 3.349430 -0.548166 94 47 31
-1.419235 1.581324 -4.432034 115 114 109
-1.942201 2.183651 -2.039103 55 59 60
-1.419235 1.581324 -4.432034 115 114 109
-1.297867 1.604333 -4.405924 121 123 112
-1.362409 1.605362 -4.399074 114 113 108
-1.362186 1.606206 -4.398840 114 113 108
1.076548 1.894731 -3.604927 89 90 94
-0.722246 1.636049 -4.389786 150 151 143
2.189236 2.067199 -3.853641 129 127 118
-0.696403 1.650050 -4.373966 117 119 106
-0.722301 1.664107 -4.338998 114 113 108
1.524947 2.882801 -1.700207 118 118 120
-0.721115 1.668701 -4.340587 114 113 108
0.488269 2.643638 -2.143076 44 46 47
-0.567940 1.701753 -4.298106 108 110 103
1.240851 1.981612 -3.924462 127 124 117
-0.804328 1.729929 -4.234346 130 131 125
-1.210413 2.429220 -1.695128 151 155 157
-0.807160 1.736397 -4.228657 156 157 151
-1.152764 1.735254 -4.209683 122 123 117
-0.987674 1.745132 -4.205029 84 85 79
-1.012775 2.981691 -0.788197 186 121 6
-0.984514 1.748958 -4.199622 160 161 155
-0.669045 2.680355 -1.421600 203 213 215
-0.962812 1.749044 -4.196763 132 133 127
-0.743072 1.760988 -4.191153 155 154 149
-0.955615 1.784767 -4.143597 154 153 148
-0.722573 1.813246 -4.113541 124 125 119
-0.662872 2.342201 -1.823681 125 0 22
-1.086793 1.832725 -4.057872 105 104 99
-1.643240 2.162844 -2.001788 207 212 216
-0.773424 1.863917 -4.027476 119 118 113
-1.860757 2.167181 -2.078364 206 211 217
-1.172841 1.846087 -4.030525 127 126 121
0.579987 2.704800 -1.224700 208 213 216
-1.172716 1.854206 -4.017834 135 134 129
0.309239 2.700741 -1.450888 131 139 142
-0.788493 1.880072 -4.001428 123 122 117
-1.048929 1.933015 -3.900441 107 107 99
-0.847416 1.967052 -3.865447 114 114 104
2.099494 3.081168 -2.271009 117 117 107
-0.853543 1.969364 -3.853093 110 109 104
0.085133 2.518041 -2.317098 57 58 60
-0.852301 1.976866 -3.838161 156 156 148
-0.786225 1.993402 -3.820817 129 129 119
-1.923229 2.169060 -2.051835 60 62 61
-0.870492 2.007377 -3.787633 163 163 153
-1.925901 2.170731 -2.051919 60 62 61
-0.862769 2.010292 -3.784439 137 137 127
2.001467 2.624904 -2.965837 185 183 170
-0.879404 2.009771 -3.784199 130 130 120
1.971100 2.667915 -2.893759 182 180 167
-0.943558 2.009797 -3.780000 126 126 116
2.540081 2.904534 -2.569951 103 100 95
-0.927740 1.783285 -4.148093 128 128 122
0.145890 1.793164 -4.179722 160 160 153
2.438679 2.952907 -2.488585 85 82 77
-0.961982 1.785577 -4.138259 129 128 123
0.035118 1.795056 -4.168855 136 136 128
1.875944 2.539999 -3.084706 171 169 157
-0.928702 1.788689 -4.136065 133 133 128
0.160512 1.852251 -4.085745 109 109 101
1.621234 2.528878 -3.087975 182 182 170
-0.740978 1.837580 -4.072285 156 155 150
-0.730140 1.746597 -4.184784 146 145 140
1.230539 1.997627 -3.568794 96 97 101
-0.757783 1.845936 -4.055445 126 125 120
0.677865 1.944199 -3.957315 136 135 130
-0.769089 1.858522 -4.036439 127 126 121
0.676723 1.941788 -3.949783 90 89 84
1.504494 2.854650 -1.742391 59 60 62
-1.173292 1.851941 -4.025183 158 157 152
-0.923571 1.769867 -4.180138 129 128 123
1.349551 2.837419 -1.741477 136 136 136
-1.250250 1.850089 -4.019643 113 113 105
0.758320 1.964969 -3.927521 136 135 130
1.168870 2.874763 -1.846646 4 5 7
-1.523385 1.842248 -4.014795 156 155 150
0.764302 1.965713 -3.920884 88 87 82
1.407108 2.829429 -1.559565 252 209 229
-0.914554 1.919920 -3.940819 148 149 143
0.756653 1.968257 -3.917265 135 134 129
-0.008107 2.161365 -3.578213 160 159 154
-1.577241 1.904878 -3.913136 117 116 111
-0.566939 1.837537 -4.074652 166 165 160
0.771619 2.854994 -1.083291 185 189 190
-1.448787 1.936520 -3.868483 122 122 114
-0.014295 1.918343 -3.971241 115 115 105
0.003622 2.358774 -2.275543 55 55 56
-1.449613 1.937704 -3.868752 122 122 114
0.247573 2.652827 -1.402243 94 100 100
-0.823882 1.993199 -3.814087 122 124 111
-0.370018 1.901323 -3.992210 91 91 83
-1.059667 2.207469 -2.754195 48 48 50
-0.710042 2.027298 -3.768991 149 149 139
0.106460 1.966634 -3.899747 110 110 100
-0.545148 2.697374 -1.433462 224 215 200
-0.119308 2.049358 -3.749794 138 138 130
0.763913 2.054448 -3.772865 73 70 61
-0.941491 2.019041 -3.767532 155 155 145
-0.117196 2.009860 -3.821852 129 129 119
2.997158 2.295614 -3.543578 131 129 117
-1.183176 2.021470 -3.748311 154 154 144
2.885879 2.221726 -3.651776 116 113 104
-0.762218 2.044248 -3.741362 116 116 106
-0.110174 2.018763 -3.808103 125 125 115
2.861243 2.258731 -3.587898 125 122 113
-1.169628 2.031163 -3.735462 146 146 136
-0.116933 2.037760 -3.770242 128 128 118
2.866315 2.267433 -3.577328 116 114 102
-0.962156 2.051139 -3.716273 106 106 96
-0.117649 2.040993 -3.770718 128 128 118
2.865065 2.297718 -3.530033 129 127 115
-0.905375 2.064678 -3.691987 103 103 93
-0.276282 2.038500 -3.765312 123 123 113
2.865103 2.298352 -3.530351 129 127 115
-0.834020 2.093528 -3.660185 146 146 136
0.663496 2.159228 -3.602915 98 97 93
2.805113 2.214664 -3.643460 111 111 99
-0.895645 2.092134 -3.661945 106 106 96
0.481914 2.142523 -3.627529 147 146 142
2.804908 2.214293 -3.643098 111 111 99
-0.126716 2.175043 -3.553666 60 61 56
-0.246031 2.051658 -3.734705 146 146 134
2.854606 2.285853 -3.542119 159 157 145
0.485002 2.146399 -3.622353 88 87 83
2.754859 2.244179 -3.607405 151 148 139
0.012597 2.189244 -3.535811 160 159 155
-0.628862 2.032098 -3.759539 131 131 121
2.741352 2.238449 -3.605096 137 134 125
-1.251746 2.146001 -3.550775 137 139 128
-0.628536 2.027828 -3.759245 131 131 121
2.705957 2.198647 -3.676517 134 132 119
-0.140142 2.202065 -3.507972 99 98 94
-0.768295 2.024926 -3.769174 115 115 105
2.736233 2.248169 -3.582352 161 159 147
2.417935 2.221944 -3.625080 136 136 126
-1.439023 1.889895 -2.863005 176 181 184
-0.093989 2.246229 -3.454364 144 143 138
2.428184 2.244318 -3.590396 141 138 129
-1.999837 1.729751 -2.851438 155 159 162
0.147903 2.279557 -3.396797 122 121 116
2.625329 2.546187 -3.123294 128 128 118
-1.628917 2.160252 -2.054150 49 53 56
0.295743 2.327205 -3.333659 129 128 123
-0.774188 2.183375 -3.491378 153 153 143
2.735791 2.765674 -2.794105 120 117 108
0.299895 2.334612 -3.320961 164 163 158
2.575029 2.456702 -3.094817 4 4 3
-0.046890 2.293930 -3.368920 115 114 109
2.575314 2.455360 -3.094118 4 4 3
0.297103 2.362835 -3.280183 166 165 160
2.729160 2.769848 -2.785342 125 122 113
-0.907431 2.224404 -3.449034 116 116 108
2.480639 2.441212 -3.282310 163 161 149
0.283740 2.400426 -3.218638 135 136 130
2.723213 2.776558 -2.776493 117 114 105
0.149388 2.398233 -3.211900 145 145 137
2.473319 2.437877 -3.283258 130 128 116
-0.367845 2.606059 -1.461245 205 108 55
0.280073 2.421506 -3.181416 143 142 137
2.312529 2.229742 -3.596469 164 161 152
-1.456465 3.075553 -1.012725 225 204 183
0.285119 2.427409 -3.173461 168 167 162
2.417935 2.221944 -3.625080 136 136 126
-1.469820 1.874169 -2.874413 188 198 199
2.420694 2.206086 -3.647555 129 129 119
-1.430355 1.927381 -2.949594 102 102 102
-0.445568 2.167744 -3.540613 130 127 118
2.503254 2.259268 -3.565554 118 115 106
-1.796226 1.761814 -3.017243 83 87 86
0.307980 2.261257 -3.435627 111 110 108
2.460221 2.200320 -3.655605 163 161 149
-1.821671 1.758532 -3.031086 65 65 65
0.178395 2.227786 -3.455909 105 104 100
2.579519 2.314143 -3.480484 143 141 129
-1.450503 1.931955 -3.030748 41 37 36
0.178395 2.227786 -3.455909 105 104 100
2.351014 1.940747 -4.079619 97 94 85
-1.422430 1.932959 -3.034763 132 128 127
2.373645 1.948146 -4.055328 120 117 108
-1.422752 1.933046 -3.034567 132 128 127
0.307473 2.254544 -3.443705 147 148 143
2.375078 1.942987 -4.052520 120 117 108
-1.422321 1.937923 -3.050698 17 13 12
0.155479 2.219270 -3.492566 138 137 133
2.597488 2.233636 -3.616629 164 161 152
1.139825 2.735430 -1.869995 190 198 197
-2.703667 2.286036 -3.236240 71 71 63
-3.484985 2.935457 -2.182509 93 93 85
-0.945206 1.760599 -4.181689 153 154 149
-1.941710 2.158257 -2.057352 61 66 67
-1.232047 1.722999 -4.223597 118 118 110
-1.456576 2.364834 -1.783701 194 194 196
-2.676514 1.987139 -3.720163 112 111 106
0.110042 2.687103 -1.366705 121 122 126
-2.723426 1.969474 -3.745180 133 132 127
-2.296200 2.529177 -2.817296 185 204 5
-1.401492 1.587034 -4.422751 133 133 125
-1.628228 2.284858 -1.891608 63 63 63
-1.368408 1.557093 -4.484844 157 157 149
-1.579522 2.239647 -1.957703 196 205 210
-2.603825 1.879745 -3.896352 108 107 102
-2.480391 2.222564 -3.349820 100 100 92
-2.479965 1.799957 -4.018552 107 106 101
0.352516 3.251000 -0.831748 61 61 63
-2.494365 1.756248 -4.101838 100 99 94
0.045244 2.653766 -1.417141 167 168 172
-2.328171 1.689932 -4.213039 112 111 106
-1.330358 2.409617 -1.722700 202 206 207
-2.275081 1.578140 -4.381260 102 101 96
-2.267882 2.290277 -3.180745 116 116 106
-2.533632 1.533893 -4.437925 115 114 110
-2.399553 2.490956 -2.930809 200 218 22
-2.141455 1.342837 -4.751444 122 122 110
-3.489285 2.922850 -2.198369 86 85 80
0.223232 2.670515 -1.290190 186 191 194
-3.918313 2.764372 -2.417347 121 120 115
-1.148428 2.357205 -1.799891 220 224 228
-3.976804 2.683123 -2.534031 96 95 90
-1.346531 2.350835 -1.804072 54 55 57
0.214027 3.192072 -0.739292 61 63 64
0.043659 2.656291 -1.437137 177 181 182
-1.653831 1.858763 -3.100293 181 182 184
0.013466 2.649924 -1.427321 191 195 198
-1.857359 1.745250 -3.046999 43 44 46
-1.742559 2.215214 -1.972942 213 216 221
-1.304808 1.518380 -4.537017 156 155 150
-2.260876 2.481507 -2.960750 211 224 22
-2.648881 1.866202 -3.909817 138 137 132
0.763473 2.513888 -3.071008 207 212 215
-2.574214 1.655942 -4.242116 104 103 98
-0.386065 2.611445 -1.457950 162 68 60
-1.836941 1.414312 -4.663979 139 139 131
-1.159654 2.320051 -1.844211 47 52 55
-2.870946 1.678375 -4.199149 141 140 135
1.207216 2.405733 -3.256704 209 217 220
-1.480649 1.866395 -3.145816 81 81 81
-2.620165 2.347762 -3.145830 165 186 15
-1.422643 2.110538 -3.590863 80 79 74
0.971886 5.092564 -1.517211 207 211 214
-2.432904 2.315832 -3.207306 86 86 78
-1.933882 2.126505 -1.961523 201 206 209
-1.244502 1.624301 -4.379150 154 153 149
-2.829519 2.272451 -3.246240 120 119 110
-1.356051 1.482542 -4.594149 127 126 122
-3.218070 2.528906 -2.826538 90 90 80
-2.627309 1.788121 -4.035555 130 129 125
-3.876520 2.445938 -2.917431 96 95 91
-1.631360 1.318164 -4.825198 112 111 107
-2.494703 3.010731 -1.349280 253 227 228
-0.929919 1.837450 -4.061289 121 120 116
-2.193883 2.533748 -2.880331 138 160 4
-2.120563 1.360491 -4.725951 78 72 66
-0.885828 4.559691 -2.874351 239 240 247
-2.659987 2.266798 -3.270168 94 94 86
0.751338 2.521353 -3.058717 125 125 120
-1.545246 2.282777 -1.924326 203 213 215
-0.656216 2.389219 -1.762557 128 39 67
-1.102981 2.359313 -1.789244 200 205 209
-1.549443 1.867392 -3.137566 167 167 167
-1.262229 1.802549 -3.320780 153 156 165
-1.048779 1.770377 -3.418385 1 1 3
0.793968 2.845273 -1.177632 162 166 169
-1.046307 2.356802 -1.792492 72 75 78
-0.891157 2.088036 -3.660565 127 129 128
-0.810636 2.768125 -1.311187 90 10 31
1.388031 3.321245 -1.847227 101 98 89
-1.597693 1.385947 -4.730632 146 145 140
1.610056 3.749015 -1.199985 159 175 0
-1.833143 2.118030 -2.111006 208 213 216
1.822150 3.810034 -1.126801 81 78 73
-1.152744 1.735225 -4.209603 116 116 110
2.717047 3.165505 -2.184991 109 106 97
-1.672272 1.368243 -4.744427 96 95 91
-1.206626 2.366381 -1.786757 76 82 83
0.175292 3.195483 -0.741965 198 205 209
-1.049321 1.704116 -3.452763 243 254 254
0.181276 3.183359 -0.761024 19 20 22
0.575368 3.682734 -1.108820 98 98 96
-1.285266 2.388288 -1.750764 214 219 222
1.595009 3.497777 -1.592522 58 57 52
0.704182 2.795219 -2.607184 184 185 187
1.602243 3.502877 -1.587102 48 47 43
1.593338 3.647935 -1.348462 172 190 6
-1.237489 1.851866 -3.242548 60 60 60
1.729039 3.713326 -1.266148 56 51 45
-1.169293 1.820490 -3.307326 121 121 121
1.525417 3.736125 -1.225891 179 192 1
-1.868069 1.780746 -3.101393 99 99 99
0.758233 2.818763 -1.125936 87 89 88
-2.139088 2.493177 -2.947349 44 46 0
-0.722893 2.703632 -1.331608 152 123 65
-2.280236 2.452884 -3.006894 246 251 84
-1.733541 1.778823 -3.104314 170 172 171
-1.478500 2.058663 -3.666170 124 123 118
-1.703296 1.800142 -3.144073 116 117 119
-2.256486 2.321112 -3.207646 86 86 76
-1.710107 2.352801 -1.901642 172 190 194
-0.993060 1.832125 -4.082144 121 120 116
-1.572616 2.284551 -1.891056 216 228 237
-0.996317 1.825139 -4.079187 121 120 116
-1.510525 2.265491 -1.896209 230 243 252
-1.515103 2.272082 -1.909453 178 191 200
-0.951740 1.777031 -4.157010 157 156 152
1.410067 3.360087 -1.788035 104 104 96
-2.775124 1.919258 -3.818309 135 134 129
1.288740 3.662851 -1.309966 151 158 60
-3.050041 2.011374 -3.643799 132 131 126
1.763144 3.717490 -1.254181 138 138 97
-2.480869 1.792039 -4.042315 113 113 105
1.724507 3.778203 -1.169704 41 37 34
-2.653729 1.834343 -3.970905 126 125 120
1.786737 3.780178 -1.171834 53 49 46
-3.057350 1.963299 -3.734402 112 111 106
1.794183 3.776369 -1.174213 87 83 80
-2.972371 1.896052 -3.838161 114 113 108
1.794043 3.776477 -1.174429 87 83 80
-2.405015 1.673819 -4.219674 110 109 104
1.847585 3.797147 -1.144941 47 41 11
-3.143770 1.942562 -3.767649 110 109 104
2.758010 3.495960 -1.689340 123 119 107
-2.920394 1.849294 -3.916926 118 117 112
2.888487 3.534733 -1.636394 148 144 132
-2.758674 1.759872 -4.070030 112 112 104
-1.306383 2.392254 -1.745285 142 152 162
-3.070818 1.755175 -4.051987 114 113 108
-1.153330 2.430238 -1.697463 88 94 95
-2.558412 1.507738 -4.467670 98 97 92
0.154575 1.557189 -2.525048 33 34 38
-2.313448 1.407424 -4.641237 101 100 95
-0.737387 2.050201 -3.744720 158 162 161
-2.814457 1.576885 -4.339005 99 98 94
0.125155 2.623545 -1.379067 247 253 253
-2.505609 1.428878 -4.591468 124 123 118
0.270924 3.206675 -0.718266 28 28 30
-2.997553 1.554765 -4.368923 62 61 57
1.657305 3.664836 -1.339144 109 104 104
0.903986 2.665008 -1.603260 88 76 88
1.693651 3.715635 -1.261232 52 53 0
0.035728 2.621584 -1.475068 223 228 224
1.654507 3.756754 -1.197623 77 73 70
-0.127982 2.380342 -3.227389 121 120 116
1.775203 3.739452 -1.229859 31 29 8
-0.066740 2.317569 -3.332511 122 121 117
0.607540 2.748342 -1.169211 187 187 179
-2.136472 2.491867 -2.934129 210 222 36
-1.123157 2.416480 -1.715456 77 81 82
-2.302016 2.483994 -2.952029 245 254 27
1.638282 3.656687 -1.314573 189 206 31
1.183617 2.913173 -1.107596 203 207 209
-2.771787 1.921252 -3.812815 107 106 101
0.725137 2.801508 -1.098552 181 186 189
-3.065815 2.009235 -3.653285 104 103 98
-0.419086 2.858756 -1.166044 249 253 253
-2.602127 1.818802 -3.984371 109 108 103
1.028302 3.449131 -1.622082 66 66 56
-2.590501 1.814170 -4.001459 106 105 100
0.077526 2.665102 -1.450407 244 250 248
-2.644860 1.820212 -3.982223 99 98 94
1.489667 2.810530 -1.582614 232 232 232
-3.148035 1.994197 -3.672940 109 108 103
0.678081 3.561654 -0.962157 37 37 35
-3.051834 1.956949 -3.738572 134 133 128
0.747673 3.561489 -1.481602 41 43 38
-2.827840 1.868632 -3.891268 101 100 95
1.095492 3.548612 -1.480284 145 155 7
-2.635367 1.801074 -4.021944 110 109 105
1.095492 3.548612 -1.480284 145 155 7
-2.341325 1.665574 -4.244419 109 108 103
1.473515 2.876495 -1.939213 41 45 46
-2.803694 1.828546 -3.959575 111 110 105
0.727344 3.118721 -0.888058 199 204 208
-3.169460 1.928714 -3.775510 106 105 100
2.119571 3.020595 -2.364988 97 94 88
-1.958100 1.436765 -4.615623 142 141 137
-0.766522 2.837502 -1.175143 62 35 44
-2.347536 2.435855 -3.027240 242 252 31
0.728628 3.361806 -0.535156 196 197 199
-2.486167 1.741604 -4.116703 128 127 123
0.756685 3.335686 -0.567947 53 55 54
-2.928372 1.686011 -4.166021 131 130 125
1.106656 2.979320 -1.008688 178 183 179
0.292377 3.190486 -0.731649 5 7 6
1.827618 3.779500 -1.187428 63 60 21
-0.557531 1.714850 -3.541388 38 43 49
-1.170358 2.168567 -3.525134 117 123 123
-3.323381 1.827880 -3.924879 114 113 109
0.339901 3.130688 -0.913306 193 196 201
-1.451680 1.906420 -3.085929 131 130 126
0.786922 2.937042 -1.081809 172 173 175
-1.354144 1.925791 -3.889233 113 112 105
0.222004 3.592045 -0.316124 194 187 190
1.836354 3.842670 -1.074002 112 107 103
-1.447239 2.386652 -1.763325 150 163 171
-1.274022 2.399512 -1.737486 175 185 191
-0.733731 2.705230 -1.341842 170 140 54
-1.333237 2.298760 -1.875576 195 208 214
-3.169805 9.510301 -0.254517 41 44 43
1.335945 2.798592 -1.757587 42 44 46
-1.111576 2.004485 -2.505149 222 212 220
0.272977 3.118562 -0.821157 4 5 7
-1.467585 1.901335 -3.095051 54 52 52
1.989635 3.811599 -1.096827 163 177 6
-1.420444 1.905682 -3.095954 93 92 89
-1.430433 1.738774 -3.289976 86 86 85
-1.500252 1.644208 -3.319575 173 174 178
-0.888220 2.400485 -2.384360 215 220 224
0.301634 2.303847 -3.363129 172 173 168
1.338957 2.802012 -1.556597 221 189 204
0.092658 2.299927 -3.386722 148 149 141
-1.812523 2.218594 -1.907562 151 164 172
0.073450 2.287495 -3.388808 122 123 117
-1.406996 2.335003 -1.834280 148 162 163
-0.315929 2.223788 -3.467918 147 147 137
-1.281105 2.482901 -1.653287 175 182 185
-0.161699 2.204751 -3.505866 130 129 123
-1.051252 2.479534 -1.635247 179 180 185
-1.402155 2.092642 -3.619710 122 122 112
-0.429258 3.482268 -0.383875 153 90 107
-0.010053 2.154151 -3.587703 126 125 120
0.495794 2.691350 -1.223619 161 165 168
0.100247 2.149157 -3.603506 161 160 155
1.729024 3.760260 -1.196509 74 70 67
-1.097177 1.681780 -4.300014 140 141 133
1.735075 3.782311 -1.163307 84 80 77
0.080468 1.704992 -4.326519 143 143 135
1.746995 3.795758 -1.149732 52 48 45
0.076870 1.675801 -4.376141 145 142 137
1.767001 3.786284 -1.162591 33 29 26
0.078514 1.667761 -4.384731 111 110 105
1.850059 3.849948 -1.068115 108 103 98
0.306335 1.658548 -4.414936 114 113 108
-1.359626 2.349348 -1.811421 134 146 146
-1.023582 2.365926 -1.784295 34 38 41
0.521249 2.849898 -1.186628 12 12 14
-0.943521 2.009147 -3.779610 133 131 119
-0.021964 3.510007 -0.412862 200 188 193
0.029064 2.045376 -3.763780 75 75 67
0.871078 2.895099 -1.150807 156 157 161
0.299916 1.962092 -3.914374 95 96 90
0.823108 3.518331 -1.502163 29 30 14
0.023431 1.886343 -4.023847 125 126 120
1.108779 2.985590 -1.008509 68 71 67
-1.348214 2.418600 -1.709910 65 68 66
-0.151327 2.200956 -3.509540 153 153 145
-1.504418 1.814671 -3.256743 99 99 101
-0.875201 2.083992 -3.663897 132 132 120
-3.013652 2.998516 -3.234689 176 177 181
0.231309 1.639080 -4.443183 93 92 87
0.164495 3.177971 -0.768712 175 176 180
-0.035120 1.678693 -4.365146 118 118 107
0.740068 2.838072 -1.095747 174 178 181
0.276540 1.599990 -4.502534 52 51 47
0.748550 3.342252 -0.559337 74 76 75
-1.403119 1.898743 -2.960058 134 134 136
0.661450 3.488759 -0.948671 11 12 7
-0.870732 1.632954 -4.387706 130 129 124
1.041559 3.556356 -1.465005 151 158 20
0.023151 1.668929 -4.386568 111 110 105
1.288243 3.664407 -1.301523 72 67 26
1.651136 3.663371 -1.341487 96 92 88
-1.241311 2.340066 -1.810312 207 217 219
1.561866 3.753558 -1.196078 221 223 90
1.609601 3.749797 -1.201202 161 165 0
0.090935 1.698985 -4.338610 140 139 134
1.604492 3.754530 -1.197482 162 169 0
0.090833 1.699134 -4.338928 140 139 134
1.641022 3.761843 -1.187132 53 50 45
-1.288366 1.945489 -3.256768 127 127 129
1.758914 3.844140 -1.074381 58 55 50
-1.433298 1.916262 -2.931904 146 146 147
1.822353 3.810048 -1.126818 84 79 75
-1.407898 2.351864 -1.801534 230 230 232
1.879881 3.817886 -1.116567 237 240 68
0.863897 5.028941 0.834197 163 164 158
2.176930 3.947024 -0.941501 166 176 0
0.716990 3.367669 -0.526319 210 211 210
1.730095 4.630504 0.139120 121 117 106
0.788096 2.828125 -1.092280 179 183 186
-1.870185 3.653458 -0.576374 82 56 28
-0.001526 2.712897 -2.720660 87 87 79
-0.321280 3.438061 -0.534724 73 20 31
-1.463383 1.938376 -3.035759 45 44 42
0.200229 3.200064 -0.729827 185 188 193
-1.447554 1.912064 -3.061207 34 33 31
0.806204 3.409054 -0.764579 85 84 82
-0.799070 2.309307 -3.306600 106 106 96
0.841473 3.525912 -1.496222 47 48 17
1.550364 3.455918 -1.645787 55 52 47
1.758773 3.706367 -1.284818 252 253 90
-3.624486 3.525478 -1.208172 182 194 194
0.493006 3.051719 -0.887461 199 202 207
-0.000531 1.701304 -4.328833 148 148 138
0.788311 2.388810 -3.223449 153 163 172
0.039662 1.705548 -4.322716 103 103 93
-1.208894 1.967977 -2.678523 172 178 178
0.032157 2.609208 -1.482621 232 235 232
0.187593 2.595226 -1.436003 154 159 165
-2.341919 2.432796 -3.024517 165 186 30
-2.790295 2.747160 -2.522756 89 91 80
-3.613874 2.703493 -2.537489 123 122 117
-4.249079 2.718995 -2.465854 78 77 73
-1.500391 2.217779 -1.980387 78 80 82
-1.581666 2.366413 -1.871995 214 215 218
-0.470638 2.396765 -1.836651 223 233 242
0.605310 2.770312 -1.144402 130 126 118
0.820919 2.909668 -1.081266 137 137 135
0.937398 3.437601 -1.634212 120 124 47
0.952657 3.440814 -1.626015 133 136 46
0.899556 3.475433 -1.575628 132 139 23
1.093526 3.495041 -1.553708 160 166 14
1.030543 3.549095 -1.467390 162 168 18
1.045931 3.542296 -1.469028 173 179 27
1.227359 3.567901 -1.442691 183 190 24
1.263290 3.653382 -1.318009 213 219 75
1.555558 3.753117 -1.191482 73 73 10
1.757149 3.773213 -1.175189 75 71 68
1.655713 4.279493 -0.400134 68 65 60
2.003138 4.640623 0.133054 37 35 23
2.003135 4.640287 0.133365 37 35 23
1.854190 4.904404 0.557646 63 59 48
-1.537348 2.213443 -1.982432 178 179 181
-1.474582 2.232037 -1.958347 168 173 176
-1.315709 2.402292 -1.732458 50 51 55
-1.136349 2.373889 -1.769813 42 43 45
-1.033213 2.356936 -1.795469 177 182 185
-3.328034 3.576621 -1.122279 198 208 209
0.660168 2.779788 -1.142659 178 178 178
0.722566 3.381851 -0.525420 78 83 79
1.842589 3.803348 -1.138168 54 49 41
1.467938 4.897843 0.565373 156 154 142
1.477982 4.889248 0.565336 123 118 108
1.466286 4.912375 0.595887 153 149 138
-1.453676 2.222782 -1.967322 77 82 86
1.819728 4.612748 0.100913 81 78 71
0.757550 2.910431 -1.089952 154 156 155
-1.795653 3.676379 -0.548083 64 20 19
0.554350 2.752006 -1.156297 144 135 118
1.897465 3.856887 -1.063487 219 226 57
1.830543 4.603233 0.091398 138 136 124
0.043359 2.584656 -1.530751 179 182 187
1.647728 3.737783 -1.213069 58 56 55
0.189337 2.688322 -1.325656 47 48 50
0.658291 3.568731 -1.072611 85 86 82
0.491904 2.863813 -1.172926 183 184 187
0.651903 3.521491 -0.945498 29 30 25
0.471078 3.611083 -0.241579 196 200 203
-0.493470 2.588037 -1.345248 0 0 0
-0.728483 3.512821 -0.712919 98 15 33
0.419658 3.589168 -0.320865 196 200 203
-2.943079 3.088166 -1.252023 143 81 30
-0.054415 2.886216 -1.115351 184 187 192
0.371211 3.422304 -0.444645 193 198 202
1.614489 3.753009 -1.193668 215 220 83
0.042915 2.660214 -1.412545 45 47 48
-0.651784 2.305965 -1.888245 237 207 219
-1.270212 2.382345 -1.746752 54 55 57
-3.340860 3.587655 -1.140193 162 172 173
-0.627488 2.865670 -1.143580 0 0 0
0.771652 2.823885 -1.252298 185 189 190
-0.925984 2.656217 -1.431779 68 24 37
1.052308 3.583939 -1.426149 165 173 9
-4.415087 3.457659 -3.946235 194 204 213
-0.409099 2.128201 -3.612922 150 149 144
-1.108876 2.417256 -1.709632 52 53 55
-0.755066 2.248274 -3.391891 134 133 129
-1.324227 2.405334 -1.729358 210 214 217
-1.485034 2.317557 -1.833654 207 211 214
-2.423256 1.800351 -2.533333 112 113 108
-3.028045 2.923616 -2.220153 114 113 108
-3.431204 3.338125 -1.554360 81 79 75
-3.875256 2.887585 -2.243392 125 124 119
-3.874511 3.053315 -1.976565 80 79 74
0.523411 2.833529 -1.214751 24 26 23
0.513897 2.367505 -3.285796 125 124 120
0.127111 2.167362 -3.552827 121 120 116
0.084614 2.083770 -3.709732 114 113 108
0.061617 2.080899 -3.717143 118 117 112
-1.162213 2.315971 -1.844493 49 54 58
-1.526394 2.196512 -2.007467 67 68 70
-1.595404 2.423480 -2.293933 218 220 220
-3.156391 2.625686 -2.673958 98 98 88
-3.166628 2.608649 -2.710382 111 110 104
-3.262381 2.640217 -2.648974 109 108 103
-3.168570 3.206799 -1.160084 120 74 39
-3.583771 2.646015 -2.618531 106 105 100
-3.501170 3.341123 -1.544839 113 112 107
-1.166744 2.414088 -1.716305 204 210 211
-1.118968 2.495496 -1.714312 0 0 0
-1.636963 2.272604 -1.910947 204 210 207
-2.964758 3.001850 -1.225737 108 46 2
-3.458277 3.200575 -1.769387 82 81 76
-0.283894 2.142819 -3.604511 125 124 119
-1.886208 2.169274 -2.043876 204 204 206
-1.886566 2.169290 -2.043818 204 204 206
0.395741 2.088609 -3.708702 96 96 88
-3.217332 2.531546 -2.829005 100 100 91
-3.404773 3.504546 -1.284958 86 85 81
-3.413939 3.473310 -1.333610 88 87 83
-4.108053 2.872684 -2.242236 94 93 89
0.179156 2.602009 -1.413557 211 216 220
0.206040 2.728551 -1.350978 129 130 132
-3.390043 3.486106 -1.310537 100 97 90
-0.864001 2.237864 -2.108369 206 216 218
-1.025219 2.362454 -1.782469 55 60 63
-1.606553 2.263765 -1.918716 70 70 69
0.555038 2.878745 -1.156119 169 170 172
-1.508625 2.226283 -1.968055 210 214 218
-1.280252 2.377906 -1.765399 64 65 65
-1.694359 2.230463 -1.962942 69 74 76
0.643697 2.329620 -3.347536 115 115 107
0.096154 2.091543 -3.698560 122 121 116
0.101224 2.145169 -3.599011 128 129 123
0.026711 2.049376 -3.762656 96 95 90
-0.001078 2.051653 -3.734266 123 122 117
-0.764480 2.848689 -1.179876 64 9 25
-1.152460 2.349261 -1.798721 215 219 218
-1.166499 2.417127 -1.708832 52 53 55
-1.430302 1.907997 -3.097262 151 149 150
-1.336120 2.337210 -1.820855 55 60 63
-1.299587 2.469359 -1.650372 53 53 58
-1.388986 2.363448 -1.806236 61 61 63
-1.367593 2.417682 -1.721138 56 56 58
-1.517334 2.382308 -1.766603 35 36 38
-1.517334 2.382308 -1.766603 35 36 38
-1.984715 2.074796 -1.924900 215 218 220
-1.943559 2.172955 -2.043161 61 63 66
-1.953279 2.168160 -2.044522 63 67 68
-2.253491 3.300932 -0.867049 56 1 0
-2.375692 3.331319 -0.872106 147 82 18
-3.132959 2.944657 -2.184539 78 77 72
-3.131097 2.945180 -2.184826 78 77 72
-3.096035 3.027457 -2.055433 95 95 87
-3.080682 3.111806 -1.918964 115 115 105
-2.810399 3.714242 -0.989199 111 110 106
-2.821142 3.716766 -0.987146 115 114 110
-3.388816 2.871651 -2.286252 94 93 88
-3.472647 2.742307 -2.476472 96 95 91
-3.171889 3.204181 -1.168043 109 51 8
-3.074048 3.587108 -1.174226 108 107 102
-3.079247 3.586239 -1.184329 65 64 59
-3.088766 3.570333 -1.175319 93 92 87
-3.044524 3.728648 -0.949438 101 100 96
-3.407199 3.339380 -1.555328 96 95 90
-3.265845 3.591980 -1.156306 104 103 98
-3.622291 3.050986 -1.990928 92 91 86
-3.488786 3.338340 -1.563118 115 114 109
-3.490857 3.339617 -1.546935 115 114 109
-3.486100 3.361226 -1.524540 92 91 86
-3.346143 3.593173 -1.150010 132 131 127
-3.515378 3.344107 -1.535536 97 96 91
-3.824595 2.949890 -2.143745 106 105 100
-3.874282 3.065525 -1.986175 84 83 78
-3.845002 3.271798 -1.640235 125 124 119
-4.009730 3.070335 -1.935489 127 126 121
-4.087101 3.096487 -1.929992 100 99 95
0.389311 2.093715 -3.702830 81 81 70
0.136899 2.172956 -3.564833 116 115 110
-0.113658 2.082795 -3.714704 117 116 111
-0.166234 2.065504 -3.731789 102 101 96
-0.241261 2.034230 -3.785584 115 114 109
-0.247715 2.053260 -3.745775 115 114 109
-1.525481 2.396240 -1.754107 45 47 52
-2.544436 2.367511 -3.110016 178 194 43
-3.118830 2.958755 -2.185965 116 115 110
-3.129834 3.234970 -1.144832 79 47 26
-3.149225 3.223808 -1.158939 134 84 45
-3.278564 3.164663 -1.215907 116 58 19
-3.487854 3.139610 -1.862259 98 97 92
-3.274668 3.492225 -1.319489 90 89 84
-3.251023 3.587764 -1.160197 101 100 95
-3.301103 3.583293 -1.166692 84 83 78
-3.388915 3.471534 -1.339761 86 85 81
-3.327603 3.608820 -1.122610 129 128 124
-3.495691 3.345147 -1.542025 89 88 83
-3.378272 3.558199 -1.198701 131 130 124
-3.424034 3.531555 -1.242638 108 107 102
-3.940207 2.988572 -2.079452 68 67 63
-3.736094 3.488322 -1.331953 116 115 110
-4.017429 3.074400 -1.943921 100 99 94
-3.966863 3.181012 -1.775416 102 101 96
-3.966289 3.184199 -1.777135 102 101 96
-4.047023 3.347600 -1.507661 101 100 95
-4.085598 3.510902 -1.251159 100 99 94
-4.085599 3.510529 -1.251015 100 99 94
-0.639929 2.107373 -3.650443 117 116 112
-1.836500 2.112570 -2.117522 213 218 221
-1.806786 2.262918 -2.115420 210 214 217
-2.783139 2.425840 -3.010921 95 95 85
-2.345396 3.317145 -0.879950 166 105 41
-2.859241 2.625144 -2.698277 97 97 87
-3.459695 3.481067 -1.324914 97 96 91
-3.851260 3.274706 -1.634238 85 84 79
-3.810248 3.681873 -0.986190 114 114 107
0.158605 2.761110 -1.291255 146 150 151
-0.171320 2.078179 -3.720305 149 149 143
-1.832793 2.215414 -1.982292 199 203 206
-2.366545 2.426137 -3.036642 181 199 25
-3.304662 3.610538 -1.125185 104 103 99
-3.976223 2.847958 -2.294855 101 97 94
-3.964997 3.168516 -1.796442 108 107 102
-1.380372 3.094261 -0.968938 173 123 62
-3.040258 3.581035 -1.189105 77 76 71
-3.040258 3.581035 -1.189105 77 76 71
-3.184755 3.583154 -1.171582 78 77 72
-3.184755 3.583154 -1.171582 78 77 72
-3.209127 3.586032 -1.164758 86 85 83
-3.215689 3.575934 -1.176831 123 123 115
-3.382632 3.504674 -1.286736 89 88 83
-0.149388 2.064127 -3.730217 91 90 85
-0.693446 2.292479 -1.846103 115 13 37
-4.108053 2.872684 -2.242236 103 99 96
0.265599 2.624346 -1.475560 177 180 185
-1.482827 2.358468 -1.794142 70 70 72
-2.338171 2.426676 -2.967188 180 199 9
0.274626 2.217866 -3.516158 115 114 110
-3.444237 3.353136 -1.541907 100 99 94
-3.389647 3.487710 -1.310599 106 105 100
1.017425 2.406719 -3.248422 114 114 113
-1.330193 2.297876 -1.871940 204 214 220
-3.172927 2.639617 -2.665249 95 95 87
-1.182693 2.418635 -1.710988 203 205 211
0.638571 2.331445 -3.333495 146 145 140
-0.908423 1.698573 -3.480369 13 14 16
-0.399042 2.128272 -3.616695 90 91 85
-1.075051 1.718975 -3.392478 144 144 146
-1.117947 1.786106 -3.401630 69 69 69
-1.119596 1.788631 -3.389632 37 35 36
-1.142585 1.787636 -3.406477 96 97 99
-1.446119 2.225799 -1.969126 213 216 221
-1.512883 2.217268 -1.990485 67 67 69
-1.314215 2.405145 -1.732139 55 60 63
-1.628470 2.260992 -1.926245 52 54 53
-1.651232 2.275123 -1.905193 53 54 55
-1.662759 2.272272 -1.908998 218 222 225
-1.833822 2.213059 -1.985052 221 223 222
-1.833518 2.213571 -1.985797 221 223 222
-1.941662 2.158441 -2.062238 38 46 48
-2.352534 3.304633 -0.889233 172 103 25
-3.145782 2.941202 -2.185233 93 92 87
-2.985565 3.278486 -1.074083 76 40 6
-3.104272 3.583088 -1.176280 74 74 63
-3.878462 3.053113 -1.983768 132 131 127
-3.888563 3.057127 -1.971534 92 91 87
-3.222998 3.585659 -1.166708 126 125 120
-3.238501 3.587079 -1.164843 100 99 94
-3.054096 3.737997 -0.937161 102 101 96
-3.069200 3.741257 -0.924252 130 129 124
-3.073422 3.750611 -0.911869 130 129 124
-3.424114 3.528720 -1.249798 136 135 130
-3.190305 3.768599 -0.878440 136 136 128
-3.632530 3.455263 -1.361759 116 115 110
-3.815062 3.619015 -1.091611 110 109 104
-3.815062 3.619015 -1.091611 110 109 104
2.112748 3.002086 -4.469360 112 111 106
0.283285 2.398059 -3.223730 117 116 111
-0.059260 2.174666 -3.559155 114 113 108
-1.022135 1.727956 -3.394129 17 16 22
-1.039475 1.734123 -3.411899 154 153 158
-1.080144 1.728619 -3.398502 43 43 43
-1.087734 1.741704 -3.390844 45 45 43
-1.097993 1.737032 -3.397523 153 153 153
-1.121314 1.802591 -3.444906 60 62 61
-0.918013 2.087636 -3.655048 92 93 87
-1.482939 2.317435 -1.846515 45 49 50
-1.929134 2.127513 -1.966869 225 227 226
-2.253454 3.300827 -0.866978 47 0 0
-3.124126 2.947481 -2.184057 82 81 76
-3.123359 2.947807 -2.184331 82 81 76
-3.086138 2.781086 -1.411755 212 130 83
-3.086138 2.781086 -1.411755 212 130 83
-3.397179 2.876659 -2.277077 102 101 97
-3.425030 2.861862 -2.280081 109 108 104
-2.426221 3.462233 -0.831267 105 59 9
-2.482458 3.731271 -0.977404 73 72 67
-2.925198 3.293205 -1.060850 112 60 12
-2.923172 3.298722 -1.054741 134 81 38
-3.013407 3.271915 -1.089341 80 41 8
-3.477197 3.167744 -1.821739 116 115 110
-2.810763 3.718279 -0.983914 81 80 75
-2.814198 3.722295 -0.978019 115 114 109
-3.012945 3.581348 -1.187950 87 87 79
-3.068591 3.583917 -1.182088 70 69 63
-3.188878 3.589541 -1.162108 121 121 113
-3.375444 3.485764 -1.316946 98 97 92
-3.916948 3.100224 -1.903159 114 113 109
-3.648819 3.372619 -1.491423 101 100 95
-3.411853 3.582430 -1.155441 170 170 162
-3.834542 3.275885 -1.641221 107 106 101
-3.173040 3.769236 -0.878213 81 80 75
-3.173040 3.769236 -0.878213 81 80 75
-3.179271 3.765697 -0.881127 129 129 121
-3.627694 3.467726 -1.337991 114 114 104
-3.628075 3.469330 -1.339164 114 114 104
-4.087544 3.513110 -1.244938 144 144 136
-1.077455 1.739713 -3.385801 200 200 198
-0.644027 2.105255 -3.644319 115 114 109
-1.493182 2.207922 -1.989585 68 69 71
-1.836244 2.112877 -2.117821 225 226 228
-3.416438 2.907840 -2.224505 108 107 103
-2.894166 3.287792 -1.056036 121 64 11
-2.943169 3.290897 -1.065414 141 84 31
-3.076558 3.242949 -1.124022 145 83 25
-2.760542 3.767253 -0.916217 102 101 96
-3.314318 3.167982 -1.225865 85 63 42
-3.768739 3.262765 -1.661794 112 109 104
-3.720589 3.762859 -0.859616 123 123 113
-0.140706 2.079890 -3.709189 135 135 127
-1.134606 1.797880 -3.376018 89 88 90
-1.474927 2.213904 -1.980802 72 76 77
-1.874149 2.203088 -2.003840 217 218 220
-3.308525 3.489937 -1.313060 98 97 92
-3.256415 3.599813 -1.155295 138 137 132
-3.637261 3.375760 -1.486623 105 104 99
-3.963459 3.167383 -1.795730 110 109 104
-2.798044 3.768445 -0.907583 106 105 100
-3.418637 3.532366 -1.244886 119 118 113
-1.617378 1.845176 -3.189512 78 77 82
0.250071 2.210068 -3.517726 86 85 81
-1.879124 2.165847 -2.044170 214 219 222
-1.111998 1.768900 -3.376842 27 27 24
-0.189325 2.102902 -3.699089 143 142 137
-3.001100 2.587842 -1.704275 214 220 218
-0.910168 2.206059 -1.994014 211 216 220
-1.661856 1.728286 -3.248397 7 8 13
-1.587617 2.270617 -1.900161 55 55 57
0.018278 2.052621 -3.759522 127 124 115
0.157250 2.131843 -3.624006 103 100 93
-0.864895 1.663321 -4.331677 120 119 114
-0.838671 1.737578 -3.495094 33 34 38
-1.033713 1.715765 -3.412602 97 96 101
-0.991765 1.747020 -4.193175 100 97 92
-0.987407 1.751021 -4.186243 150 147 142
-0.126888 2.174834 -3.553658 73 70 61
-1.066532 1.727195 -3.395615 66 66 68
-1.268303 1.815695 -3.289660 46 45 44
-0.147316 2.400638 -3.189936 101 98 95
-1.651257 1.731317 -3.247564 104 105 107
-1.599257 1.795853 -3.248462 50 51 55
-1.398122 1.906400 -2.978153 73 74 78
-1.484421 1.874756 -3.139966 139 138 135
-1.484649 1.859234 -2.823625 213 218 223
-1.256008 2.290503 -1.883479 223 227 228
-1.035325 2.406304 -1.742000 216 218 217
-1.148428 2.276195 -1.673630 0 0 0
-1.437634 3.074887 -1.006734 225 212 197
-1.445258 3.074353 -1.011994 218 203 190
-2.965602 3.572144 -1.200251 91 88 79
-3.525792 3.339383 -1.551912 94 93 88
-3.076221 3.626065 -1.214611 117 114 109
-2.803216 3.719343 -0.987776 97 93 90
-2.803216 3.719343 -0.987776 97 93 90
-3.121456 3.580140 -1.176952 85 82 77
-3.346187 3.595010 -1.142358 90 87 82
-3.066489 3.746469 -0.921913 116 113 106
-3.066489 3.746469 -0.921913 116 113 106
-3.074605 3.750405 -0.919361 117 114 109
-3.074605 3.750405 -0.919361 117 114 109
-1.081882 1.725948 -3.412928 147 145 150
0.287026 2.398987 -3.230857 117 114 107
-0.162394 2.188878 -3.528935 140 137 132
-0.608764 2.106129 -3.615463 145 142 133
-1.415030 1.913184 -3.084585 69 73 74
-1.456771 3.068307 -1.014808 220 212 209
-2.236476 3.510700 -0.755130 132 74 0
-2.677150 3.268167 -0.996823 143 76 3
-2.399516 3.468282 -0.825199 117 63 0
-2.858778 3.582451 -1.197024 117 114 108
-3.417873 3.352702 -1.533317 85 82 77
-3.281693 3.169314 -1.212588 148 88 36
-2.775382 3.713103 -0.993258 96 91 87
-2.890670 3.731360 -0.962258 106 101 95
-2.890670 3.731360 -0.962258 106 101 95
-2.820369 3.770282 -0.896679 109 106 99
-3.237365 3.587576 -1.166364 104 101 96
-3.423995 3.528976 -1.249558 133 130 125
-3.054945 3.745391 -0.918632 142 137 131
-3.066526 3.742508 -0.910659 143 140 133
-3.066526 3.742508 -0.910659 143 140 133
-3.148292 3.770780 -0.879695 141 138 129
-3.790816 3.479615 -1.305781 119 116 111
-3.168345 3.765670 -0.885124 142 139 132
-3.185893 3.771031 -0.874535 102 99 90
-3.117126 3.814754 -0.808733 113 110 101
-3.490617 3.821874 -0.775093 126 123 118
-1.040257 1.703367 -3.447689 101 102 106
-1.692828 1.719401 -3.263920 12 12 12
-1.923844 1.733097 -3.070408 231 233 228
-2.480838 3.737296 -0.980235 82 79 70
-3.113502 3.238706 -1.134693 78 39 6
-3.012412 3.732232 -0.915315 118 115 108
-3.058598 3.748298 -0.908759 117 112 106
-3.159871 3.768983 -0.883274 106 103 95
-3.692388 3.857363 -0.710728 125 121 118
-3.692388 3.857363 -0.710728 125 121 118
-2.880039 3.575239 -1.202776 90 87 78
-3.137170 3.584006 -1.172777 81 78 73
-3.392176 3.467851 -1.336883 98 95 90
-3.423623 3.477758 -1.334811 97 94 89
-2.936985 3.958842 -0.592659 127 123 114
-1.092547 1.749534 -3.383570 33 33 35
-1.092547 1.749534 -3.383570 33 33 35
-1.124449 1.743917 -3.386791 167 167 169
-1.168062 2.372095 -1.769364 217 216 219
-1.376322 2.420658 -1.711565 214 214 216
-2.857982 3.581164 -1.208471 76 73 66
-2.896612 3.581013 -1.206509 90 87 80
-2.896612 3.581013 -1.206509 90 87 80
-3.419257 3.541868 -1.232918 136 133 128
-2.858676 3.576156 -1.230846 110 109 98
-3.018877 3.574038 -1.185684 104 101 92
-3.018877 3.574038 -1.185684 104 101 92
-0.662699 2.307528 -1.871908 117 1 27
-0.663555 2.310453 -1.870176 117 1 27
-1.959733 1.733701 -3.093012 141 140 135
-1.656828 1.717687 -3.270064 22 23 26
-1.700879 1.800034 -3.164199 92 93 97
-1.054001 1.730731 -3.412037 140 140 142
-0.992213 1.703939 -3.424138 11 12 16
-0.421990 2.083452 -3.611892 144 141 132
-0.778715 2.110782 -3.619741 138 138 128
-3.293190 3.162006 -1.226805 124 63 18
-0.731436 2.057642 -3.744122 107 108 100
-1.643928 2.301912 -1.867987 218 223 227
-3.128881 3.605973 -1.169216 119 116 109
-1.598231 2.250487 -1.940156 49 51 50
-1.581019 1.760935 -3.246302 105 106 110
-1.631762 2.263792 -1.918385 221 221 223
-1.630453 2.264903 -1.919585 206 207 210
0.069868 2.335560 -3.307261 100 100 98
-1.289762 2.415880 -1.719547 209 214 219
-1.306466 2.392805 -1.744660 42 46 48
-1.535165 2.330788 -1.824842 208 212 219
-1.014260 1.736212 -3.392045 141 142 144
-1.826214 2.150129 -2.056593 157 161 168
-1.871693 2.202714 -2.004873 231 232 234
-1.871639 2.202509 -2.004798 231 232 234
-0.897592 1.693937 -3.483815 72 68 67
-1.117095 1.728571 -3.387451 53 53 55
-1.004371 1.797267 -3.404688 124 125 129
-1.004371 1.797267 -3.404688 124 125 129
-0.485920 2.203005 -3.495506 114 114 106
-0.664636 2.302639 -1.886759 61 18 25
-1.376731 1.899972 -2.987898 109 110 114
-1.408401 1.903675 -2.992322 84 88 91
-1.385756 1.921422 -3.082317 52 51 56
-1.667167 1.822106 -3.205276 107 108 112
-1.301452 2.399344 -1.738930 218 219 221
3.081578 6.203390 -9.149041 44 48 47
-1.918626 2.264478 -1.924791 48 49 51
-1.369672 2.696072 -1.387363 145 150 154
-1.369672 2.696072 -1.387363 145 150 154
-2.041524 2.571897 -1.580552 180 183 188
-3.011990 2.791742 -2.429473 97 96 91
-3.246805 2.833323 -2.346985 94 93 88
-2.645394 3.019030 -1.152303 169 84 0
-2.988534 3.284792 -1.092904 144 87 32
-3.417867 3.342666 -1.541399 86 85 80
-3.422842 3.511537 -1.252239 109 106 99
-3.233765 3.785040 -0.857227 145 142 135
-2.923911 4.118141 -0.323311 143 140 131
-2.886404 4.152102 -0.287284 113 110 101
-3.466423 3.928498 -0.616284 87 84 75
-3.466707 3.924015 -0.613315 87 84 75
-0.933656 1.780339 -4.159649 122 121 116
-1.696025 1.710398 -3.259036 142 143 138
-1.820834 1.760358 -3.175655 138 139 135
-1.835453 2.112871 -2.118990 233 233 234
-1.997321 3.611256 -0.637238 113 64 6
-3.062471 3.256014 -1.112558 97 58 17
-3.294321 3.176626 -1.215791 97 65 42
-3.194204 3.578699 -1.176620 127 124 117
-2.452227 4.007380 -0.555613 118 115 106
-2.452227 4.007380 -0.555613 118 115 106
-3.046815 3.749785 -0.913577 114 111 102
-3.180060 3.748860 -0.909553 104 101 92
-3.356669 3.801120 -0.822496 114 111 104
-2.917906 4.129638 -0.329481 99 96 87
-1.235312 1.821390 -3.316354 98 97 95
-1.445836 1.746736 -3.312877 119 119 121
-1.691445 2.155840 -2.065572 67 66 71
-1.504824 2.230082 -1.988340 216 220 220
-2.311081 3.966522 -0.624723 115 112 103
-3.187122 4.040267 -0.446296 118 115 106
-3.187122 4.040267 -0.446296 118 115 106
-1.341817 1.924151 -3.036109 53 54 58
-1.485971 1.884711 -3.109880 97 101 100
-3.118456 3.589073 -1.162911 116 116 106
-3.137034 3.582291 -1.172120 82 82 74
-2.846537 3.575702 -1.205510 76 74 61
-3.078356 3.579379 -1.180066 99 95 92
-3.078585 3.579085 -1.179745 99 95 92
-0.928795 1.694731 -3.499621 10 11 15
-1.924366 1.739321 -3.061167 220 220 219
-1.094823 2.426564 -1.702773 209 212 217
-1.881033 2.205357 -2.003406 215 220 223
-3.060699 3.249879 -1.112224 125 75 22
-1.059713 1.799988 -3.345900 58 58 60
-1.770139 1.780566 -3.196944 104 104 104
-1.438568 2.332763 -1.795228 0 0 0
-0.732475 2.057197 -3.743000 106 106 98
-2.988613 3.271348 -1.094623 136 75 12
-1.245300 2.347943 -1.808009 211 216 220
-3.260235 3.435523 -1.364321 129 126 119
-1.313348 2.405898 -1.732857 33 36 37
-0.834107 1.692537 -3.475523 74 76 73
-0.390738 2.331694 -1.746993 211 217 217
-1.324408 2.991646 -1.575904 207 212 216
-0.126709 2.055511 -3.755687 100 97 88
-1.261051 1.606373 -4.354709 115 112 107
-1.258791 1.615705 -4.372126 143 140 135
0.954421 2.524635 -3.071387 117 117 107
-0.996843 1.732216 -3.409106 20 21 25
-1.000089 1.781579 -3.421334 42 42 47
-0.287285 2.129055 -3.630246 111 108 103
-0.055637 2.288667 -3.355902 106 103 98
7.574184 6.307974 -10.517778 0 0 0
-0.140963 2.399352 -3.190935 137 137 128
-1.406472 1.900910 -3.016421 133 133 135
-1.691869 1.790726 -3.181795 137 138 140
-1.534100 1.872380 -3.166065 135 137 134
-1.534100 1.872380 -3.166065 135 137 134
-1.126051 2.001084 -2.487839 140 131 136
-1.815443 1.773770 -3.141854 114 114 116
-1.476910 2.146248 -2.078299 203 208 212
-1.641326 2.277806 -1.908360 59 57 58
-1.921539 2.259392 -1.930863 0 0 0
-1.373868 2.696176 -1.392182 219 222 227
-1.448929 3.077642 -1.009737 141 105 57
-2.335140 3.314956 -0.878349 109 40 0
-2.472813 3.409796 -0.868320 145 96 37
-2.002107 3.620651 -0.638911 146 99 37
-1.974218 3.632407 -0.623681 74 41 6
-2.679312 3.377719 -0.936432 119 65 18
-2.959565 3.277091 -1.060748 134 77 25
-3.401489 3.539274 -1.222333 99 96 91
-3.291621 3.606596 -1.128704 102 99 94
-3.346316 3.595569 -1.142999 95 91 88
-3.415566 3.588087 -1.154079 125 121 118
-3.410023 3.599288 -1.138073 184 181 176
-3.154757 3.767458 -0.884963 107 104 99
-3.177836 3.773299 -0.871578 141 138 133
0.022977 2.170120 -3.554743 116 113 108
-0.937818 2.101479 -3.634855 106 105 100
-1.652474 1.816720 -3.211226 127 128 132
-1.647129 1.823135 -3.240516 127 128 132
-1.435759 1.906154 -3.098490 55 57 59
-1.700476 1.798557 -3.169145 100 101 105
-2.041524 2.571897 -1.580552 184 188 189
-1.698705 3.520546 -0.598621 152 89 0
-2.560037 3.226417 -0.991183 161 91 14
-1.896587 3.660854 -0.590076 97 62 17
-2.524937 3.438780 -0.884178 162 99 27
-2.836413 3.581871 -1.199737 113 110 101
-2.658764 3.764101 -0.922234 107 104 95
-2.823942 3.719237 -0.979567 97 94 88
-3.301399 3.583263 -1.167419 98 95 90
-1.372589 1.912488 -2.993196 39 39 41
-1.191163 2.426401 -1.704733 49 53 56
-0.757530 2.687785 -1.359778 197 140 43
-2.376892 4.318561 -0.082833 114 109 103
-2.376963 4.318483 -0.082707 114 109 103
-1.391477 1.904171 -2.986573 89 89 91
-1.525559 2.391649 -1.751708 66 67 68
-1.525559 2.391649 -1.751708 66 67 68
-1.223691 1.810990 -3.316667 47 46 44
-1.264270 1.831347 -3.294132 129 130 125
-1.544945 1.872029 -3.176755 95 99 102
-1.044946 2.359872 -1.793135 60 62 61
-1.274719 2.475692 -1.643413 65 67 66
-1.603027 2.194379 -2.012510 218 222 225
-1.603027 2.194379 -2.012510 218 222 225
-1.805290 3.660079 -0.531477 68 6 15
-2.059341 3.983758 -0.612550 109 105 96
-1.644298 1.829587 -3.185414 70 71 75
-1.480911 1.871575 -3.080045 103 101 103
-1.874213 3.661768 -0.569022 101 85 70
-1.239874 1.776118 -3.280446 79 79 81
-1.347043 1.876362 -3.300990 135 135 123
9.638066 8.619531 -15.327432 247 246 251
0.276956 2.213126 -3.519350 101 98 93
-0.956462 2.075089 -3.568456 112 111 106
-0.152261 2.195125 -3.520338 109 109 104
0.439384 2.491755 -3.086265 92 92 86
-1.024514 1.718489 -3.406259 6 6 11
-1.443422 3.077476 -1.000397 111 73 28
-0.741032 2.699806 -1.348647 146 116 38
-1.477077 1.684113 -3.017916 190 190 192
-1.623621 2.170168 -2.041925 61 65 67
-1.750453 2.228110 -1.966113 65 65 69
-1.642123 2.266191 -1.916153 213 215 217
-1.362083 2.366341 -1.781928 180 181 182
-1.623297 2.170432 -2.042037 61 64 67
-1.316978 2.396699 -1.741444 65 68 69
-1.658741 2.212320 -1.985729 66 66 68
0.029383 2.057278 -3.760965 130 127 118
0.100316 2.092283 -3.705889 120 117 108
-1.067086 1.727444 -3.396096 76 76 76
-1.065211 1.744787 -3.399060 103 103 103
-1.140554 1.786477 -3.426283 64 64 66
-1.406669 1.782250 -3.308830 62 66 65
0.456993 2.482912 -3.111352 144 141 132
-1.428274 1.786268 -3.317119 64 63 68
0.447526 2.496429 -3.089669 141 138 129
-1.490868 2.270837 -1.907171 213 219 219
-2.349410 3.314658 -0.881375 188 121 34
-1.556714 3.585342 -0.523499 142 80 0
-3.133291 3.209240 -1.143956 120 60 10
-2.007420 3.616749 -0.650058 136 80 4
-1.698807 3.716491 -0.492421 55 2 9
-2.479627 3.740819 -0.983858 88 85 76
-2.802967 3.722421 -0.982850 126 123 118
-3.227525 3.582492 -1.169682 106 103 98
-2.238820 3.944529 -0.663815 110 106 97
-3.071900 3.757534 -0.901583 136 133 128
-2.348519 4.320977 -0.083602 119 116 107
-2.385897 4.338202 -0.094806 121 117 108
-2.415038 4.377379 0.076562 121 117 108
-0.834170 1.813429 -3.444507 52 53 57
-1.024625 1.803177 -3.394271 67 67 69
-0.711003 2.092897 -3.663785 136 135 130
-1.858988 2.081024 -2.138355 221 221 223
-1.037536 2.472716 -1.644307 225 229 232
-1.517667 2.383941 -1.763966 43 47 46
-3.078751 3.234498 -1.128147 126 65 10
-2.432982 3.470652 -0.836879 151 96 32
-2.769795 3.761342 -0.917559 130 127 122
-3.339919 3.795004 -0.825407 113 110 105
-2.294940 4.234114 -0.216389 115 111 102
-2.295413 4.234574 -0.216752 115 111 102
-2.177603 4.361242 -0.025387 118 114 105
-2.176270 4.396042 0.057621 130 127 118
-1.818745 1.760652 -3.178725 140 139 134
-1.021500 2.366475 -1.788087 49 51 50
-1.627040 2.163652 -2.052645 47 47 53
-1.627040 2.163652 -2.052645 47 47 53
-1.816252 2.000026 -1.458907 0 0 0
-1.041575 2.475328 -1.637751 39 43 44
-1.326039 2.417636 -1.716259 47 45 48
-2.204585 3.050428 -1.043916 176 102 6
-1.140602 2.326286 -1.831821 56 58 57
-1.328887 2.417663 -1.714100 57 55 58
-1.327148 2.418038 -1.716341 57 55 58
-1.294745 2.469204 -1.650386 65 65 67
0.518795 4.953741 0.736952 122 119 109
0.855800 5.033173 0.842938 165 165 163
-2.164194 2.384325 -3.109844 53 53 45
-2.478749 1.520106 -4.453424 84 84 76
1.155791 5.031261 0.796275 168 167 162
-2.315365 2.427891 -3.036119 80 82 67
-0.977693 1.808549 -3.399416 36 37 41
-3.019297 2.588996 -1.678868 193 178 166
0.471835 3.695643 -0.217400 218 208 209
-1.525597 2.222912 -1.971184 48 53 49
-3.114129 2.948868 -2.186620 71 70 65
0.592251 2.776278 -1.307697 217 218 220
-1.359838 2.387326 -1.749766 63 64 66
-3.622240 2.702123 -2.538801 80 79 74
1.009595 2.712830 -1.905281 37 42 47
-1.315667 2.402267 -1.732885 52 56 59
-3.864479 2.885222 -2.239425 95 94 89
-1.026992 2.364021 -1.784129 60 65 68
0.636881 2.755477 -1.157171 202 198 194
0.241351 3.615061 -0.306215 225 204 208
-1.676773 2.274805 -1.906993 208 212 215
-1.253856 1.616142 -4.399431 103 102 97
1.151881 5.026441 0.795980 131 130 126
-2.458653 2.278264 -3.252118 95 94 89
-2.611358 1.821812 -3.983339 131 130 125
-0.448429 3.503404 -0.394550 141 66 81
-2.968995 2.480292 -2.920623 85 85 75
-2.617547 1.810691 -3.985296 106 105 100
-0.258676 4.202345 0.169463 101 81 80
0.515249 2.841448 -1.218705 172 174 171
-1.679941 1.464679 -4.594024 152 151 146
0.756379 2.789760 -1.139333 185 189 190
1.370210 4.925657 0.625998 122 119 110
-1.388769 1.898930 -2.986533 67 67 69
-1.649950 1.320803 -4.823559 114 113 109
0.469111 3.693070 -0.243724 203 203 204
-3.026097 2.331737 -3.151767 185 206 15
-2.420132 1.429951 -4.598901 107 106 101
0.676348 2.901992 -1.122964 139 140 142
-3.281464 2.604111 -2.708491 90 89 84
0.101910 4.273534 0.270372 151 140 134
-1.045088 1.766330 -3.420673 18 20 20
0.062153 2.607934 -1.472283 214 220 220
-3.876520 2.445938 -2.917431 96 95 91
-1.568269 1.353907 -4.771333 114 110 107
-0.644611 2.667720 -1.433431 197 202 206
-1.360543 2.432196 -1.693982 66 66 66
0.126252 3.097006 -1.380051 243 246 251
-1.848274 2.203352 -1.999287 62 62 62
-1.236699 1.813284 -3.285194 134 135 139
-1.544253 1.823218 -3.354168 143 143 143
-1.586092 1.746893 -3.228818 32 32 34
-1.558506 1.866222 -3.169842 145 148 155
0.498003 3.057739 -0.881152 140 144 147
1.599668 3.750413 -1.203279 190 205 17
0.676080 2.745950 -1.186781 176 180 183
1.782019 3.812004 -1.125918 90 87 82
-0.471766 3.941726 -0.047147 107 18 36
1.817257 3.797429 -1.143391 88 85 78
0.024192 2.198473 -3.531292 110 109 105
-0.236701 3.978465 0.039962 119 34 57
2.541364 3.042272 -2.358058 87 84 79
-0.142982 2.197729 -3.506681 105 104 100
-0.597214 4.416603 -0.030255 111 108 99
0.847720 2.924229 -1.105031 168 170 169
0.075190 4.677733 0.344021 147 144 139
1.369754 2.786250 -1.558300 196 206 207
-1.301062 1.884455 -3.163738 117 116 114
0.236266 5.255996 1.254956 108 108 98
-1.463192 2.210870 -1.800731 214 229 236
-2.236567 2.275336 -3.284975 92 92 82
0.346117 2.715390 -1.243249 136 140 143
-1.500497 1.900168 -3.060382 219 220 222
-1.202469 1.846019 -4.025965 124 123 119
-0.316115 3.571712 -0.311608 98 13 32
-1.846428 1.770371 -4.084088 216 228 228
-1.246705 1.846962 -4.024901 148 149 144
-0.813721 4.907198 0.760690 139 134 131
-1.383702 2.328107 -1.828905 215 225 234
-2.725017 2.292041 -3.224998 113 113 106
-0.463529 4.890475 0.746211 137 134 125
1.020669 3.010113 -2.292579 96 95 90
-2.705583 2.096453 -3.540015 107 106 101
-0.563882 3.934330 -0.098941 106 21 42
1.132130 2.966275 -1.028240 43 45 42
-3.094285 2.069177 -3.554580 96 95 90
1.118928 5.048311 0.833792 170 167 160
0.722881 3.510337 -1.100680 102 104 103
-3.098511 2.063115 -3.564961 91 90 85
0.924759 5.194390 0.924788 164 161 156
-0.105629 5.356432 1.448195 117 114 105
2.799366 4.004444 -0.901577 64 60 50
-1.200508 1.939149 -2.760600 34 35 38
-1.513838 2.299498 -1.874770 167 180 189
-1.968529 1.417324 -4.640509 142 141 136
-0.801017 3.357831 0.252297 92 28 45
-1.375268 1.809811 -3.421550 52 53 57
-3.094049 1.801908 -3.984727 110 109 104
-1.817766 3.961241 -1.433093 87 18 39
0.135032 4.169044 0.230383 89 0 17
0.116772 4.215914 0.233135 75 1 17
0.200272 3.185632 -0.747859 15 16 18
-2.509678 1.420040 -4.606476 108 107 103
0.361259 2.687742 -1.339251 250 251 253
0.600549 2.776549 -1.140501 192 191 189
-2.991663 1.556645 -4.363417 78 77 73
-1.730486 2.181524 -2.020327 196 201 207
0.635585 2.788577 -1.132668 111 112 106
-2.991797 1.556884 -4.363396 78 77 73
-0.927015 2.079349 -3.675927 112 111 107
1.557845 2.901230 -1.668691 7 8 7
0.132277 3.507468 -0.382900 230 210 217
-0.144010 4.448041 0.076933 109 106 99
1.238262 3.345157 -1.796395 54 54 43
0.199590 2.768933 -1.243645 224 228 229
-1.238952 1.847336 -2.935963 134 133 138
1.876214 2.926663 -2.479260 117 115 103
0.911592 2.674788 -1.600935 88 76 88
0.001210 4.514528 0.166200 121 118 109
1.743616 3.709964 -1.275145 163 172 60
-0.816910 3.881158 -0.624563 101 8 29
1.739532 3.767976 -1.183434 53 49 46
-1.302177 2.401882 -1.735450 211 218 224
-1.051377 1.771513 -3.421512 0 0 2
1.752787 3.814652 -1.119651 112 108 105
0.546729 2.864623 -2.523772 176 189 198
-1.192580 2.433064 -1.691909 203 207 210
1.812094 3.780544 -1.174368 56 55 51
0.566794 2.865808 -2.534944 145 157 171
0.123284 4.199366 0.234187 102 53 60
2.719675 3.872679 -1.105341 101 99 86
0.496815 2.851344 -2.524761 130 144 153
0.450035 2.683843 -1.226204 208 219 219
-1.269423 2.374839 -1.768126 47 50 55
1.466898 4.906852 0.587457 158 154 145
0.726892 3.368763 -0.529572 64 66 67
-1.628212 2.160657 -2.053688 41 46 49
0.549378 2.860848 -1.174106 13 14 16
1.626178 3.653490 -1.332015 171 186 35
-0.707343 2.151724 -2.629875 23 24 26
0.623732 2.771629 -1.142829 180 175 165
1.657758 3.767880 -1.180773 90 86 83
0.092663 2.299533 -3.371497 140 139 135
-0.448812 3.502494 -0.394723 133 75 81
1.784666 3.725049 -1.234790 138 145 33
-0.032913 2.276890 -3.394650 116 115 111
-1.514469 2.269143 -1.909057 44 45 48
2.857396 3.931799 -1.019628 30 26 18
-1.418804 1.899217 -2.912060 194 195 197
-1.043739 2.472000 -1.637449 27 29 33
-1.666932 1.783389 -3.169604 122 123 125
-2.556744 1.946001 -2.351852 241 242 244
-1.706918 1.724704 -3.325940 153 154 156
-1.104803 1.714669 -3.471382 134 133 136
1.398799 3.336014 -1.825607 99 96 87
-2.147537 2.489672 -2.941887 214 225 59
-1.090247 1.727109 -3.428652 45 44 49
-1.491725 2.217862 -1.963723 213 227 230
-1.905387 1.774595 -3.113472 36 35 31
-1.095037 1.736215 -3.399941 127 126 131
0.770527 2.795658 -1.160977 185 189 192
-2.278168 2.458521 -2.993581 232 243 16
-0.114753 2.082782 -3.678503 137 134 127
1.780562 3.823135 -1.110851 58 55 50
-2.322535 2.430336 -3.010474 243 249 26
-1.511833 1.841870 -3.288746 38 39 41
-1.573315 2.261217 -1.939229 214 227 236
-0.773196 1.864833 -4.026823 116 115 111
-1.533725 1.838786 -3.344118 38 39 41
-1.521082 2.246441 -1.940368 175 189 198
-1.226525 1.846671 -4.021797 122 123 118
-1.709401 1.791228 -3.151470 79 85 88
0.611398 2.777597 -1.135272 184 184 181
-1.092028 1.745714 -3.399377 120 121 125
1.673693 3.549795 -1.528416 106 103 98
-1.516086 1.840590 -4.017055 118 117 112
-1.140181 2.019512 -2.804352 163 165 164
-1.299681 2.014650 -2.006388 182 198 207
-1.253716 1.622739 -4.369454 126 125 121
-0.924098 1.752157 -3.439965 59 60 64
-0.647816 2.307741 -1.858167 122 46 68
-2.496261 2.055197 -3.622172 98 97 92
-0.541853 1.770811 -3.544748 72 71 76
0.254827 2.619635 -1.415626 63 67 68
-2.565185 2.065554 -3.598205 101 100 95
-1.046265 1.726658 -3.384285 134 133 138
0.276249 2.639275 -1.494997 147 151 154
-1.218332 1.563894 -4.477623 130 129 124
-1.364658 1.822590 -3.333421 134 135 136
0.251371 1.576120 -4.784509 69 66 59
0.011630 1.647395 -4.543092 174 169 163
1.547393 3.643698 -1.363128 157 172 7
-3.077074 2.047610 -3.590119 107 106 101
-1.761403 2.119952 -2.095894 77 81 83
0.809948 3.523775 -1.503544 44 43 39
0.063452 1.679662 -4.499760 103 99 90
1.526531 2.846114 -1.596951 224 227 227
-2.480235 1.799126 -4.019143 104 103 98
-1.739065 2.226345 -1.971165 55 59 62
0.944496 3.448237 -1.612967 101 109 3
-2.725969 1.893797 -3.885370 112 111 106
-1.474566 2.308539 -1.864985 61 66 69
1.435710 2.844978 -1.507383 200 204 203
-3.138616 1.999415 -3.664289 133 132 127
-1.081619 2.442526 -1.737376 63 67 68
0.324936 2.671027 -1.309551 189 195 195
-3.133986 1.996117 -3.668857 103 102 97
-0.685281 2.565056 -1.514866 200 131 102
1.318671 3.721196 -1.221153 86 85 80
0.278753 2.700784 -1.372713 175 179 182
1.573092 3.689618 -1.273037 173 189 5
-1.864246 1.516866 -4.502738 97 97 89
0.620169 2.763198 -1.145229 162 150 128
1.242553 2.846859 -1.595967 197 202 205
-3.169554 1.928531 -3.775545 106 105 100
-0.292355 3.442469 -0.527745 226 213 220
0.483099 3.696111 -0.216461 34 36 31
0.438757 2.676187 -1.237156 116 121 124
-2.870270 1.670084 -4.196052 129 128 123
-0.562262 3.955777 -0.063214 79 0 21
0.438816 2.676221 -1.237222 113 118 121
-3.218311 1.763860 -4.028194 111 110 105
0.414432 3.734952 -0.107602 132 64 76
0.475594 2.689120 -1.223901 88 93 96
-2.138086 1.358519 -4.722206 146 141 137
0.180607 3.944364 0.082542 151 52 73
0.853035 4.309063 -0.290671 88 84 81
1.503777 2.877364 -1.696991 84 87 86
-2.518483 1.481887 -4.515580 125 124 120
0.066129 4.328023 0.284614 171 129 137
-1.836611 3.659342 -0.555948 132 85 31
-0.625863 4.974071 0.851160 162 158 155
-2.401888 4.161357 -0.302249 131 129 117
0.783602 2.872979 -1.142938 178 183 189
-3.302969 1.754711 -4.037485 93 92 87
-0.520586 4.975533 0.845759 117 113 110
-1.458568 2.364462 -1.782856 223 223 223
-0.686296 2.861775 -1.575152 165 99 41
-3.106922 1.623807 -4.251470 117 116 111
-0.517575 4.971019 0.849582 117 113 110
0.590343 4.854800 0.560193 171 167 158
-1.888241 3.654335 -0.596102 171 106 14
-1.728758 2.232938 -1.963362 224 237 243
-2.844969 1.493731 -4.465353 79 78 74
-0.486226 5.049555 0.957322 135 132 127
-1.122354 1.998327 -2.497169 200 201 203
-1.708326 2.232889 -1.959466 184 197 205
0.723790 2.804817 -1.112974 70 76 76
1.404835 4.747793 0.342167 169 167 155
-1.603061 1.872711 -3.587905 58 57 62
-1.589174 1.866201 -3.128710 132 138 136
0.480461 2.844453 -2.568986 170 181 187
1.404835 4.747793 0.342167 169 167 155
-1.534206 2.328365 -1.829951 195 200 204
-1.517767 2.198904 -2.003774 90 104 107
-0.723181 2.156394 -2.639670 18 19 21
0.518966 4.953466 0.737198 122 119 110
-1.396366 2.371075 -1.780855 64 64 64
-1.457910 2.150812 -2.076711 215 229 238
1.126415 4.910633 0.637227 139 136 127
-1.010248 1.740302 -3.387293 31 35 36
1.476512 4.880332 0.535758 140 137 128
-1.303251 2.401644 -1.736559 211 213 216
-1.453169 2.539917 -2.061687 0 0 0
-2.565603 1.950716 -2.348421 75 77 72
-0.275515 5.159030 1.132180 126 123 118
-0.597451 2.453399 -1.669175 120 0 21
1.466605 4.904776 0.571082 167 164 155
-1.457736 3.072181 -1.008153 90 62 27
-0.323856 5.221227 1.213426 135 132 128
-1.526256 2.218488 -1.975868 45 46 49
-1.167261 2.159755 -3.533223 149 155 155
-0.885838 2.089066 -3.655294 95 94 90
-0.218957 5.188431 1.194615 127 124 119
-1.876142 2.201240 -2.002986 196 198 201
-1.017288 2.214388 -3.481956 111 112 114
-2.135376 2.492507 -2.945445 66 73 0
0.771872 5.080194 0.847848 138 136 126
1.157654 5.019577 0.783152 145 142 137
-1.877703 2.203313 -2.002916 205 209 212
1.150582 5.050108 0.803012 144 141 136
-2.810905 3.718959 -0.984150 86 84 79
-1.067062 1.697583 -3.530391 130 131 133
-1.093364 2.423107 -1.705082 204 208 210
-1.048517 1.701821 -3.467872 130 131 133
0.392387 2.665372 -1.247544 158 159 163
-2.868809 2.164494 -3.418571 76 75 70
-1.917274 2.263201 -1.935024 68 73 79
0.520675 2.700469 -1.215680 157 161 164
-3.072621 2.232682 -3.299726 181 199 26
-1.917274 2.263201 -1.935024 68 73 79
-0.670117 2.430604 -1.719149 121 0 19
0.409177 2.866969 -1.205370 136 138 137
-3.072704 2.233219 -3.299703 181 199 26
-1.727870 2.331223 -1.872686 68 73 76
0.626938 2.779154 -1.139933 128 126 121
-2.887564 2.040318 -3.617149 111 110 105
0.408686 2.087526 -3.743262 102 99 90
0.239716 2.206909 -3.516747 93 92 88
-1.296181 2.468163 -1.649391 53 57 61
0.203941 2.214516 -3.510179 122 121 117
0.736417 2.804385 -1.130707 117 118 113
-2.411172 1.740855 -4.107040 110 109 104
-1.033465 2.465503 -1.639161 205 210 214
0.055953 2.608664 -1.400101 118 123 126
1.184978 2.928344 -1.090183 73 76 67
0.356943 3.156504 -0.866373 6 10 11
0.579643 2.863085 -1.165435 156 157 159
-1.125925 1.784008 -3.417487 54 54 56
-0.972680 3.276093 -0.703475 255 224 170
1.374855 3.321844 -1.847018 55 52 43
-0.733063 3.417678 -0.497736 81 3 19
1.460562 3.393037 -1.744889 56 53 46
0.560360 2.802895 -1.434310 179 189 190
0.193287 3.739099 -0.089610 124 47 63
-0.974989 2.556941 -2.172447 76 80 83
1.461850 3.392228 -1.743696 56 53 46
0.329578 2.582978 -1.510860 175 183 185
0.952954 4.763735 0.400510 118 115 106
-1.452409 2.322181 -1.624154 217 221 224
1.473127 3.401243 -1.719709 92 89 84
1.471045 4.878720 0.528649 168 165 156
-1.528534 2.275377 -1.894282 62 63 65
1.627866 3.650033 -1.351856 102 102 93
-1.113547 1.794647 -3.374580 26 26 24
1.483411 4.904271 0.578220 127 124 115
-1.643555 2.225054 -1.971141 218 221 228
1.636424 3.756734 -1.198101 59 55 52
-1.479431 1.877138 -3.147603 88 90 89
1.483411 4.904271 0.578220 127 124 115
-1.676319 2.204490 -1.992615 59 64 67
1.723186 3.758136 -1.196742 48 44 41
1.164259 5.018612 0.801631 133 130 123
-1.607517 2.287887 -1.938324 65 66 68
1.729053 3.760392 -1.196526 72 68 65
-2.827301 1.917738 -3.817587 110 109 104
1.126593 5.044672 0.828093 177 174 169
-1.658388 2.275550 -1.905254 55 57 60
1.759446 3.842987 -1.073485 64 61 56
0.491220 2.765756 -1.261993 228 233 236
1.235617 5.080987 0.840392 126 123 114
-1.494845 2.259491 -1.910492 193 206 212
-1.242008 1.825805 -3.267955 109 109 111
-0.465555 1.754858 -3.553662 6 7 11
-1.645400 2.336933 -1.893705 212 216 219
-1.322116 2.283467 -1.900851 204 217 221
-1.731944 1.794399 -3.126346 48 47 52
-0.474438 1.767978 -3.596012 166 165 170
-2.529956 1.927540 -2.377555 204 208 208
0.470970 2.683231 -1.234424 182 186 189
0.632369 2.774429 -1.146403 152 146 132
0.179805 3.183627 -0.767514 1 2 4
-3.158127 2.765292 -1.435509 138 79 28
0.531430 2.750061 -1.165110 186 188 185
0.773177 3.309934 -0.593483 211 215 217
0.209253 2.205848 -3.510635 90 89 85
0.832489 4.251976 -0.386787 78 78 74
0.211765 2.206826 -3.512771 90 89 85
1.769916 3.759975 -1.197539 81 77 74
-1.541770 2.263388 -1.921021 201 206 209
-0.152738 4.695464 0.340043 141 138 129
0.084957 2.084148 -3.709435 110 109 104
1.148578 5.019264 0.819195 184 180 177
-0.694037 1.848043 -3.547760 60 61 65
1.810704 3.762684 -1.200791 54 51 37
-0.547855 1.704213 -3.556767 83 86 91
1.148376 5.029720 0.811555 184 180 177
-1.162113 2.374300 -1.779339 218 217 220
-1.538459 1.862398 -3.095788 233 239 237
-1.676078 1.837275 -3.152879 114 118 117
0.036689 5.244144 1.230800 124 121 112
-1.917341 1.948632 -1.697916 59 64 63
0.939150 5.127810 0.965241 162 159 154
0.201292 3.202539 -0.739398 16 20 23
-2.498010 2.152543 -3.464508 101 100 95
0.927993 5.132354 0.972324 164 161 156
-1.948996 2.176383 -2.042214 213 216 221
-0.671776 2.559701 -1.524017 199 133 78
-0.791162 2.089087 -3.659926 120 119 114
0.733654 3.506689 -1.083361 112 114 113
-1.547242 2.610841 -1.980708 0 0 0
1.647400 3.660670 -1.344844 96 96 88
-0.512945 3.521917 -0.559245 97 24 43
0.504870 3.647522 -0.235780 207 208 210
1.695755 3.766935 -1.183870 48 44 41
-0.156568 1.802068 -3.664189 89 88 92
-1.710088 1.784968 -3.162446 61 62 67
-0.763472 5.645681 -2.707840 105 43 61
-2.597322 1.991417 -2.297954 250 250 248
1.385033 4.904665 0.584419 123 120 111
1.385489 4.907819 0.580621 123 120 111
-1.295611 2.469486 -1.650869 57 60 67
-0.580035 3.351143 -0.650125 193 197 200
-0.999224 1.648470 -3.441192 39 42 51
-3.052789 1.764486 -4.633632 197 207 209
-1.712050 2.372601 -2.176397 0 0 0
0.245700 3.206923 -0.709257 186 188 192
-1.120184 1.947592 -2.922689 66 66 64
-1.277949 2.285895 -1.882459 75 79 78
0.076847 2.676827 -1.393826 136 140 141
-1.300662 2.424133 -1.706810 196 201 205
-3.014370 2.576979 -1.689295 0 0 0
-0.922143 1.814595 -3.514282 83 84 88
-1.540978 2.758635 -1.318004 0 0 0
1.424058 3.355781 -1.787691 65 62 55
0.730739 3.361798 -0.537820 206 210 211
0.436086 3.684433 -0.174795 108 6 28
-1.182172 2.413316 -1.717276 154 159 164
1.848749 3.806927 -1.140900 63 57 41
0.292488 3.274340 -0.781964 33 34 36
0.293073 3.861064 0.027224 111 3 27
-1.181939 2.413523 -1.717406 153 158 164
0.219012 2.616945 -1.245957 214 218 217
-0.624081 2.658866 -1.402592 223 227 231
-1.287456 2.377198 -1.768613 123 134 140
0.747886 2.822820 -1.127618 48 49 49
0.314977 4.232555 -1.146006 86 85 81
-2.237005 1.707584 -2.699679 204 208 212
-1.299681 2.014650 -2.006388 192 205 213
-0.997573 1.743136 -3.578774 62 63 67
-0.184942 2.191176 -3.523735 115 116 110
-0.997573 1.743136 -3.578774 62 63 67
-1.716965 2.217455 -1.988672 207 211 215
1.842461 3.708927 -1.255915 88 85 76
-1.315132 2.404580 -1.732581 43 47 50
-0.718755 2.689553 -1.021871 95 5 30
-0.659149 2.315770 -1.865354 105 30 52
1.762984 3.823375 -1.103468 106 103 98
-0.413689 2.341335 -1.909450 209 214 218
-1.646277 2.227300 -1.963258 204 207 211
2.919473 4.072944 -0.780305 177 199 7
-1.493822 3.167785 -1.678321 51 53 52
-1.556215 3.742903 -0.579808 81 14 32
-1.073655 2.463034 -1.672966 211 212 216
0.142456 2.709158 -1.312878 174 180 183
-1.868926 2.202884 -1.995337 48 48 50
-0.240407 3.128965 -0.563111 204 209 215
-0.838997 1.698087 -3.440452 4 4 6
1.487211 3.734757 -1.209999 98 98 87
-1.528518 2.206713 -1.991974 55 56 58
-1.043752 2.471997 -1.637242 55 59 62
1.465203 3.713047 -1.253434 152 167 2
-1.919399 2.158808 -2.061411 47 48 50
-0.702358 2.574749 -1.502459 85 4 4
0.233914 2.213013 -3.512885 117 114 109
1.802858 4.137757 -0.590396 99 96 91
-1.131596 2.004824 -2.485085 224 209 216
0.820299 2.832923 -1.139451 188 192 197
-1.175566 1.770659 -3.234771 54 54 56
-0.753151 2.848255 -1.171994 44 5 18
-0.139349 2.203861 -3.509745 114 111 106
1.803713 3.763039 -1.184381 58 54 51
-0.017434 2.740413 -2.669423 77 78 71
-0.597382 2.339947 -1.802034 225 212 221
0.429237 2.555573 -2.994672 122 119 110
0.353490 2.618210 -1.387299 115 119 122
0.214400 2.714957 -2.734169 111 112 107
-0.678897 2.844510 -1.455742 206 140 65
0.050248 2.582570 -1.527911 223 227 230
1.878416 3.770821 -1.194619 163 177 6
-1.403155 1.905227 -2.981295 159 159 159
0.463903 3.058486 -0.409656 227 230 234
0.055301 2.608631 -1.398836 91 97 95
-1.628515 2.162269 -2.050025 0 0 0
-1.488606 2.267097 -1.913051 44 48 51
1.575048 3.690455 -1.272104 162 179 6
-1.421700 1.933487 -3.050631 11 8 7
-1.628515 2.162269 -2.050025 0 0 0
-1.330115 2.316928 -1.846239 193 205 210
-1.570269 1.840362 -3.149163 141 141 143
-1.762843 2.229204 -1.961699 75 80 83
0.907132 2.666914 -1.604090 109 69 87
0.281772 2.412722 -3.198544 152 152 150
-1.151620 2.179662 -0.936749 72 76 79
-1.074237 1.734182 -3.388603 190 188 189
1.645716 3.667724 -1.318509 176 187 37
-0.083107 2.331556 -3.307868 137 138 132
-1.612977 2.238438 -1.918276 198 202 205
1.112499 3.499308 -1.554190 159 168 32
-0.099134 2.330202 -3.314316 134 135 129
-1.495424 2.215444 -1.963113 142 148 148
-0.403639 2.594716 -1.473881 203 103 41
-1.058974 2.465845 -1.649230 65 65 66
0.320152 2.311399 -3.357554 126 128 125
-0.130077 2.056900 -3.756460 100 100 90
-1.275726 2.475745 -1.638453 60 65 69
-1.684517 3.722810 -0.490248 58 1 8
-6.174200 3.634316 -5.857747 181 162 151
-2.033947 3.871562 -0.800427 92 88 79
-1.411998 1.744626 -3.306340 83 84 86
-0.307892 2.226963 -3.464957 146 146 136
0.042785 2.606587 -1.436053 243 250 248
-2.176491 4.358877 -0.024659 120 116 107
-1.267391 2.375626 -1.768160 120 130 131
-1.422192 2.109364 -3.583587 130 130 120
0.613657 2.721104 -1.207419 206 209 214
-1.021002 1.726659 -3.397737 12 11 16
-1.147967 2.377544 -1.766931 169 177 179
0.051312 2.235969 -3.469441 138 137 132
0.745091 2.836575 -1.105571 45 46 48
-1.698297 2.222564 -1.971386 68 68 73
-1.913604 2.261992 -1.924991 61 65 65
-0.384585 2.605613 -1.464782 177 64 77
1.192759 3.527557 -1.511022 166 173 18
-1.912606 2.272892 -1.924024 184 190 193
-1.664682 2.219650 -1.976942 40 41 45
-1.710589 2.399614 -2.130521 214 214 216
0.413392 2.752957 -1.328429 152 158 156
0.130836 4.236857 0.259357 80 79 75
-0.285277 3.570722 -0.299032 117 54 63
-0.902688 2.048620 -3.740206 146 146 136
0.111181 4.238211 0.310367 88 13 28
0.555631 2.756525 -1.154471 127 121 108
-1.642288 2.265822 -1.916022 214 216 217
-1.329907 2.297188 -1.873317 204 209 215
-1.505961 2.369045 -1.781796 41 44 47
0.042913 4.440204 0.004750 88 87 83
-1.191215 2.425705 -1.702379 37 45 46
-1.650498 2.313526 -1.855190 204 214 216
-0.071201 3.517453 -0.429906 53 11 23
-0.907760 2.444890 -1.682352 0 0 0
0.751990 2.864817 -1.212683 0 0 0
-1.136795 2.368375 -1.777621 70 72 71
-1.558331 1.866141 -3.169582 145 148 155
-1.190740 2.426152 -1.702202 42 47 49
0.279120 3.633217 -0.287121 85 8 26
-0.692293 2.042937 -3.739176 103 102 97
0.303438 4.484838 0.049023 79 78 74
-0.299227 3.443090 -0.524556 79 33 46
1.834330 3.764364 -1.203175 221 223 28
-0.252342 3.170935 -0.640921 195 199 208
0.937705 3.447133 -1.622871 142 152 25
1.863906 3.809241 -1.142906 239 245 63
0.105588 3.090733 -1.336440 0 0 0
0.909826 3.436946 -1.451080 140 147 33
1.891135 3.839356 -1.074890 69 66 13
-1.517850 2.381788 -1.765015 38 41 44
0.879745 3.532281 -1.482339 151 158 62
1.879321 4.090241 -0.693520 84 79 75
0.761290 2.842958 -1.105397 92 93 95
1.033423 3.554516 -1.447597 173 181 24
1.879385 4.090725 -0.693998 84 79 75
0.184786 3.185847 -0.749787 201 203 206
-0.341523 4.171653 0.097748 98 36 51
1.635893 4.306572 -0.356418 96 91 86
0.198766 3.192319 -0.742519 168 170 172
1.531960 4.662472 0.200916 128 124 113
0.242429 3.200081 -0.735674 97 98 99
0.469437 3.697406 -0.214136 52 13 20
-1.554965 1.849404 -3.060477 66 65 70
-1.830515 2.218747 -1.980976 196 201 204
0.346503 3.806296 -0.008828 153 121 124
0.602112 2.854409 -1.144797 151 153 150
0.267626 3.125582 -0.831786 3 4 6
0.346469 3.806347 -0.008877 153 121 124
1.642894 3.531859 -1.543792 96 95 90
-1.597693 1.385947 -4.730632 146 145 140
-1.184967 1.957808 -2.782666 134 136 133
1.850036 4.609178 0.093830 105 101 92
-1.066806 2.472153 -1.639265 33 35 37
0.334101 3.833117 0.012811 155 123 124
0.587371 2.752276 -1.156251 131 120 100
0.854511 3.517296 -1.507921 108 116 6
1.274639 3.652233 -1.327985 206 211 24
-1.855735 2.209180 -1.974282 72 73 76
0.551878 2.840456 -1.174346 148 149 153
0.961514 5.108965 0.954218 154 151 143
0.171074 4.116504 0.191441 150 128 131
1.760061 3.814691 -1.119523 50 47 42
-1.549141 1.867973 -3.137475 135 135 138
-1.550890 2.201773 -2.006657 48 50 49
-1.441890 1.896701 -2.964410 95 101 99
1.144206 5.046836 0.816120 143 140 133
0.840073 4.413087 -0.140660 87 84 79
0.614534 2.881878 -1.142687 138 139 140
-0.260943 3.454938 -0.520446 229 211 215
1.365195 4.304717 -0.339868 68 65 60
1.888868 3.852110 -1.069189 65 65 28
-1.667204 1.364080 -4.749105 92 91 87
-1.704257 2.222543 -1.961531 202 207 210
0.829154 2.830131 -1.143026 142 146 149
-0.959230 3.232306 -0.795839 185 128 31
1.877640 4.085490 -0.716468 79 75 72
1.254140 3.660062 -1.346496 179 186 19
0.517250 3.645588 -0.262274 20 20 21
0.865867 5.031367 0.833569 177 172 169
3.200023 3.216371 -2.141263 143 141 129
-1.407311 1.933887 -3.049762 171 172 168
-1.894077 2.269526 -1.916667 76 81 85
1.275549 3.666496 -1.303948 82 77 73
0.212647 3.196786 -0.741187 83 84 86
1.777277 4.632871 0.139427 138 134 123
-1.301950 2.401424 -1.739079 192 195 200
1.191079 2.914231 -1.114561 215 219 222
-1.474521 2.225062 -1.960181 128 133 137
1.603916 4.633410 0.147935 120 116 105
0.747562 2.915924 -1.109686 154 157 158
1.767853 4.903951 0.566840 107 103 92
1.603959 4.632887 0.148211 120 116 105
0.802987 2.864795 -1.082901 102 103 107
-1.792997 3.690435 -0.559391 62 24 30
-1.753041 2.236805 -1.944886 194 199 203
-1.210657 2.401552 -1.733320 78 83 87
0.533334 2.683564 -1.249480 157 162 165
-1.640367 2.326012 -1.882450 68 72 73
1.852736 3.789888 -1.175358 249 250 40
-1.606967 2.215907 -1.991325 94 98 101
-1.167991 2.413900 -1.717006 182 186 188
-1.161566 2.369149 -1.770970 188 193 196
-1.656523 2.348378 -1.941702 204 205 210
-1.534847 2.394324 -1.766350 52 58 58
-1.033354 2.355506 -1.795452 185 189 192
-0.448088 3.502326 -0.394920 142 74 86
-1.361372 2.331651 -1.828059 58 59 63
0.156178 3.186731 -0.755554 181 186 190
-0.698523 3.255011 -0.558193 226 188 143
-1.476135 2.346030 -1.793322 62 63 65
-1.266420 1.913959 -2.890320 53 54 56
0.913704 2.661441 -1.600483 159 157 162
-0.555580 2.413616 -1.726926 97 30 50
-1.392613 3.091119 -0.980516 146 102 72
-1.457225 3.073249 -1.007170 150 102 45
-1.351984 2.360507 -1.788556 59 60 64
1.270554 3.660702 -1.310632 74 78 21
-1.280448 2.363342 -1.781656 204 207 212
-1.520376 2.384935 -1.765892 82 86 87
1.873366 4.639112 0.156414 110 106 97
0.232634 3.192333 -0.740018 20 21 23
-1.974718 3.624673 -0.621804 107 72 41
0.822426 2.832785 -1.118661 188 192 195
-1.041228 2.353558 -1.799420 213 217 220
-1.263483 2.476467 -1.641669 199 204 210
1.873366 4.639112 0.156414 110 106 97
0.614816 3.617099 -1.007240 22 22 20
0.033481 2.661682 -1.411032 168 170 170
-0.623314 2.417616 -1.773833 123 10 38
2.128750 3.918493 -0.953632 223 230 12
-0.603804 3.351252 -0.638461 95 27 13
1.531636 3.577882 -1.445689 76 73 68
0.329629 1.806807 -4.167309 114 114 104
2.139486 3.934741 -0.961664 224 229 15
0.632181 2.793929 -1.123039 186 188 185
1.613703 3.504102 -1.584607 87 86 82
-1.295808 2.302895 -1.854954 49 50 51
0.604762 2.747005 -1.170976 214 212 200
-1.378181 2.419558 -1.712618 206 210 213
0.141919 1.784061 -4.196438 157 159 148
1.450083 4.007402 -0.809217 103 100 95
0.169000 3.166983 -0.762699 0 1 3
1.676203 3.760483 -1.198474 73 69 66
0.618566 2.766798 -2.676745 143 147 150
0.639708 2.776495 -1.140649 187 178 170
1.789399 3.840264 -1.082599 104 101 96
1.673666 3.769204 -1.184119 60 56 53
-1.348174 2.334267 -1.822886 50 51 53
0.521867 2.870087 0.199335 19 25 10
1.838509 3.790771 -1.160432 50 49 26
1.680403 3.768198 -1.173966 97 93 90
-1.400512 2.326730 -1.833395 205 206 208
0.488076 3.058818 -0.873641 149 154 158
-1.375954 2.420444 -1.712024 217 218 220
0.157335 1.769742 -4.226994 114 114 106
1.755086 3.800393 -1.135009 92 88 85
0.227667 3.202142 -0.740515 139 140 142
1.751402 3.767688 -1.187710 74 70 67
-1.465957 2.339787 -1.815586 47 49 48
0.488076 3.058818 -0.873641 149 154 158
-0.547332 2.444852 -1.690608 173 181 183
0.157335 1.769742 -4.226994 114 114 106
1.082666 3.487764 -1.561002 144 153 8
0.227414 3.202176 -0.740500 139 140 142
0.506520 3.064288 -0.863176 213 217 221
0.784550 3.805990 -1.063185 35 34 31
-0.726736 1.652976 -4.366021 135 134 129
0.927508 3.247017 -1.431354 19 21 7
0.764996 2.932330 -1.081272 185 186 188
0.207977 3.190416 -0.742859 2 2 4
-1.584476 1.744979 -3.238056 38 38 38
-0.226650 1.709105 -4.303398 135 135 128
-1.410675 2.349947 -1.803141 206 209 212
-0.042569 3.530471 -0.420735 85 18 35
0.399755 3.084298 -0.845135 1 2 4
0.794087 3.285347 -0.618822 212 216 214
-1.046551 2.357456 -1.793575 40 44 47
-0.685715 1.635479 -4.385104 135 134 129
0.740755 2.788756 -1.145876 204 207 207
0.649244 2.792252 -1.129659 190 192 187
-1.514937 2.199311 -2.003644 47 53 53
0.234516 3.617448 -0.303423 65 20 29
-1.092117 2.430889 -1.710121 72 76 77
-0.685715 1.635479 -4.385104 135 134 129
-1.564566 2.197843 -2.001480 59 59 59
0.843328 3.366479 -1.329525 35 37 34
1.008169 3.464573 -1.603511 106 116 17
0.439258 2.492322 -3.086163 104 105 100
0.254061 3.620641 -0.303837 226 205 212
-1.127543 2.500038 -1.747519 176 180 183
-0.675678 1.631360 -4.399984 127 126 121
-1.146842 2.350945 -1.801816 206 207 210
0.170727 4.104366 0.190516 148 98 109
-0.711592 2.679102 -1.303443 168 123 89
0.297460 2.229540 -3.478595 119 118 114
0.118548 3.120669 -0.910019 205 209 212
0.682321 2.914705 -1.110017 167 169 168
-0.343889 1.672601 -4.356989 125 125 113
-1.147362 2.350472 -1.802701 216 216 218
1.647663 4.292179 -0.373148 80 77 72
0.412706 3.108372 -0.810335 204 205 207
-0.940876 1.745885 -3.429693 56 55 60
2.183526 3.714771 -1.304725 76 76 66
-0.188680 2.189237 -3.522086 105 104 100
0.165895 4.116277 0.194068 56 7 12
0.728576 2.517648 -3.061265 185 196 200
0.109946 1.715343 -4.313987 143 144 138
-1.159457 2.394662 -1.746200 210 213 218
1.487363 4.728579 0.307276 124 120 109
-0.429258 3.482268 -0.383875 153 90 107
-0.944437 2.084495 -3.666756 137 137 127
-0.535232 3.950360 -0.045303 109 32 52
-0.659530 2.314668 -1.861299 123 0 24
-0.634169 2.324753 -1.847626 112 26 51
-1.402156 1.895574 -2.846632 153 156 163
0.248528 4.598341 0.202720 95 92 83
0.047971 1.760311 -3.353987 118 119 124
0.007452 1.693576 -4.340396 119 119 109
-0.678721 2.572936 -1.504326 171 135 92
1.810305 4.616466 0.102355 138 134 123
-0.606897 3.348018 -0.645176 173 123 78
-2.923128 2.250230 -3.277696 48 55 4
1.159264 5.025889 0.793293 188 185 176
0.176588 3.179995 -0.763353 0 4 4
-0.607418 2.364994 -1.692443 0 0 0
0.602743 2.762948 -1.151378 175 163 149
-0.105970 2.313272 -3.337134 127 128 122
0.981682 4.822877 0.504925 118 115 106
0.804849 2.811676 -1.140591 209 213 216
-2.878583 2.191130 -3.377280 98 97 92
0.261562 2.677550 -1.273550 171 172 174
0.373306 3.780885 -0.047270 186 160 164
-0.776319 2.838346 -1.183029 73 11 31
-0.624717 3.422578 -0.388494 191 122 133
0.461247 4.828739 0.548075 69 66 57
-1.592996 2.194628 -2.009536 205 206 208
0.286951 2.841950 -1.205994 178 182 181
-0.658431 2.301013 -1.882840 106 0 22
0.750228 3.334460 -0.568384 176 180 179
0.560521 2.726550 -1.390978 204 211 211
1.197709 2.912482 -1.113145 198 200 199
-0.020027 2.258358 -3.424118 114 116 105
0.194515 2.673421 -1.329498 156 157 161
-2.256665 3.306539 -0.864378 184 124 70
-0.276261 3.011339 -1.220932 0 0 0
0.199263 3.732086 -0.083834 126 62 79
0.251815 2.565619 -2.958447 129 128 123
1.458881 4.714496 0.285400 158 156 144
1.001087 2.406566 -3.249500 151 151 149
0.760096 2.791409 -2.642161 122 121 116
-2.715093 2.101483 -3.531004 108 107 102
0.517356 2.851321 -1.193318 6 6 8
0.661008 3.453967 -0.442631 29 33 32
0.769145 3.314643 -0.574559 183 187 186
-0.001244 2.230414 -3.465988 115 116 110
-2.067956 3.743550 -1.372762 207 154 102
-1.296518 3.510150 -0.517969 209 131 57
0.199263 3.732086 -0.083834 126 62 79
0.252353 2.561164 -2.970809 131 130 125
1.229093 5.206941 1.111762 92 89 80
-1.518182 2.381423 -1.764469 38 42 44
1.002266 3.020172 -0.975924 250 254 255
-3.081182 2.233135 -3.293553 77 93 0
0.837618 2.829737 -1.156979 215 219 222
0.380869 3.772563 -0.060399 61 41 43
-2.556677 3.820907 -1.572311 211 184 173
-2.067956 3.743550 -1.372762 207 154 102
1.081385 3.008459 -0.972561 51 51 49
-1.354120 1.478500 -4.600258 153 152 147
-0.805087 4.901259 0.741684 139 134 131
0.577668 3.585716 -0.867464 99 100 102
1.638856 3.730403 -1.235010 205 212 57
0.030150 2.177166 -3.560325 126 127 121
-0.993744 1.744164 -3.517589 50 51 55
-1.096798 4.367292 -0.059002 127 123 114
1.466727 4.908391 0.584201 169 166 157
0.577668 3.585716 -0.867464 99 100 102
0.769377 2.884083 -1.166063 152 157 161
1.821658 3.770050 -1.191583 41 37 26
0.086200 2.180337 -3.552974 123 124 118
0.143435 3.808230 -0.519197 254 216 227
-1.096640 4.365797 -0.058527 127 123 114
0.167508 2.586051 -1.444725 166 171 175
-2.296490 1.653454 -4.273170 110 110 100
-0.933993 2.081222 -3.626551 119 118 114
1.588441 3.760755 -1.182900 235 241 89
-1.277368 2.384641 -1.756112 72 76 77
-1.058830 2.465957 -1.649400 59 60 62
1.390602 3.339591 -1.813440 63 61 49
-2.821226 1.946727 -3.775378 138 137 132
1.150478 5.190289 1.049378 129 128 117
-0.768928 3.809588 -0.190447 100 37 54
-1.095014 2.412773 -1.714697 67 69 68
-1.377339 2.002783 -3.798798 191 198 196
-0.661491 2.047371 -3.721264 126 126 115
-0.103217 4.406167 -0.312447 230 201 206
-1.498560 4.491156 0.161348 131 127 118
1.744951 3.704919 -1.294534 249 250 99
-10.455640 4.691664 -9.091913 192 167 158
-1.593015 2.194391 -2.009542 203 204 207
0.368860 3.785550 -0.039745 161 148 148
-0.645874 2.684686 -1.292599 0 0 0
1.693870 3.564215 -1.502252 113 110 105
-2.475728 1.793077 -4.032095 132 132 124
-1.885614 2.169201 -2.058172 198 200 199
-1.644106 2.352780 -1.843523 76 79 82
0.277157 3.922351 0.069013 46 31 34
0.674917 2.909388 -1.105359 179 183 186
-0.378502 2.523736 -1.580307 188 98 16
1.770304 3.721847 -1.256548 40 31 0
0.257593 2.702648 -1.335042 106 110 108
-0.126771 2.174452 -3.553740 62 62 57
-1.868563 2.169651 -2.028316 198 200 199
0.174448 4.101816 0.193645 139 99 107
-1.464050 3.221667 -0.860393 255 245 230
0.573263 2.869539 -1.163821 20 21 23
-1.338223 1.934087 -3.875907 152 151 146
-1.308206 2.425344 -1.720775 191 195 200
-0.546986 2.403368 -1.754198 222 210 219
0.590644 3.530606 -0.828839 94 96 95
0.616140 3.599647 -0.954686 94 94 94
0.656585 2.785453 -1.288191 18 20 19
-0.997398 2.203995 -3.460750 108 108 98
-0.606204 2.380735 -1.742378 231 198 205
-0.601167 3.473910 -0.439392 191 122 133
-0.719409 2.694218 -1.337885 182 177 169
-0.016659 2.161973 -3.602039 165 165 155
0.472405 3.677502 -0.217366 197 199 201
0.549138 2.760365 -1.152787 173 170 160
2.486774 3.242536 -2.051960 81 78 69
-3.143770 1.942562 -3.767649 110 109 104
0.613859 3.497037 -0.375587 208 212 213
0.656138 2.788973 -1.134609 182 180 181
0.597120 3.613457 -0.935105 48 48 49
0.667795 2.783483 -1.141182 64 64 66
1.750941 3.760366 -1.201026 39 35 32
0.064170 1.722732 -4.296026 119 119 107
0.512853 3.651900 -0.260138 32 33 31
-1.562737 4.011173 -0.604169 88 84 75
0.765550 3.310616 -0.621787 184 187 186
1.634562 4.307792 -0.358763 91 88 83
1.675077 3.763406 -1.188319 46 41 38
-0.943611 1.756539 -4.186201 127 126 121
0.961088 5.115006 0.958234 119 116 107
-1.268116 2.385129 -1.754511 217 220 223
-2.494703 3.010731 -1.349280 253 227 228
-1.134970 1.810876 -3.370984 120 120 122
-0.384999 2.604749 -1.464392 165 62 72
1.834277 3.726206 -1.251356 225 225 65
-1.754963 3.665771 -0.498817 52 15 22
-1.532960 2.267942 -1.912735 207 208 210
1.654938 3.772434 -1.178675 95 91 88
-2.819706 1.916690 -3.817118 105 104 99
0.783658 2.914203 -1.086096 162 162 163
0.480330 3.059749 -0.889685 135 141 141
1.383118 2.843933 -1.350361 48 50 47
-1.388272 1.902026 -2.990187 57 56 61
0.594177 4.853027 0.553770 165 162 153
0.147674 2.710958 -1.363910 21 23 24
1.470648 4.876712 0.530144 159 155 144
0.157664 3.100251 -0.969314 190 194 197
-0.719756 2.078857 -3.688100 113 113 101
0.264029 3.946863 0.093180 123 102 102
-2.544960 4.104190 -1.992670 236 195 173
0.744071 3.347276 -0.544775 179 183 184
0.667185 3.560207 -1.053355 95 97 96
0.628815 2.777635 -1.313324 173 175 174
-1.087314 1.746560 -3.401181 162 163 165
1.460066 4.905029 0.580969 122 119 110
-0.781298 3.286155 -0.725848 168 133 75
-1.732755 2.236139 -1.955614 190 193 198
-1.332681 2.417561 -1.715684 80 84 87
0.173471 3.162551 -0.698322 196 199 204
-1.846264 3.670428 -0.568359 98 63 31
0.535100 2.860090 -1.172597 91 91 91
0.193690 4.318226 -0.316332 86 83 78
0.623997 2.788258 -1.130038 125 125 123
1.693501 3.724892 -1.263335 59 55 28
-0.307478 3.441905 -0.526112 66 14 27
-1.494860 2.295726 -1.873745 216 219 224
-0.326358 2.302272 -1.489409 108 24 48
-1.747296 1.785429 -3.118322 177 178 182
-1.526448 2.391756 -1.752942 59 63 64
0.523869 2.834277 -1.215165 24 26 25
0.796454 3.291857 -0.616425 51 53 52
0.719061 3.373539 -0.522793 195 194 199
1.642611 3.735382 -1.228074 63 63 0
-0.943611 1.756539 -4.186201 127 126 121
0.935503 5.122671 0.961058 123 120 111
0.719423 5.060293 0.879645 169 166 159
-2.259216 1.750678 -1.718938 201 206 210
0.622882 3.498734 -0.397594 163 165 164
-0.561021 2.456792 -1.670097 132 93 60
-0.749892 2.251301 -3.396911 145 144 139
0.442218 2.759743 -1.185139 228 232 233
-1.414110 3.086178 -0.991557 136 99 51
-1.066525 2.472139 -1.639129 39 41 43
1.841768 4.620938 0.109414 132 128 119
-1.323251 2.347114 -1.805958 188 192 194
0.591271 2.759410 -1.149429 178 166 151
0.595644 3.646278 -0.928091 105 109 111
-0.970878 3.223022 -0.803672 155 121 76
1.143854 3.500321 -1.538816 127 136 9
0.143446 1.771962 -4.218461 105 106 100
-0.193307 3.594443 -0.441498 105 10 32
0.132344 2.603755 -1.377722 202 206 205
1.124313 2.957257 -1.046264 209 213 216
-0.914324 1.684885 -3.501358 22 26 27
-1.454768 2.223130 -1.969873 51 55 64
0.265663 3.032089 -0.953101 174 178 181
1.595660 3.497712 -1.590956 40 39 35
0.122502 1.855589 -4.077734 118 120 109
0.828834 5.046123 0.858078 126 123 118
-1.030566 1.724420 -3.402199 146 148 152
-0.862323 2.094017 -3.654761 120 124 123
-1.072291 1.591096 -4.439624 137 136 132
0.719457 5.062053 0.878400 169 166 159
-1.916300 2.262102 -1.924446 60 61 63
0.725151 3.372727 -0.532965 33 35 34
0.242785 3.616122 -0.318784 199 200 200
-1.677620 2.220240 -1.975994 216 219 220
-1.393050 2.367556 -1.781772 61 62 64
0.628080 3.485100 -0.408350 207 208 208
1.835084 4.615466 0.111851 61 57 48
0.514923 3.651706 -0.264417 39 39 39
-0.397490 2.599260 -1.467252 137 59 37
1.784025 3.786762 -1.159495 48 44 41
-2.494647 1.745482 -4.097843 100 99 95
0.612247 2.882580 -1.146520 153 153 153
0.542835 2.764552 -1.151273 132 131 128
0.161002 4.146580 0.213609 148 126 129
0.720197 3.370785 -0.517607 198 198 200
0.159105 1.798240 -4.170699 152 155 148
-0.155583 2.250852 -2.530071 115 114 109
-1.504866 2.223355 -1.952806 205 208 210
0.741240 3.353326 -0.551674 40 41 43
-0.607478 3.329667 -0.636211 152 115 63
1.568202 3.471018 -1.631728 53 49 46
0.831477 5.040824 0.854985 164 161 156
-1.166424 2.376104 -1.769614 122 126 126
0.957622 4.945012 0.687003 122 119 110
-1.914696 2.263378 -1.925403 60 61 63
-0.135201 2.778760 -1.237172 179 189 188
-1.382051 2.283101 -1.701768 0 0 0
-1.928031 2.156510 -2.061938 213 217 216
-1.723739 1.263391 -4.893593 110 109 105
-1.327531 2.416309 -1.715149 42 45 50
1.827518 4.614536 0.106597 139 134 128
0.587411 3.641818 -0.932515 91 92 94
-0.118433 2.353523 -2.428616 142 146 149
0.550194 2.743300 -1.162636 191 188 183
0.347139 3.796087 -0.024637 191 173 175
0.732149 2.928572 -1.085084 177 178 180
-0.816149 1.740770 -4.226585 142 143 137
0.195231 4.263176 -0.295251 72 71 67
-1.072457 1.825846 -3.295023 53 51 52
-1.245685 1.971251 -3.222260 58 58 56
0.813451 3.271925 -0.637909 47 49 48
1.402017 3.324491 -1.835522 98 97 92
0.312538 1.955629 -3.926022 131 132 126
0.530355 5.051347 0.894056 119 116 107
0.002124 2.195404 -3.528985 113 111 106
0.350602 3.794704 -0.020370 187 163 163
2.027181 4.445150 -0.175416 72 68 56
-0.254208 3.586582 -0.288958 112 40 54
-0.739774 2.687589 -1.361603 0 0 0
1.783248 3.772603 -1.187191 72 68 63
-2.647352 1.814135 -3.994269 128 127 123
0.070210 2.608123 -1.411138 235 241 241
0.394853 2.663288 -1.242195 153 154 156
0.574155 3.558920 -0.821369 149 150 152
-1.332057 2.327966 -1.928902 189 194 200
-1.221140 1.748387 -3.428987 87 89 88
0.444042 3.636376 -0.275805 195 198 203
0.199176 3.196059 -0.736234 39 43 44
0.719911 3.490339 -1.550642 20 20 8
0.509562 5.043823 0.875645 117 114 105
0.160512 2.315109 -3.344025 112 113 108
-1.166396 2.374439 -1.770889 198 202 204
2.027181 4.445150 -0.175416 72 68 56
-1.701880 2.232175 -1.959938 0 0 0
0.158917 2.714271 -1.357047 112 113 115
0.366370 3.798853 -0.024060 95 95 95
-1.334076 2.344578 -1.822175 182 187 193
0.200520 2.711576 -1.339955 107 108 112
-1.708401 4.414211 0.044476 132 128 117
-0.885828 4.559691 -2.874351 239 240 247
-2.659956 2.266468 -3.270252 94 94 86
0.761527 2.817437 -1.124249 52 51 54
1.902882 3.863853 -1.050732 242 247 79
-0.578184 1.843862 -3.399144 89 93 95
1.768587 3.763982 -1.198939 92 88 85
-2.651799 1.825680 -3.974618 124 123 119
-1.578305 1.846434 -2.958725 190 194 197
0.344864 3.807389 -0.009925 169 146 149
-1.290616 2.306969 -1.907288 76 77 79
1.852581 3.789591 -1.152016 207 212 48
-0.321278 1.813848 -4.127447 138 140 130
-0.120778 3.853532 -0.547832 113 9 32
-1.003980 4.374820 -0.050509 89 85 76
0.730956 3.515016 -1.098945 93 95 94
-1.457702 1.927337 -3.036046 41 40 38
-0.282580 5.198705 1.183810 126 122 119
0.834605 3.392505 -1.271664 22 26 10
1.026420 3.041399 -0.925478 179 179 181
0.378984 4.993620 0.869412 144 141 132
-0.287691 2.205933 -3.503426 124 123 115
1.885684 3.825471 -1.107678 244 248 84
1.492633 4.732553 0.311768 156 154 142
0.344353 3.791384 -0.022036 68 41 45
1.591708 3.737428 -1.220841 164 173 0
0.156953 1.858789 -4.073451 99 100 92
0.660169 3.609069 -1.032917 41 41 39
-1.003980 4.374820 -0.050509 89 85 76
-1.121995 2.415493 -1.714127 73 78 81
-2.562800 1.953274 -2.341437 226 228 227
-0.270641 5.158606 1.128611 169 166 159
0.626260 3.489112 -0.404851 72 76 77
0.253490 3.615564 -0.294642 63 20 30
-1.173107 2.010931 -3.761625 160 160 150
1.419641 4.735335 0.331117 151 148 139
-0.143429 2.055952 -3.748844 104 104 94
-2.094338 2.522123 -3.042423 97 97 87
0.622336 2.770587 -1.277107 173 178 181
0.721143 2.807679 -1.119772 193 196 195
1.871597 3.812179 -1.126013 239 238 76
1.853356 4.608230 0.084177 134 131 122
-1.155496 2.418173 -1.710176 54 55 57
1.762970 3.717413 -1.254139 138 138 97
-2.829854 1.897206 -3.850669 99 98 93
-1.626229 1.816649 -3.064365 57 58 62
0.597628 3.622035 -0.941883 47 47 48
-1.655728 2.298205 -1.832913 57 59 57
-1.074309 1.726983 -3.391233 32 36 37
-1.435130 1.908382 -2.993797 117 117 119
-0.329769 5.014831 0.899487 128 125 120
0.723194 3.372133 -0.528697 164 165 166
-1.460077 2.213746 -1.988892 180 185 189
0.789617 2.926852 -1.093582 53 53 53
-0.601086 2.068535 -3.714179 150 150 140
1.400218 4.738072 0.329956 119 117 104
1.861787 3.809071 -1.128587 56 52 11
1.318795 4.660397 0.214952 116 113 104
-3.388648 3.577136 -1.131955 195 205 206
-0.571868 3.905360 -0.080861 108 52 67
-1.489869 2.212727 -1.943770 210 215 218
-1.257147 2.389654 -1.756919 185 188 195
-0.494091 1.720714 -3.566532 82 85 90
0.917826 4.837093 0.510798 128 125 116
-1.017302 2.366733 -1.778121 206 209 218
0.817249 3.266140 -0.641718 86 90 89
1.767742 4.891162 0.537185 105 103 91
-0.328397 5.011235 0.902155 134 131 126
-0.436636 2.311262 -1.665596 0 0 0
1.767079 3.786854 -1.162946 38 34 31
1.318009 4.662737 0.212703 116 113 104
-1.919533 2.253617 -1.933211 181 182 186
1.753996 3.715923 -1.264024 150 159 54
-2.833891 1.920566 -3.813404 137 136 131
0.515390 3.635595 -0.268935 211 213 212
-0.604545 3.906796 -0.092098 94 37 52
-1.277730 2.293995 -1.880961 102 114 114
-1.388939 1.900147 -2.989684 57 56 61
0.918013 4.836532 0.511053 128 125 116
0.654696 2.782054 -1.135452 113 112 108
2.082061 4.703408 0.224236 114 110 99
0.739601 2.825058 -1.102802 9 9 11
0.475563 2.170505 -3.585094 93 94 89
0.128537 4.204797 0.230375 39 23 23
-2.544960 4.104190 -1.992670 236 195 173
0.638135 4.916188 0.650749 148 145 136
-1.496097 1.878696 -2.962633 106 110 114
-0.130677 2.772003 -1.246830 157 165 167
0.141940 2.737827 -1.360079 130 132 136
-1.032125 2.356289 -1.795572 175 179 180
-1.008568 1.798172 -3.422547 72 73 73
-0.127060 2.771127 -1.242457 159 163 166
-1.315739 2.338191 -1.830115 124 137 143
-2.730923 2.254071 -3.287290 90 89 84
-0.466469 5.042992 0.963355 128 125 120
-1.566659 2.217807 -1.978736 204 203 208
-3.431052 2.810055 -1.758720 178 150 137
-2.307999 3.858658 -1.415126 173 130 83
-0.457330 4.904872 0.732525 134 130 127
-1.046351 1.699504 -3.461243 101 101 103
-2.787420 3.783553 -1.696996 204 172 151
-1.369345 2.327005 -1.829591 138 149 151
0.236266 5.255996 1.254956 113 109 100
-1.320340 2.269358 -1.899634 137 150 156
-1.153059 1.726391 -4.213150 157 156 152
0.933844 4.705178 0.307799 123 120 111
0.215588 2.812809 -1.258946 163 167 168
-0.928299 2.227625 -2.016184 231 242 248
1.467043 4.907161 0.589319 158 154 145
-1.625504 1.835394 -3.184871 79 80 82
-0.680235 2.585708 -1.510839 212 135 50
1.162321 5.020872 0.786901 168 165 160
-1.040997 2.474819 -1.634298 48 52 53
-1.452025 2.222796 -1.973442 53 60 62
-0.072787 3.515082 -0.442571 209 200 203
0.562447 2.765032 -1.154318 180 177 174
2.066099 3.780960 -1.193786 87 83 74
0.454908 3.670884 -0.190108 143 123 121
1.339061 4.781489 0.404883 122 119 110
-1.673847 2.207283 -1.996381 74 77 82
0.066559 2.615965 -1.379093 166 169 172
-0.609514 2.347765 -1.822629 109 43 59
-2.854074 3.760097 -1.754797 168 129 102
0.114238 2.623235 -1.383341 224 228 229
0.517283 2.850829 -1.191787 14 14 15
0.211222 3.195516 -0.739786 95 96 98
1.815141 3.790248 -1.160841 55 52 47
-0.940377 1.572565 -4.480922 150 149 144
-0.606051 4.410018 -0.040367 114 111 106
-1.311524 1.947485 -3.057311 125 127 124
-3.119069 2.685450 -1.505888 192 174 151
0.536385 3.658108 -0.871193 111 112 114
-1.619366 2.275458 -1.906426 65 66 68
1.811179 3.772021 -1.190083 46 41 38
-1.323259 1.535683 -4.508515 131 130 125
-0.606207 4.410058 -0.040492 114 111 106
-2.547481 1.942908 -2.352620 202 206 207
0.653153 3.516964 -0.946588 11 15 16
-1.619366 2.275458 -1.906426 65 66 68
1.768776 3.795320 -1.151715 32 27 24
0.038097 1.661994 -4.394839 118 117 111
-0.526633 3.335830 -0.669102 198 201 206
0.742360 2.518496 -3.051248 122 119 110
0.653153 3.516964 -0.946588 11 15 16
1.778299 3.785686 -1.165575 79 76 71
0.300774 1.683806 -4.366802 124 123 118
0.383346 3.058890 -0.876476 209 210 212
-0.609160 2.566505 -1.508099 196 184 166
-2.269187 2.433514 -2.998939 252 253 72
-0.554637 2.399273 -1.752583 99 46 66
-0.399233 2.127240 -3.616981 111 110 105
0.608229 3.611973 -0.969775 108 112 113
0.571448 2.869504 -1.166124 32 32 32
-1.422705 2.401371 -1.721941 63 67 68
-2.355777 2.498928 -2.927599 250 255 32
-1.295632 2.467908 -1.648489 51 54 61
1.264498 3.643749 -1.323045 147 161 5
0.471355 2.648108 -1.287727 232 237 241
0.207187 2.198475 -3.512961 140 137 132
0.569378 3.544376 -0.819684 6 8 7
1.786286 3.756011 -1.206192 33 31 32
-0.018902 1.685557 -4.354051 108 108 100
-1.446820 2.360675 -1.795628 67 71 73
-1.272127 2.385118 -1.770863 203 206 211
0.118418 2.300739 -3.365366 120 119 117
1.278731 3.660837 -1.306670 87 90 44
1.784521 3.757845 -1.209218 33 31 32
-0.279308 1.669331 -4.364987 111 111 101
-0.134450 2.076734 -3.707261 134 133 126
0.061672 2.080664 -3.718980 108 105 96
-0.618745 2.373981 -1.742310 114 26 50
-1.167071 2.371404 -1.772924 211 215 217
0.727414 3.369173 -0.533838 73 73 75
1.731809 3.783979 -1.164185 84 80 77
0.099395 1.706381 -4.324862 95 95 86
-0.149552 2.067699 -3.753131 86 85 80
-1.080267 1.726362 -3.387966 44 44 46
1.713631 3.755089 -1.217899 62 58 55
-0.844190 1.974492 -3.837602 116 115 111
-1.128113 2.365215 -1.781053 72 75 80
0.750584 3.342510 -0.559785 85 87 86
2.539674 3.922629 -0.978304 131 129 117
-1.248569 2.135590 -3.569581 100 99 95
-1.128113 2.365215 -1.781053 72 75 80
1.018282 2.429813 -3.217144 189 194 198
0.235843 3.206987 -0.731294 5 6 10
1.908828 3.853976 -1.062706 176 192 0
-1.603461 1.839911 -3.177723 72 74 71
-1.501562 2.288542 -1.884510 50 51 56
-3.130798 2.706333 -1.479259 107 52 21
1.015911 3.066060 -0.889275 54 57 50
0.219051 3.207033 -0.722647 190 191 193
1.609604 3.509958 -1.564778 87 83 82
-0.773731 1.776863 -4.173160 163 162 157
1.769226 4.909272 0.579988 109 109 97
-3.741581 2.579179 -2.718613 120 119 114
-0.276261 3.011339 -1.220932 0 0 0
0.461247 4.828739 0.548075 69 66 57
-2.002208 3.620067 -0.638457 145 101 37
-3.458301 3.200185 -1.768623 80 79 74
0.592788 2.761327 -1.318948 22 26 27
-1.304211 2.439494 -1.676974 182 186 189
0.733111 2.828588 -1.099272 165 169 172
-1.447554 1.912064 -3.061207 34 33 31
-0.888061 4.562366 0.246553 135 134 129
0.281724 2.413009 -3.198445 134 134 127
-3.188727 2.810305 -1.407483 79 72 56
-1.931429 1.322810 -4.805360 126 125 120
0.174453 2.696549 -1.374085 56 57 59
-0.039161 3.526841 -0.427658 219 203 208
-0.592951 3.385729 -0.614564 114 0 19
-2.732877 2.848634 -2.366338 95 95 85
-2.135309 1.390687 -4.683079 174 173 168
-1.317777 2.291932 -1.878313 190 197 202
-1.857249 3.659693 -0.571384 79 54 28
-1.302038 2.045034 -2.949839 27 27 24
-0.706462 3.434498 -0.481476 124 57 70
-1.159654 2.320051 -1.844211 47 52 55
-2.844769 1.643183 -4.228493 133 132 127
-0.562325 2.443826 -1.681560 206 201 205
-1.197375 3.015617 -1.728959 168 124 63
0.607954 2.816856 -2.586613 145 144 140
-0.515277 2.588909 -1.494034 144 109 79
-5.630040 14.797551 -16.746923 201 132 65
0.292661 2.645676 -1.396324 239 244 247
-1.465028 1.399457 -4.710127 146 146 138
0.911186 3.535678 -1.468570 131 143 13
-1.515457 2.037793 -3.723105 213 224 220
-1.488818 2.264062 -1.919911 211 216 219
-1.364293 2.374785 -1.772607 61 65 68
-1.274065 1.814817 -3.214428 47 47 47
0.433506 2.730148 -1.216102 156 157 161
-1.593230 1.507993 -4.533112 130 129 124
0.939150 5.127810 0.965241 154 151 146
-1.279124 1.932793 -2.848697 24 30 30
0.017455 2.615825 -1.489188 213 217 217
-1.380242 2.355199 -1.780195 76 80 81
0.462629 2.768893 -1.190388 141 142 144
-1.618071 1.514405 -4.521334 134 133 128
-0.546424 4.905629 0.734045 133 130 125
-1.253412 2.308299 -1.867024 196 200 203
-1.376399 3.102470 -0.973846 192 129 43
-2.315744 2.486773 -2.946550 206 222 20
0.321504 2.702281 -1.264079 165 170 173
2.564035 4.340794 -0.360569 113 109 97
-0.684091 2.582288 -1.494409 227 221 207
-1.644397 2.275944 -1.901785 67 72 75
-1.466447 2.343768 -1.818327 93 93 95
-2.321114 2.548811 -2.850697 209 222 58
-2.828914 1.909490 -3.826555 109 108 103
-1.502183 2.368826 -1.780905 62 66 67
2.564035 4.340794 -0.360569 113 109 97
0.148078 2.781029 -1.282590 190 198 201
-1.548020 2.231108 -1.949796 197 201 204
1.011606 2.613381 -2.932444 139 137 125
2.079329 4.735159 0.280503 118 114 102
0.775861 2.830991 -1.119927 61 67 67
-1.701412 2.241138 -1.953321 200 204 205
-1.686974 2.222454 -1.977731 201 206 209
-1.333133 1.537942 -4.513335 154 153 149
-1.444399 1.746487 -3.315924 148 146 151
1.730095 4.630504 0.139120 121 117 106
0.728527 3.366705 -0.526917 84 85 84
-1.662348 2.219648 -2.001455 98 102 105
0.523068 4.949003 0.718058 115 112 105
1.656108 4.276495 -0.397242 74 70 61
-0.357031 1.777239 -3.612137 43 44 47
1.895976 3.845381 -1.073131 239 242 81
-0.001733 4.352030 -0.304414 102 0 22
-0.972893 3.660356 -0.777493 234 184 133
-1.194342 1.851160 -4.021722 150 149 145
0.446482 4.731115 0.392397 115 111 102
1.843917 3.853870 -1.082161 53 48 44
-0.445569 3.495978 -0.397319 130 58 72
-0.111841 4.551172 -0.693013 0 0 0
-0.673110 1.835814 -3.537078 97 97 99
-1.083590 3.224467 -0.799271 186 133 59
1.867282 3.815072 -1.122556 67 59 11
-1.578949 2.079415 -3.641922 150 147 138
-0.611652 3.347108 -0.643743 197 137 76
2.206315 14.282928 -7.785929 62 1 12
-1.045859 2.472054 -1.638344 47 50 52
-2.469916 2.281518 -3.259683 90 90 80
0.556338 2.854293 -1.173931 140 140 142
1.855186 3.799071 -1.147662 211 212 72
0.422891 2.669236 -1.270513 214 220 220
0.510044 3.644908 -0.262818 202 204 204
1.768556 3.795865 -1.152482 30 26 23
-1.399649 1.912872 -2.965492 138 138 136
0.539595 4.925411 0.676230 112 109 100
1.738485 3.808973 -1.124332 99 96 91
0.084618 2.797438 -0.803823 0 0 0
1.738543 3.761578 -1.202615 68 64 61
-0.087886 4.484391 -0.165422 96 11 34
-1.295765 2.649623 -2.284338 207 210 215
-3.131907 2.622080 -2.700639 88 88 78
-1.321537 2.385009 -1.750519 50 51 55
1.561737 3.743787 -1.219370 152 155 0
-1.415964 1.939279 -3.215117 109 109 99
-1.379953 2.382807 -1.719673 0 0 0
-3.114129 2.948868 -2.186620 71 70 65
-1.118535 2.369563 -1.773367 0 0 0
1.555929 3.737291 -1.222309 223 232 30
-1.207014 2.066059 -2.881346 49 50 52
-0.560775 3.350515 -0.553422 0 0 0
-1.448321 2.231781 -1.979196 212 217 220
1.475266 3.391619 -1.733625 84 83 78
-1.269886 1.818437 -3.277160 100 101 95
-1.452605 3.607160 -0.648367 96 28 49
-2.393824 2.491896 -2.923295 166 183 0
-2.827226 1.531063 -4.393654 102 101 97
-1.741813 2.224822 -1.968946 56 60 63
1.462197 3.395710 -1.732159 89 84 78
-0.921560 1.686855 -3.502244 6 7 9
-0.977997 1.717683 -3.413578 20 24 25
0.211449 2.206883 -3.511725 97 94 85
-2.359809 2.489353 -2.931585 156 171 0
-2.821891 1.542223 -4.394166 97 96 92
-1.741813 2.224822 -1.968946 56 60 63
1.468853 3.384806 -1.739832 86 87 81
-1.237993 1.836643 -3.230854 113 113 112
0.325530 3.810569 0.002828 114 2 27
0.145138 2.148390 -3.612539 132 131 126
1.318207 4.994368 0.740769 120 117 108
1.209166 2.899841 -1.134425 200 201 203
0.220322 3.741238 -0.093580 116 7 31
-0.685710 3.442028 -0.470923 124 36 52
-1.255608 1.943018 -2.853491 94 96 95
-2.374622 1.533104 -4.447419 82 81 76
0.519226 4.949487 0.711225 146 143 136
0.750262 2.805821 -1.149839 4 8 7
0.276975 1.601876 -4.503344 52 51 47
0.764304 3.319880 -0.575028 216 218 217
-1.135718 3.173272 -0.885155 232 224 211
0.538049 2.856882 -1.177782 139 139 141
0.105238 1.630858 -4.447274 114 113 108
0.492703 2.663864 -1.311892 246 250 250
-1.616054 2.305879 -1.861835 71 74 75
0.631162 2.783240 -1.134278 179 180 175
0.101263 1.694295 -4.346379 152 151 147
1.255709 4.959032 0.673149 134 131 122
0.462890 2.679015 -1.234922 226 231 235
0.644979 2.773138 -1.146213 109 111 108
0.069330 1.689409 -4.348990 144 143 138
0.807139 5.044701 0.861316 174 170 167
0.395105 2.662416 -1.255279 223 227 228
0.624081 2.787987 -1.129666 119 119 119
0.094702 1.698810 -4.341113 145 144 139
0.957538 4.944770 0.687271 123 120 111
0.074606 4.683094 0.350020 129 126 117
0.268048 2.616589 -1.328230 166 170 173
0.668141 3.575705 -1.045703 121 120 119
0.050190 2.582784 -1.526296 225 229 230
0.613661 2.761357 -1.297944 75 79 80
0.306216 2.235467 -3.447782 152 151 149
-0.074124 3.516145 -0.443028 229 215 217
-1.548570 2.368926 -2.418740 73 74 78
0.495699 2.691168 -1.223235 159 163 166
-0.912427 2.250621 -3.410188 127 127 115
-0.424702 3.533918 -0.365462 194 128 140
-1.131475 2.296589 -1.665108 215 218 223
0.467871 2.691787 -1.221159 191 195 198
-1.374917 2.053052 -2.925775 30 34 33
-0.424702 3.533918 -0.365462 194 128 140
0.421028 2.567760 -1.592286 182 186 185
-1.418451 1.897112 -2.917552 252 252 250
0.284286 3.031396 -0.916330 8 8 2
0.530215 2.844946 -1.184983 169 171 170
0.258324 2.510454 -3.016526 115 116 111
0.349083 2.688973 -1.387559 251 253 252
0.780175 2.431782 -3.196910 123 121 109
0.257487 2.688686 -1.296375 123 127 126
0.777736 2.433060 -3.194236 123 121 109
0.064629 2.610800 -1.518343 240 246 244
-1.147561 2.359145 -1.791366 64 68 71
0.012254 1.673357 -4.379493 112 112 105
0.373973 5.005446 0.849550 113 109 100
-3.383325 3.583249 -1.121938 125 135 136
0.286669 1.712282 -4.326086 119 118 113
0.371404 5.013855 0.841840 113 109 100
-1.334530 2.313941 -1.897965 216 217 219
-3.398422 3.573772 -1.123860 163 173 174
0.313086 1.726149 -4.300949 144 143 138
0.516562 5.009856 0.672335 154 152 140
0.074175 2.609317 -1.392181 223 229 230
-1.257692 2.304724 -1.879115 173 178 178
0.090724 1.710581 -4.317564 147 147 139
0.534108 4.937049 0.687330 134 131 122
-0.922296 2.089866 -3.650024 98 98 92
-0.007297 4.992325 0.803536 149 145 136
-1.169196 2.371581 -1.772468 229 233 233
-1.507829 1.953048 -3.843805 187 196 195
0.086559 1.737721 -4.272873 128 129 122
1.151033 4.549177 0.050795 106 103 98
-1.364595 2.300148 -1.865430 106 107 108
-1.249602 1.938292 -2.844394 19 25 25
-0.036950 2.041756 -3.773436 110 112 99
-0.133429 4.600940 0.174147 120 118 107
-1.168847 2.416402 -1.715501 207 210 215
0.744597 3.343296 -0.552585 208 212 213
-1.457186 2.365113 -1.784387 208 208 208
0.242395 3.200235 -0.735618 151 151 155
0.748847 2.527021 -3.049814 160 160 154
0.243164 2.685326 -1.313716 118 122 125
0.906512 2.669062 -1.592957 212 206 212
-1.063100 1.736039 -3.386564 230 231 233
-0.345643 2.643787 -0.951106 166 120 74
-0.669363 2.301010 -1.887455 235 208 218
1.667169 3.783359 -1.178696 86 81 78
-1.453116 1.898112 -2.980022 142 140 141
-0.940909 2.659022 -1.396408 74 17 34
-0.680803 2.443208 -1.691414 124 0 19
-0.482366 2.844515 -1.178108 51 8 4
-1.076452 1.723266 -3.392716 60 58 61
-1.482528 3.092592 -0.926739 0 0 0
1.610619 3.509978 -1.576995 36 35 31
-1.375205 2.421052 -1.711665 222 222 224
-0.681898 1.748083 -2.426260 138 139 143
-1.321766 1.911532 -3.074774 44 48 52
-1.144839 2.351438 -1.801556 206 208 211
-0.857270 3.793362 -0.231058 94 71 71
-1.565152 2.219458 -1.977994 185 190 190
-0.345013 5.724843 -22.580006 244 246 247
-0.610204 2.645588 -1.419330 165 170 174
-0.612195 1.416342 -4.746350 118 118 110
-1.564442 2.218785 -1.978781 195 198 199
-1.193997 1.801593 -3.222038 111 112 114
0.768957 2.829828 -1.323999 194 198 201
-1.236705 1.477427 -4.609896 128 128 118
0.511649 2.840376 -1.193298 201 206 203
-1.468180 1.849493 -3.208025 135 132 128
0.440155 3.630812 -0.275893 192 197 200
0.240217 1.637537 -4.441596 143 142 137
-1.505610 2.368390 -1.781348 42 45 46
-0.660905 2.310738 -1.864684 122 0 23
-1.273412 1.914743 -2.897135 49 53 56
0.020863 1.663304 -4.392691 101 100 95
0.735758 2.810158 -1.122864 7 7 7
-1.020205 1.829084 -3.406255 60 59 57
0.270767 3.122104 -0.823364 2 3 5
-1.465291 2.207678 -1.983283 217 218 222
-1.455812 2.365800 -1.783825 204 204 205
0.905084 3.542343 -1.485427 105 115 6
-0.037139 1.681521 -4.358761 123 123 114
-1.150279 2.352197 -1.800927 221 221 223
-0.803352 2.934591 -3.780542 65 69 69
0.737809 2.824553 -1.121214 59 58 60
0.352452 3.788358 -0.027455 42 6 11
-1.616544 2.395920 -1.977454 211 214 220
1.750597 3.760674 -1.201444 39 35 32
-0.593028 1.665177 -4.351469 131 132 124
-1.058681 1.724831 -3.394521 181 180 184
0.149645 2.691536 -1.357471 164 168 169
-1.598148 2.284863 -1.891514 165 166 167
-1.317777 2.291932 -1.878313 188 192 201
-1.358812 1.916312 -2.898947 18 20 19
-0.959530 2.049863 -3.732190 122 122 112
0.707910 3.466260 -1.011815 195 199 202
-1.498560 4.491156 0.161348 131 127 118
-1.491786 1.899869 -3.057597 229 233 234
0.110044 2.145921 -3.607025 110 109 104
0.796976 2.925817 -1.089592 83 83 83
-1.671610 4.351573 -0.058639 124 120 109
-1.628168 1.841458 -3.105589 67 67 69
0.093027 2.159264 -3.590124 156 155 150
1.490630 4.929598 0.611804 120 118 106
-1.642649 4.257574 -0.188906 104 100 89
1.609523 3.650154 -1.346221 189 198 55
0.230964 2.218382 -3.495687 114 114 112
1.100513 5.058994 0.843812 151 148 143
-1.110226 4.339748 -0.095124 60 56 47
-1.516050 2.300046 -1.876590 153 168 175
1.323020 4.999623 0.746593 118 115 106
2.607293 4.343071 -0.353245 105 99 87
-0.744654 2.679372 -1.374126 226 219 203
1.162286 5.021246 0.786698 168 165 160
2.576412 4.350652 -0.338783 117 113 101
0.641243 2.775839 -1.146320 107 105 94
-0.148807 5.258090 1.273799 125 121 110
1.881150 4.080965 -0.694014 86 81 75
0.354323 3.272392 -0.746619 37 39 38
-0.135944 5.181890 1.152933 128 124 115
1.880661 4.076940 -0.710155 82 77 71
0.258070 3.620993 -0.306805 235 219 224
0.384296 5.025737 0.862918 109 106 97
1.830659 3.805188 -1.138161 91 87 84
0.194872 1.668664 -4.392429 101 101 93
1.160753 4.527182 0.019886 91 88 83
1.755302 3.722676 -1.255662 41 37 8
-1.054057 1.721321 -4.230057 143 143 138
-1.873692 2.200391 -2.004039 197 200 205
0.749092 3.339013 -0.548503 192 196 199
-0.167945 2.053325 -3.749173 119 119 109
-0.285381 5.202696 1.191993 170 166 163
0.297332 2.253947 -3.445401 112 111 108
0.249659 2.829390 -1.224816 140 144 145
-0.858493 2.099872 -3.651754 106 106 94
-0.541298 3.957592 -0.056272 109 32 52
-0.001673 4.975656 0.821638 82 79 70
-1.490238 2.266410 -1.913234 40 45 48
-1.670668 1.377301 -4.738275 142 141 137
-0.003802 4.984778 0.813148 82 79 70
-1.485104 2.265267 -1.918700 193 198 201
-1.802941 1.419544 -4.656848 118 117 112
0.001495 4.974334 0.813958 91 88 81
-1.402282 3.278098 -0.791219 217 163 97
-1.815001 1.452811 -4.603774 133 132 127
0.000062 4.978621 0.809964 91 88 81
-1.135545 2.326461 -1.834698 41 45 46
-0.457431 4.905753 0.732131 134 131 126
0.769997 2.424833 -3.189891 152 157 161
-2.570331 1.655615 -4.234549 127 126 121
-0.584207 4.907261 0.739527 139 136 131
0.986005 2.415352 -3.225145 175 180 183
-1.538791 1.442289 -4.652847 115 114 110
0.118273 4.193841 0.238244 80 1 14
-0.132642 2.778069 -1.236397 186 191 195
-1.782761 1.527188 -4.491238 117 116 111
-0.722827 4.065472 -0.070596 58 15 24
-0.137115 2.776000 -1.235879 186 191 195
-1.728269 1.519786 -4.512189 159 158 153
-0.473839 3.929485 -0.057563 111 21 46
0.402419 2.863551 -1.205446 165 166 168
-1.584840 1.511172 -4.528455 124 123 118
-0.295454 3.443826 -0.534141 228 212 215
0.265604 2.622061 -1.329072 238 246 248
-2.499387 1.754641 -4.088192 131 130 125
-0.732009 3.436488 -0.492113 83 1 18
-1.715430 2.158888 -1.961929 48 46 49
-2.612143 1.800939 -4.013714 108 107 102
-0.789517 3.484701 -0.637397 116 37 54
-2.697782 2.170356 -3.421890 98 97 92
-2.612280 1.800439 -4.013323 108 107 102
0.802813 2.916058 -1.084928 147 147 146
-2.469120 2.266216 -3.285156 95 95 85
-2.643129 1.812323 -3.989074 93 92 87
0.828754 2.826089 -1.111258 167 171 172
0.803919 2.806476 -1.141150 176 180 181
-1.544075 2.262339 -1.922361 190 197 201
-1.535704 1.532823 -4.500794 134 133 128
0.542540 2.764734 -1.149523 153 152 148
-2.739021 2.261705 -3.266378 57 57 52
-2.669347 1.839872 -3.948013 138 137 132
0.567502 2.720660 -1.195995 173 177 179
-1.041962 2.366826 -1.778742 65 65 65
-2.825279 1.889465 -3.861998 135 134 129
0.155789 2.697923 -1.360988 143 144 146
-2.702719 2.898555 -2.273057 51 51 48
-2.829899 1.896944 -3.850523 98 98 90
-0.311488 2.581676 -1.558626 151 91 60
-1.088386 2.431460 -1.695483 202 207 207
-1.164211 2.463116 -1.654747 197 201 210
-2.822057 1.923447 -3.812234 131 130 125
-1.069987 2.418873 -1.756081 48 52 55
-1.874942 2.168070 -2.045834 198 203 208
-2.541356 1.865048 -3.916103 109 108 103
-1.335941 2.354416 -1.798424 59 63 66
-4.001465 2.450923 -2.889801 96 95 91
-2.712021 2.061191 -3.598467 107 106 101
-1.819992 2.212725 -1.993817 70 74 77
-2.384055 2.327921 -3.187904 92 92 82
-1.116359 1.686196 -4.280442 132 133 128
-1.870468 2.184988 -2.011473 75 79 82
-1.670450 2.208297 -1.992579 64 63 68
-1.232048 1.723016 -4.223615 118 118 110
-1.227905 2.178671 -2.863478 0 0 0
-5.138197 15.392997 -16.393671 116 28 50
-1.588761 2.198100 -2.011044 206 207 211
-1.077844 1.720340 -4.233863 138 139 134
0.612471 3.502733 -0.391970 211 215 215
-3.845419 2.293025 -3.157404 91 90 85
-0.924452 1.717964 -4.252443 135 136 131
0.369450 3.197636 -0.790384 46 48 47
-3.726212 2.487655 -2.858553 91 90 85
-0.995653 1.744135 -4.205636 152 153 148
-0.484551 2.854044 -1.185182 77 19 34
-3.766268 2.639425 -2.625761 91 90 85
-2.482996 2.148213 -3.469362 118 117 112
-1.089062 2.417760 -1.710952 214 216 216
-2.790768 2.746694 -2.522433 94 94 84
-2.499052 2.179339 -3.417456 84 84 74
0.318328 2.266253 -3.428638 119 118 112
0.475636 2.689154 -1.223925 85 90 93
-2.686919 2.923027 -2.238456 79 79 69
-1.071388 1.822136 -4.077720 107 108 103
0.796661 2.853742 -1.087060 185 189 192
-2.122980 2.497475 -2.933775 134 154 7
-1.958483 2.052972 -3.653779 126 125 120
0.723930 2.791340 -1.137723 111 110 99
0.537142 2.432039 -3.201783 197 203 201
0.518334 2.850976 -1.189991 11 12 12
1.368586 2.715030 -2.793636 124 124 114
-3.859524 2.290667 -3.161334 96 95 91
-0.774286 1.787930 -4.155459 137 136 132
0.787162 2.916314 -1.089852 142 142 144
-1.089547 2.418709 -1.710517 203 205 204
0.356915 3.469803 -0.472973 207 212 215
-0.391307 2.372496 -1.991475 0 0 0
0.185119 2.772440 -1.308859 149 152 157
0.324758 3.817453 -0.006348 112 0 19
0.528376 2.871655 -1.170155 200 202 201
0.210803 2.780617 -1.317477 143 144 146
0.083831 4.308874 0.285624 108 101 95
-0.546457 4.906457 0.732415 131 127 116
-0.393784 4.529901 0.145411 177 174 167
0.296132 2.208121 -3.504768 109 106 101
0.194124 3.737937 -0.087576 114 30 45
0.206814 3.607093 -0.327932 226 215 215
0.216112 3.200755 -0.747287 81 82 86
0.248111 2.826098 -1.214754 176 177 181
0.523862 4.946861 0.719120 125 121 112
-1.136170 4.204795 -0.307687 104 101 92
0.285663 3.789824 -0.035334 117 35 49
0.160199 3.592665 -0.333665 76 8 19
0.749187 3.330390 -0.552226 216 216 214
0.401992 3.143700 -0.777920 224 225 227
0.803389 2.865345 -1.084068 120 123 128
1.438724 2.301906 -3.403803 130 127 117
0.870810 5.031885 0.836505 140 137 128
0.859980 5.027900 0.833589 149 149 139
0.415502 4.828035 0.546804 191 187 178
-0.832129 4.390824 -0.041295 134 132 121
0.170091 4.103137 0.192202 174 125 131
0.170122 4.102492 0.193451 174 125 131
0.831505 4.241737 -0.369344 85 81 78
0.344080 3.822121 -0.004215 41 15 14
-0.322314 3.571575 -0.319443 99 5 25
-0.133827 3.565613 -0.347122 252 175 196
-0.133827 3.565613 -0.347122 252 175 196
0.568069 3.579426 -0.323207 77 76 74
0.461444 3.459202 -0.437475 94 99 102
0.461444 3.459202 -0.437475 94 99 102
0.770778 3.324259 -0.578605 72 74 69
0.744577 2.799154 -1.141007 149 149 147
0.785011 2.799330 -1.127504 202 206 207
0.760729 2.788686 -1.105555 156 160 163
0.477373 2.693063 -1.216854 221 225 228
0.305863 2.719949 -1.405384 166 168 167
0.458311 2.682443 -1.230839 104 108 111
0.361368 2.290002 -3.388844 124 121 112
-1.174613 3.943613 -0.898761 104 26 48
-0.666678 2.553435 -1.479288 199 144 74
-1.153918 2.343820 -1.809270 71 75 76
-0.587873 3.348668 -0.638628 59 10 18
0.448945 2.336813 -3.327514 125 125 115
-1.167837 2.349310 -1.807605 79 83 82
0.495089 2.816385 -1.287627 208 212 210
0.764489 3.313871 -0.584664 215 219 222
0.331489 2.601355 -1.337895 190 193 198
0.497483 3.058147 -0.880605 140 144 147
0.268887 2.806599 -1.086618 190 191 193
-1.046620 2.359774 -1.790077 75 75 77
0.539595 4.925411 0.676230 131 127 118
0.446011 4.731506 0.391115 127 123 114
-0.404192 4.530318 0.147959 142 137 131
0.194814 3.736065 -0.085244 111 27 43
0.561766 2.865015 -1.221449 137 139 138
-1.359208 2.164512 -1.536087 0 0 0
-0.129292 2.384340 -3.231889 126 128 125
2.262392 2.505631 -5.218125 105 102 93
-0.887542 4.388732 -0.035205 138 135 126
-0.604916 4.404986 -0.030840 111 109 97
0.245925 3.620024 -0.300046 59 11 23
0.803052 2.864600 -1.081564 127 128 133
0.634957 2.788239 -1.130881 118 117 112
0.537359 2.758229 -1.155861 202 200 187
0.536325 2.759776 -1.155810 202 200 187
0.628236 2.762878 -1.148770 186 174 149
0.561233 2.744058 -1.168207 224 219 213
-0.934848 2.618972 -1.433211 96 27 46
-1.162245 2.318092 -1.845963 60 61 63
-1.834845 1.962586 -1.982382 0 0 0
1.415799 2.687773 -2.839447 119 117 105
-1.068387 4.568567 0.242873 141 137 128
0.634510 3.487645 -0.408872 75 75 73
-0.494414 3.377543 -0.613051 230 208 210
-0.419616 3.360211 -0.634412 174 178 181
0.824417 2.916704 -1.091082 68 68 69
0.552569 2.692966 -1.243180 165 169 170
1.259588 2.678517 -2.843884 163 161 149
1.444360 2.491650 -3.130133 148 146 134
1.445733 2.491215 -3.132120 148 146 134
-0.333033 2.136216 -3.598048 130 127 118
-0.575856 2.390024 -1.970976 72 3 13
-0.619706 3.341650 -0.657867 168 127 67
-1.081263 3.188134 -0.858705 234 222 205
-0.459876 3.509133 -0.385783 88 1 17
0.183699 3.597461 -0.335466 216 206 210
0.522973 2.728512 -1.165636 214 218 221
-1.385197 2.291210 -1.875003 75 75 76
-1.357682 1.907343 -2.964599 54 59 65
0.127760 2.697108 -1.362372 163 164 166
-1.816926 3.692472 -0.587747 154 99 29
0.360867 2.693564 -1.225894 175 177 178
0.189981 2.657655 -1.358549 178 182 181
-0.393559 4.530067 0.146182 180 176 173
0.597282 2.762787 -1.148941 204 193 173
0.364914 3.198194 -0.845521 108 110 109
0.152329 2.723495 -1.347422 138 142 144
0.310694 2.597625 -1.329940 250 254 255
1.431036 2.667698 -2.855777 138 136 124
1.580468 2.314851 -3.514279 100 97 88
1.911579 2.400449 -4.082080 103 100 91
-1.034160 4.381972 -0.036697 131 129 117
-0.314123 3.564452 -0.316194 128 35 53
-0.314452 3.562412 -0.312955 128 35 53
-0.531495 3.328264 -0.672344 189 193 196
-0.944198 3.234932 -0.795357 163 128 75
0.352895 3.215831 -0.847127 104 104 106
0.525715 2.868025 -1.217972 182 184 183
0.518683 2.843234 -1.202119 214 216 215
0.539358 2.747494 -1.168028 220 220 219
0.297146 2.593709 -1.319267 187 192 195
1.004934 2.376843 -3.284447 135 133 121
-0.161412 3.677981 -0.179155 174 68 90
-0.461844 3.448825 -0.328981 103 2 21
-0.192228 3.456644 -0.510534 175 179 180
-0.824707 2.966540 -1.050646 174 177 182
0.554186 2.879720 -1.176594 173 173 175
0.597856 2.770796 -1.138994 217 215 207
0.622038 2.753794 -1.164208 225 219 207
0.262869 2.698866 -1.338950 118 122 121
0.441484 2.681104 -1.229052 218 223 227
0.042572 2.580118 -1.529171 158 162 165
0.042572 2.580118 -1.529171 158 162 165
0.781169 2.431317 -3.196906 138 136 124
0.041988 2.649130 -1.556023 243 251 251
-1.360058 2.289729 -1.883672 187 190 196
0.443103 2.680320 -1.227696 198 202 205
-1.412707 2.348579 -1.803305 194 194 196
0.120320 2.725529 -1.345584 193 198 202
0.338763 3.731579 -0.475964 239 239 239
0.999869 3.518953 -1.514452 149 155 5
0.999869 3.518953 -1.514452 149 155 5
-0.633107 2.678948 -1.390274 0 0 0
0.657620 3.579164 -0.980133 40 40 38
-1.818374 2.268688 -1.974992 177 180 189
0.583031 3.608277 -0.902998 72 72 74
0.796568 2.847249 -1.150118 203 204 206
0.091826 4.318018 0.250468 121 121 113
0.586758 2.842180 -1.153916 153 152 156
0.140011 2.685803 -1.376806 156 160 159
-1.310228 2.440873 -1.683849 178 184 189
0.476892 3.680279 -0.214041 199 199 199
0.828551 3.515656 -1.565187 64 69 3
-1.506435 2.255482 -1.913786 90 94 95
-1.551214 2.264388 -1.929955 0 0 0
-2.200416 3.840369 -1.351722 0 0 0
1.370092 4.926319 0.625545 122 119 110
1.150535 4.950605 0.681094 120 117 108
0.814071 3.260134 -0.648947 206 206 206
0.585019 2.743210 -1.168722 192 192 189
-2.162915 3.746350 -1.254032 176 132 96
0.020967 2.616694 -1.438130 212 215 214
1.478340 4.896500 0.584288 124 122 109
1.468547 4.891386 0.554777 158 156 144
1.468547 4.891386 0.554777 158 156 144
1.469890 4.882689 0.544825 157 155 143
1.469795 4.883755 0.544186 157 155 143
-1.234310 3.874694 -0.292507 62 18 28
0.864013 2.885355 -1.198278 181 180 186
0.518946 2.849985 -1.189445 12 13 13
1.124625 5.050201 0.835935 133 130 125
1.738547 4.611097 0.155239 116 112 103
1.355870 4.778445 0.391668 176 173 164
1.423501 4.741703 0.331083 120 116 104
0.929184 4.711480 0.319194 120 116 107
1.554009 4.375594 -0.264669 90 87 82
1.626410 4.320362 -0.329699 90 87 82
1.626126 4.322555 -0.332806 90 87 82
1.174446 4.494595 -0.042553 90 85 81
0.866981 3.532562 -1.479771 52 52 2
0.382044 3.066934 -0.874347 1 2 5
-0.738287 3.407851 -0.521774 111 28 46
-0.598432 3.338150 -0.647005 221 214 201
-1.823692 3.673627 -0.567435 132 87 48
-0.756403 2.683235 -1.360334 176 125 59
-1.024451 2.365594 -1.783259 51 56 59
-1.238741 1.818682 -4.077167 33 32 37
1.769463 4.910862 0.578165 112 108 97
1.766001 4.909435 0.574184 138 134 123
1.757020 4.893398 0.541526 111 107 96
2.028686 4.455089 -0.183897 137 135 123
1.365335 4.304696 -0.340034 62 61 57
0.334437 3.832651 0.013274 160 129 129
0.353905 3.802771 -0.015157 25 16 11
0.357813 3.797089 -0.019450 32 25 23
0.341693 3.803006 -0.012141 67 25 27
0.268927 3.627071 -0.290091 69 13 26
1.023538 3.463753 -1.596612 147 151 71
0.850938 3.524097 -1.496856 157 162 79
0.849684 3.513808 -1.504770 144 151 23
0.837630 3.520586 -1.503439 137 143 56
0.141141 3.585177 -0.352814 217 200 204
0.928914 3.435574 -1.608946 116 121 23
-0.053497 3.527184 -0.428884 63 20 30
-0.380454 3.442832 -0.501879 71 0 10
0.778467 2.929708 -1.085343 35 35 35
-0.486299 3.381536 -0.611481 204 185 191
0.745140 2.826903 -1.114512 33 31 34
0.721745 2.789446 -1.138828 149 147 133
0.668431 2.782515 -1.139348 64 64 66
0.620003 2.782922 -1.133192 187 187 185
-1.197852 2.433734 -1.697924 170 174 175
0.207099 3.190517 -0.745831 13 13 14
-0.657764 2.570127 -1.512332 142 110 68
0.677158 3.141482 -0.909402 199 204 208
0.315675 2.662608 -1.323061 195 199 202
1.866547 4.659622 0.174220 109 104 100
0.729735 3.518518 -1.105338 93 94 96
0.754380 2.831244 -1.125816 108 107 112
-0.699266 2.598254 -1.595755 186 188 187
1.598191 4.653678 0.186316 115 111 100
1.827064 4.617810 0.103279 135 130 126
1.356124 4.777785 0.392349 178 173 167
1.555115 4.365938 -0.254818 96 91 87
1.647663 4.292179 -0.373148 80 77 72
0.808195 2.922725 -1.094354 66 66 66
0.611185 2.765237 -1.149470 174 166 147
-1.306224 2.392872 -1.744658 63 69 74
-1.361875 2.366180 -1.781795 204 205 207
-0.572888 2.449641 -1.680980 246 203 194
-1.490408 2.302768 -1.865195 205 210 211
-0.476858 2.660358 -1.357883 166 113 59
0.996734 2.417761 -3.228658 141 140 133
-0.390824 2.332067 -1.746419 218 223 226
0.215288 2.731301 -1.362208 121 125 126
-1.333778 1.849985 -3.202809 141 142 139
-1.791452 3.682051 -0.546748 79 5 22
-1.501493 1.826871 -3.147591 124 125 129
0.101404 2.687284 -1.380136 180 183 185
0.284513 2.571745 -1.251699 252 255 255
-1.133698 4.609635 0.306398 135 131 122
-1.257735 3.874729 -0.295715 112 81 84
0.230222 2.698257 -1.376019 121 125 124
-1.497698 2.299016 -1.871657 211 214 219
-1.017246 2.456048 -2.172965 42 45 50
0.285042 2.397131 -3.229776 127 125 116
-1.075491 4.541320 0.203943 147 145 132
-1.018221 4.377759 -0.050175 127 123 112
0.458210 2.682396 -1.230241 115 120 124
0.561792 2.390173 -3.250526 113 113 106
-1.031260 1.701940 -3.443407 7 7 12
-1.165709 2.466926 -1.627240 211 216 220
-2.007679 3.617270 -0.650966 133 79 5
-1.296939 3.127458 -0.946625 157 104 24
0.792285 3.407576 -0.730676 104 104 102
-0.731719 2.003767 -4.764786 120 119 114
-0.702835 2.733114 -1.400909 239 225 198
-0.132422 2.777981 -1.233865 195 199 202
-0.127144 2.771077 -1.242387 159 163 166
0.067359 2.612522 -1.388884 227 231 232
-1.003354 1.829473 -3.431220 53 52 50
-0.993474 1.820771 -3.429066 94 94 94
-1.081240 1.840699 -3.301693 139 138 134
-1.135483 1.759393 -3.337390 60 60 62
-1.043721 2.473824 -1.636352 48 52 54
-2.184088 4.369612 -0.011477 133 129 120
-1.999825 3.602906 -0.639512 156 100 25
-1.103794 3.179942 -0.866590 231 220 216
-1.573911 1.786793 -3.254342 60 61 63
-1.705683 4.421246 0.054303 133 130 121
-1.783803 3.667778 -0.554122 165 103 43
-1.554373 2.221292 -1.974650 57 58 62
-0.709039 2.084179 -3.658038 110 109 104
-1.178520 2.435137 -1.689171 61 62 64
-1.644368 2.229577 -1.964308 201 204 207
-1.445244 1.747553 -3.311459 132 132 134
-0.855638 2.249431 -2.093076 207 215 218
-0.409263 2.241612 -3.295066 115 114 110
-1.160759 2.396913 -1.750872 211 214 219
-1.399887 1.644720 -3.235201 7 10 15
-1.995095 2.584445 -1.560699 178 182 191
-1.995095 2.584445 -1.560699 178 182 191
-1.858003 2.082385 -2.134489 44 49 52
-1.018763 1.750772 -3.380312 51 52 56
-0.534201 2.404495 -1.767865 236 212 220
-0.657980 1.846990 -3.569978 127 128 132
-2.478991 3.410652 -0.870435 61 9 0
-3.876357 2.439992 -2.925586 123 122 117
-2.481551 2.245317 -3.316373 85 85 75
-3.821819 2.638952 -2.627611 97 96 91
-0.721379 1.811711 -4.114668 123 124 119
-3.780699 2.586192 -2.710524 98 97 92
-0.881926 1.934355 -3.903774 132 133 128
-3.886983 2.907351 -2.196909 88 87 83
-1.464200 2.099854 -3.606302 91 90 85
-3.826750 2.781286 -2.402375 92 91 87
-1.409515 2.094997 -3.619748 81 80 75
-3.719092 2.585847 -2.708148 94 93 88
-3.558343 2.421877 -2.970238 100 99 94
-2.456114 2.283554 -3.257145 91 91 81
-0.847229 1.962710 -3.864556 106 107 102
-2.439105 2.489675 -2.935901 222 235 33
-2.114726 2.314219 -3.234707 120 120 110
-2.289827 2.458022 -2.992474 175 193 0
-2.307161 2.551886 -2.843945 211 223 63
-1.272216 2.143401 -3.554920 105 108 101
-1.418741 1.913593 -3.071150 107 106 102
-0.907151 2.087136 -3.661978 116 115 110
0.513116 2.365754 -3.282177 126 128 125
-1.742853 1.787230 -3.130214 158 159 163
1.176991 2.733522 -1.829969 135 139 140
-1.254398 1.822640 -3.288941 55 55 55
-3.937209 2.214470 -3.270142 118 117 113
-1.029599 1.729031 -3.389672 168 172 175
-3.935983 2.210883 -3.266061 118 117 113
-1.790324 1.773721 -3.007547 210 211 215
-3.933398 2.231850 -3.244647 108 107 103
-1.742710 1.781645 -2.989896 195 201 201
-3.924227 2.232635 -3.241278 117 116 112
-2.247657 1.711122 -2.693648 83 88 91
-3.914176 2.348693 -3.066432 93 92 88
-1.436889 1.918212 -3.074264 57 56 54
-3.878406 2.445615 -2.913103 89 88 83
-1.458751 1.931853 -3.041708 82 82 80
-3.818601 2.450998 -2.913493 88 87 83
-0.289982 2.199916 -3.503293 108 107 103
-3.812464 2.448975 -2.915790 113 112 108
-0.176388 2.186831 -3.530241 119 118 114
-3.875060 2.588821 -2.687564 92 91 87
-0.152227 2.195453 -3.519798 110 109 105
-3.810314 2.631664 -2.636569 92 91 86
-3.622245 2.702378 -2.539048 79 78 73
-0.047176 2.294831 -3.368656 113 114 109
-3.414718 2.415606 -2.996186 121 118 109
-1.126079 2.002805 -2.500918 224 187 204
-2.482350 2.218886 -3.346641 97 97 87
-1.879876 2.162714 -2.040485 210 214 216
-3.029150 2.587081 -1.686197 213 204 199
-3.027207 2.591730 -1.678942 111 76 54
-1.504712 2.219756 -1.980153 67 68 70
-2.357885 2.492322 -2.934412 156 170 0
-1.661289 2.331029 -1.834196 212 216 220
-2.234904 2.479719 -2.961428 229 243 34
-2.196593 2.476393 -2.952274 204 220 29
-1.374792 2.329104 -1.837192 44 48 51
-2.180190 1.723901 -2.675865 212 221 226
-1.413513 2.363928 -1.793294 54 55 57
-1.080355 2.420744 -1.707831 53 53 55
-1.036307 2.471788 -1.641503 199 202 207
1.017879 2.385931 -3.262475 200 204 205
0.234622 2.592804 -1.365507 248 254 254
0.588772 2.762578 -1.165202 210 209 201
0.238076 3.029455 -0.918320 196 201 204
0.842570 2.870899 -1.185835 172 176 177
-1.411578 2.349873 -1.886612 192 201 206
-0.443248 3.513053 -0.378404 70 8 21
1.332902 2.799220 -1.600414 211 198 206
0.798577 2.834705 -1.117550 73 77 77
2.550375 3.051370 -2.349786 109 107 100
-1.183109 2.912753 -1.196559 206 211 215
1.846358 2.590047 -3.006849 160 159 147
-0.208332 2.055445 -3.709616 121 122 118
1.238199 2.998103 -2.344067 8 8 4
-0.991594 1.460519 -4.661274 103 102 95
2.364810 2.847237 -2.646452 98 96 91
-0.659002 2.266554 -2.638619 56 57 59
2.749335 3.080824 -2.319460 80 79 72
-1.699733 2.304954 -1.867298 62 62 61
2.411921 2.955896 -2.481640 85 82 77
-1.694449 1.810396 -3.171478 15 17 16
2.958018 2.825861 -2.720850 83 82 75
-0.865682 1.985818 -3.825447 112 111 104
1.238199 2.998103 -2.344067 8 8 4
-1.897254 2.259269 -1.930556 64 65 63
1.475460 2.874862 -1.936994 37 40 45
-1.498092 2.288517 -1.884338 33 35 36
1.440216 2.936317 -1.950105 0 0 0
1.516573 3.571720 -1.461818 86 83 78
-0.660815 2.431422 -1.713875 121 4 31
0.905608 3.410037 -1.369884 44 44 40
-1.789581 2.252687 -1.894710 209 213 222
0.220533 3.147001 -0.852293 2 3 5
-1.538199 1.814976 -3.182407 138 139 144
1.886535 3.794469 -1.190719 143 157 2
-0.584544 3.350468 -0.594194 91 7 30
1.698933 3.810650 -1.135874 97 94 89
1.929619 3.856527 -1.068168 146 161 10
-1.272764 1.816356 -3.278318 97 98 92
1.683906 3.691919 -1.285035 178 191 1
-1.303694 1.875962 -3.157398 98 98 96
1.816144 3.737033 -1.235557 133 147 0
0.565505 2.729217 -1.255451 172 177 180
0.253503 2.711687 -1.252421 152 156 159
0.074745 2.633622 -1.439346 228 237 236
-1.045911 1.706649 -3.439463 138 141 146
1.869788 3.832640 -1.081690 66 63 58
-1.000355 1.460434 -4.662469 109 108 103
1.594870 3.756662 -1.200027 185 198 12
-2.497883 2.144943 -3.463094 109 108 103
1.765414 3.726688 -1.242544 42 40 26
-0.076160 1.903452 -3.988174 114 115 110
0.641457 3.523026 -0.951308 8 10 9
1.631629 3.774785 -1.164552 98 95 87
1.121393 2.975716 -1.018107 68 70 69
-2.482198 2.054603 -3.617257 110 109 104
1.090092 2.983375 -0.998349 207 208 210
-2.482198 2.054603 -3.617257 110 109 104
0.619307 3.596978 -0.958389 93 94 96
-2.469131 2.147927 -3.470966 96 95 90
1.801795 3.829295 -1.099482 56 53 48
-2.469201 2.147968 -3.471043 96 95 90
1.794492 3.749753 -1.208977 53 52 47
-1.415205 1.903789 -2.979972 111 111 109
1.747296 3.778704 -1.174957 74 70 67
1.747391 3.777869 -1.174514 74 70 67
1.725431 3.771277 -1.172957 58 54 51
1.539957 3.745778 -1.210962 182 196 12
-1.662938 1.356120 -4.756714 96 95 90
1.303298 3.665727 -1.310699 202 208 29
-2.405082 1.686512 -4.195204 132 131 126
0.763051 2.800440 -1.143350 59 60 64
-0.206052 1.801714 -4.151937 123 122 118
1.708042 3.697333 -1.268218 168 183 9
-0.245190 1.830976 -4.103344 124 125 120
1.666865 3.754903 -1.205566 48 44 41
-2.501119 2.078859 -3.580582 103 102 97
1.275439 3.663658 -1.307617 88 85 70
-2.501119 2.078859 -3.580582 103 102 97
1.499482 2.881821 -1.699903 103 104 106
-0.762244 2.009826 -3.788449 121 122 116
1.336236 2.803777 -1.805050 73 75 74
-0.727430 2.048228 -3.732876 128 129 123
1.101142 2.979980 -0.999678 204 206 207
-0.711680 2.060123 -3.712385 130 131 125
-1.622885 1.860701 -3.129621 158 159 161
-1.913846 1.751848 -3.106456 107 107 95
-1.673623 1.806256 -3.165841 32 32 34
1.839678 3.716190 -1.258113 79 78 57
-1.412626 1.918231 -2.925018 2 2 6
1.696968 3.714100 -1.257619 56 57 17
-1.126952 2.002022 -2.492067 154 114 133
1.651856 3.753451 -1.196778 84 81 74
-1.141620 2.327825 -1.833979 55 63 66
1.615737 3.764969 -1.181169 62 61 35
-1.141620 2.327825 -1.833979 55 63 66
0.630475 3.601635 -0.978305 94 94 94
-1.374924 2.425958 -1.711344 220 220 220
1.082045 2.997609 -0.979632 207 208 210
0.715830 2.843365 -1.107441 181 185 188
-0.628363 3.350002 -0.664088 224 213 196
0.499964 3.055365 -0.879639 137 142 146
0.420798 2.702173 -1.199208 171 175 174
-1.604466 1.846570 -3.163575 36 36 38
-1.619003 1.776070 -3.263164 116 117 119
-1.113727 1.365291 -4.787516 126 125 120
-1.550648 1.748157 -3.168076 117 121 122
-1.961298 1.418725 -4.644753 121 123 112
-1.718597 1.788835 -3.119808 75 76 78
-1.641782 1.474506 -4.585540 117 118 112
3.027525 3.685201 -1.412241 72 68 56
-0.572295 1.542341 -4.550452 111 112 107
3.027525 3.685201 -1.412241 72 68 56
-0.572955 1.543927 -4.551422 111 112 107
2.182508 3.718029 -1.305183 71 67 58
-1.143293 1.652445 -4.337544 119 120 114
1.867978 3.857352 -1.058179 103 100 93
-2.413897 1.751916 -4.104913 126 125 120
1.839812 3.840677 -1.086273 48 45 40
-1.008132 1.702629 -4.266976 121 122 116
1.820469 3.806178 -1.135908 42 39 32
-0.842703 1.752313 -4.192919 123 124 118
1.776794 3.734436 -1.254895 113 120 42
-0.842889 1.754014 -4.193105 123 124 118
1.744732 3.794736 -1.145593 61 57 54
-0.960507 1.785640 -4.137131 121 122 116
1.708196 3.768370 -1.182655 84 80 77
-1.165806 1.910478 -3.921229 114 116 103
1.707689 3.768567 -1.182872 84 80 77
-0.870089 1.956681 -3.874336 108 109 103
1.628116 3.662211 -1.333641 196 209 46
1.668010 3.561073 -1.498638 111 108 101
1.105014 2.993277 -0.994171 95 97 96
-0.306248 2.026159 -3.785658 117 118 112
0.648967 2.789566 -1.295442 8 9 11
-0.778013 2.061287 -3.708189 104 103 98
-1.397015 1.744516 -3.325591 82 82 80
-0.731627 2.072954 -3.689973 140 141 135
3.046049 3.629875 -1.494274 126 124 111
-2.466731 2.221126 -3.351518 98 96 90
3.205491 3.211625 -2.155564 152 150 138
3.094733 3.209974 -2.148761 126 122 111
-0.794491 2.199905 -3.490348 114 115 109
2.719426 3.872756 -1.105541 101 100 87
-0.263418 2.200134 -3.508700 130 130 125
2.712387 3.220992 -2.099216 155 153 141
2.699195 3.226765 -2.079440 129 127 115
-1.221109 1.843851 -3.258550 68 70 67
2.562651 3.296236 -1.968639 125 121 109
-1.647596 1.854551 -3.148953 113 113 115
2.460515 3.287102 -1.988707 109 105 96
-1.721886 1.792667 -3.121855 151 151 153
2.198453 3.712930 -1.310866 91 87 78
-1.636638 1.827942 -3.093618 60 60 62
1.837100 3.801095 -1.144256 90 87 80
-1.628464 1.821460 -3.080819 138 138 140
1.820287 3.774421 -1.183385 86 83 73
-1.352999 1.921103 -3.116632 65 66 61
1.770820 3.804277 -1.132538 93 89 86
-1.440257 1.904190 -3.093360 94 94 94
1.809854 3.711068 -1.268344 76 78 42
2.067526 3.127072 -2.210741 111 107 98
-0.527834 2.384172 -3.213233 92 92 92
1.743743 3.790508 -1.153849 82 78 75
-0.527834 2.384172 -3.213233 92 92 92
1.771630 3.717891 -1.253091 31 31 0
-2.060463 1.709816 -2.878328 193 194 196
1.770959 3.719867 -1.253669 31 31 0
-1.361843 1.901348 -2.983336 74 74 72
1.747505 3.759192 -1.203583 30 26 23
1.738642 3.776359 -1.175640 87 83 80
-2.241245 1.712817 -2.690648 221 225 228
1.730043 3.705969 -1.279689 164 175 47
-1.849589 2.138059 -2.113883 59 59 61
1.676897 3.772216 -1.176090 93 89 86
-1.504847 2.368166 -1.781698 47 51 52
1.678036 3.760344 -1.198162 77 73 70
-1.178961 2.436517 -1.688587 40 44 46
1.660329 3.724954 -1.245905 56 57 2
-1.257273 2.247981 -1.704060 211 213 215
1.637958 3.722887 -1.249201 199 213 16
1.628040 3.740118 -1.215010 192 203 64
1.589865 3.759188 -1.182733 183 192 72
0.305563 3.263841 -0.785492 51 53 52
1.598704 3.724192 -1.241499 200 213 20
0.073686 4.304368 0.287706 149 140 133
1.586518 3.727438 -1.232538 203 215 28
1.571452 3.741495 -1.214708 178 187 18
-1.683653 1.375415 -4.727791 105 108 101
1.633050 3.598386 -1.439010 85 82 77
-1.603842 1.386955 -4.732705 101 100 96
1.632516 3.599098 -1.439170 85 82 77
-1.603842 1.386955 -4.732705 101 100 96
1.482381 3.281136 -1.910195 98 96 84
-2.423238 1.427781 -4.571095 125 126 120
1.165579 3.617486 -1.361912 186 196 65
-2.518152 1.522993 -4.444312 168 171 164
1.253835 3.339855 -1.805538 62 59 53
-0.872546 1.493186 -4.597325 128 127 122
1.463411 2.834288 -1.772913 67 71 70
-0.902527 1.527115 -4.552517 132 131 126
1.395476 2.840750 -1.718881 152 152 152
-0.415216 1.504863 -4.617238 121 120 115
1.290692 2.422931 -3.237469 151 148 143
-0.739338 1.572186 -4.481783 116 116 108
1.139562 2.965818 -1.041588 91 91 91
-1.146817 1.616636 -4.393733 120 119 114
0.498759 3.061848 -0.870727 200 205 209
-1.015632 1.657551 -4.339389 119 120 114
0.586181 2.753991 -1.155417 148 132 107
-1.015607 1.658986 -4.341234 119 120 114
-1.022265 1.838926 -3.443532 41 43 41
-0.220029 1.623874 -4.442121 123 122 117
-0.885648 1.698122 -3.500146 222 231 230
-0.926081 1.745473 -4.206061 107 108 102
-1.094323 2.410023 -1.697409 52 57 60
-0.921771 1.762825 -4.177385 101 102 96
-1.158507 2.319617 -1.841697 59 64 67
-0.983414 1.777210 -4.149803 110 111 105
-1.158507 2.319617 -1.841697 59 64 67
-0.977596 1.768803 -4.146357 143 144 138
-1.586206 1.854073 -3.161245 169 170 172
-0.788648 1.774951 -4.170712 119 120 114
-1.612831 1.809345 -3.251987 104 104 108
-2.206353 1.855465 -3.952816 128 128 116
3.254821 3.379451 -1.889674 117 115 103
-0.980900 1.816026 -4.088262 125 126 120
2.912070 3.545167 -1.620266 103 99 87
-1.514639 1.848984 -4.006157 103 103 93
3.101275 3.096621 -2.329005 115 113 101
-1.514781 1.846759 -4.005860 103 103 93
3.011106 3.194896 -2.161849 105 103 88
-1.352801 1.922061 -3.888901 111 112 104
2.861064 3.511210 -1.670016 128 126 113
-0.835077 1.938768 -3.897491 113 114 108
2.869212 3.470842 -1.729819 156 152 140
-0.068930 1.904670 -3.986423 110 109 105
3.036159 2.960522 -2.520990 123 121 109
-0.863975 1.959992 -3.867104 108 107 102
2.743097 3.406488 -1.826586 137 135 123
-0.211988 1.983749 -3.852417 100 101 95
2.707996 3.225262 -2.087392 157 155 143
-0.699566 2.044300 -3.737054 130 131 125
2.701880 3.171093 -2.176252 158 154 144
-0.805798 2.056639 -3.705338 98 97 92
2.381196 3.542509 -1.578051 86 82 73
-0.122103 2.053869 -3.736188 135 134 129
2.423138 2.922897 -2.532614 77 74 69
-0.458620 2.768307 -3.753168 33 37 36
1.893052 3.855812 -1.063345 141 149 74
-0.487619 1.717562 -3.568391 43 47 50
1.888825 3.859381 -1.055094 53 55 18
1.841348 3.845911 -1.074917 109 106 101
1.828134 3.802513 -1.146742 47 43 41
1.835723 3.789170 -1.151343 84 81 75
-0.917516 2.209006 -3.458869 135 136 128
1.802135 3.791149 -1.156325 88 84 81
-0.001309 2.150231 -3.579297 129 128 123
1.800041 3.778841 -1.177731 50 46 43
-0.001309 2.150231 -3.579297 129 128 123
1.803251 3.752924 -1.207481 41 44 13
-0.056547 2.171685 -3.566621 153 154 149
1.798994 3.749599 -1.214671 49 52 6
0.026723 2.184599 -3.547298 121 120 116
1.758834 3.806873 -1.131146 41 37 34
1.797139 3.711970 -1.265914 132 139 43
1.763952 3.778459 -1.173149 33 29 26
-0.131582 2.203065 -3.509224 145 146 141
1.734840 3.803504 -1.131372 74 70 67
0.047523 2.237531 -3.465872 120 121 116
1.737473 3.785319 -1.158218 51 47 44
-2.117486 2.364153 -3.154160 101 101 91
1.720637 3.754979 -1.205974 89 85 82
-0.054712 2.261789 -3.415632 121 120 116
1.720704 3.755006 -1.206288 89 85 82
0.025365 2.277318 -3.392114 116 117 112
1.711759 3.737007 -1.233481 67 63 60
0.025365 2.277318 -3.392114 116 117 112
1.682826 3.774878 -1.172207 38 34 31
-1.470761 1.908094 -3.096848 42 40 41
1.706769 3.714733 -1.268251 48 51 3
-1.541407 1.910984 -3.080817 112 116 115
1.655473 3.774161 -1.170931 48 44 41
-1.594883 2.033035 -3.077962 141 141 141
1.655466 3.774323 -1.171205 48 44 41
-1.737980 1.787696 -2.993856 69 73 72
1.646208 3.765222 -1.182459 94 91 87
0.111645 2.355331 -3.281991 137 136 131
1.666445 3.563898 -1.510851 86 83 76
0.284204 2.389314 -3.225937 129 130 124
1.568725 3.731761 -1.209610 138 148 0
-1.406671 1.908919 -2.969681 126 126 124
1.484032 3.599703 -1.398183 200 209 61
-1.460386 1.906399 -2.955132 12 13 15
1.283483 3.659543 -1.315857 86 93 0
-1.409316 1.921033 -2.951718 120 121 123
1.419925 3.358119 -1.788775 55 52 45
-2.014181 1.724560 -2.859622 180 184 184
1.242158 3.649209 -1.343151 199 212 19
-2.014053 1.722704 -2.859581 180 184 184
1.395254 3.315983 -1.850612 49 48 43
1.238540 3.344790 -1.795728 54 53 48
-2.006102 1.726450 -2.848188 213 217 218
1.093254 3.487416 -1.567643 160 168 53
1.043643 3.564417 -1.452439 164 173 20
-1.989983 1.735040 -2.840956 208 212 211
1.078721 3.483432 -1.574021 167 176 36
-1.289995 1.952933 -2.829748 40 40 40
1.032192 3.478845 -1.596984 149 160 32
-1.268777 1.960189 -2.813177 55 60 56
1.429156 2.824126 -1.786466 66 70 71
1.408949 2.845465 -1.395258 52 51 47
0.888404 3.544697 -1.483975 127 133 57
-1.268284 2.374989 -1.768291 47 52 56
0.863949 3.535725 -1.486543 51 54 26
-1.306518 2.392689 -1.745727 41 45 48
1.168219 2.848108 -1.910442 124 126 125
0.598868 3.633862 -0.939235 108 109 111
-1.375685 2.410078 -1.721935 55 55 55
0.853615 2.918148 -1.115174 161 160 165
-0.586006 2.459214 -1.661354 202 117 62
0.383498 2.733508 -1.194422 235 239 238
-0.584403 2.763669 -1.196046 81 13 13
-0.739837 2.249645 -3.402751 107 108 103
0.646344 2.793385 -1.283252 170 174 173
-0.992245 1.820878 -3.428532 91 91 93
0.606016 2.784410 -1.129049 212 211 211
-1.019978 1.719119 -3.393717 188 192 195
-1.408037 2.414906 -1.783797 207 208 209
-1.105869 1.742749 -3.388839 54 55 59
-1.802910 2.619733 -1.880662 47 54 53
-1.402947 1.930439 -2.930029 1 2 3
-1.442906 1.929348 -2.957994 186 190 189
-0.792408 3.048855 -2.176051 204 209 212
-1.429671 1.924724 -2.950170 186 190 189
0.605841 3.032432 -0.893002 210 215 218
-1.438665 1.913415 -2.964599 191 193 192
-1.347241 2.270795 -1.882491 66 72 72
-1.640832 2.304382 -1.881344 60 63 62
-1.442808 1.908663 -2.936942 197 199 195
-1.832083 1.777456 -3.216720 98 100 89
-1.464332 1.775230 -3.254524 105 105 107
-0.920434 2.069031 -3.666101 109 108 103
-1.553341 2.220696 -1.978693 53 61 64
-1.694263 1.796575 -3.155421 133 133 135
-1.686378 1.880282 -3.144368 41 43 40
-1.672145 2.208890 -1.993662 56 64 67
-2.801739 1.972621 -3.759480 190 196 199
0.336562 3.038672 -1.264576 229 234 237
1.031835 2.405484 -3.247017 164 165 157
-1.750131 1.806761 -3.085584 186 187 191
2.699777 2.674900 -2.927460 113 108 102
-1.386475 1.879879 -3.010278 139 140 142
-1.071962 2.401550 -1.736705 43 43 42
-1.613536 2.280997 -1.901937 67 67 65
1.559155 3.462504 -1.639560 41 41 35
-1.196122 1.812033 -3.340137 139 139 147
2.981434 2.943798 -2.549719 135 133 120
0.082975 2.341784 -3.297731 56 56 51
0.497258 2.791108 -1.369305 168 174 172
0.089892 2.078376 -3.706025 130 130 123
0.147832 2.709257 -1.308999 171 176 179
1.341950 2.454955 -2.914722 180 180 168
-2.261058 2.442064 -3.016884 110 110 98
1.101632 2.792918 -1.497050 213 218 221
1.101632 2.792918 -1.497050 213 218 221
-0.097319 2.078175 -3.724997 128 127 123
-0.709527 2.366500 -2.880842 72 71 67
-1.076635 1.796110 -3.392236 37 37 37
1.474833 2.860613 -1.713909 168 169 171
1.418983 2.848848 -1.736201 173 177 180
0.575267 2.746223 -1.254333 166 172 172
-1.597017 1.864414 -3.125405 172 173 174
0.754573 2.822738 -1.121273 82 83 85
1.749674 3.707846 -1.278860 154 171 8
-1.137338 1.864340 -3.438136 155 159 158
-2.627465 1.811638 -3.997908 146 145 140
-1.281279 1.947307 -2.814287 79 85 83
-0.937353 1.648682 -4.355671 116 115 111
1.778485 3.712456 -1.270038 138 153 12
1.650838 3.668962 -1.329499 65 61 31
-0.618424 1.150507 -3.465337 95 96 101
1.507350 2.857841 -1.740473 51 55 58
-1.720151 2.223718 -1.971734 204 212 215
1.238074 2.891560 -1.150777 36 36 35
-1.722090 2.236063 -1.956473 204 209 213
0.805868 2.922665 -1.088627 95 99 100
-0.333552 1.736871 -3.610147 189 194 197
-1.659804 1.343581 -4.771448 129 129 121
-0.404974 1.724342 -3.584950 187 191 192
-2.537629 1.540586 -4.421823 122 121 116
1.612071 3.659316 -1.341715 187 201 32
-2.608134 1.806237 -4.008466 126 125 120
0.806555 2.857925 -1.133056 159 162 167
-2.590694 2.279710 -3.254897 99 99 87
-1.141635 1.744373 -3.393258 91 95 96
-2.590784 2.279759 -3.254993 99 99 87
-1.397283 1.744277 -3.323427 86 87 89
-1.429517 1.741901 -3.299623 80 80 80
-2.615944 1.899521 -3.837062 183 195 195
0.786573 2.816026 -1.140079 78 82 85
3.163451 3.214756 -2.144983 152 150 138
0.789871 2.819954 -1.137977 78 82 85
2.864466 3.467399 -1.732744 110 108 95
0.799515 2.916750 -1.059132 215 219 220
2.682699 3.488638 -1.695494 117 115 101
-1.662938 1.356120 -4.756714 98 97 93
2.682699 3.488638 -1.695494 117 115 101
-1.460427 1.423203 -4.680695 112 112 105
2.699903 3.169911 -2.176267 157 154 147
-2.392667 1.730088 -4.136052 116 115 110
2.586962 3.301900 -1.967781 120 118 106
-2.605235 1.814136 -3.995317 142 141 136
2.531209 3.317933 -1.936858 139 136 127
-0.732971 1.755853 -4.200901 155 154 150
2.519770 3.279217 -1.984004 109 107 95
-0.996000 1.813269 -4.087945 151 150 146
2.517566 3.285738 -1.988904 109 107 95
-1.992127 2.111411 -3.559365 112 111 106
2.375465 2.899722 -2.569019 107 104 99
-0.692087 2.056276 -3.722990 127 126 121
2.168569 2.768390 -2.742336 121 119 107
1.664430 3.672713 -1.322002 183 187 100
-0.674229 2.101565 -3.665025 140 139 135
1.302771 3.660873 -1.315323 212 222 31
-2.309855 2.555998 -2.834444 114 113 87
1.424828 2.832485 -1.770253 66 67 69
-0.659759 2.304967 -1.882774 95 13 38
1.369493 2.813503 -1.608549 154 83 111
-0.659669 2.304968 -1.880419 95 13 38
1.130093 2.841173 -1.928443 113 112 110
0.091976 2.609517 -1.494088 125 129 130
0.458772 2.687692 -1.222926 201 208 210
0.589795 2.897112 -1.218907 165 173 175
-1.040276 1.785752 -3.429757 53 55 57
0.644068 2.789795 -1.118712 215 216 217
-1.452487 1.905551 -3.027657 64 68 69
3.110476 3.368096 -1.910239 127 125 113
-2.277026 1.440524 -4.587791 115 115 105
3.110476 3.368096 -1.910239 127 125 113
-1.700829 1.387663 -4.708184 105 104 99
2.956448 3.532468 -1.659209 122 120 107
-1.523027 1.380724 -4.732005 112 111 106
3.036095 2.923258 -2.584645 133 131 119
-1.803224 1.420007 -4.657036 111 110 105
3.014993 2.912871 -2.593389 135 133 121
-1.972621 1.454542 -4.594594 144 146 140
2.750462 3.483873 -1.700636 154 152 138
-2.526468 1.535541 -4.440868 168 167 162
2.703259 3.502323 -1.686754 95 93 80
-1.421121 1.438434 -4.655889 135 134 129
2.637519 3.224183 -2.094715 128 126 114
-2.752105 1.733651 -4.109553 126 125 120
2.524663 3.317067 -1.942641 110 107 98
-2.752946 1.735932 -4.111276 126 125 120
2.642222 2.792496 -2.746725 104 101 96
-2.651699 1.789958 -4.033174 150 149 144
2.510375 3.025013 -2.391213 76 69 66
-2.433852 1.762793 -4.075182 123 122 117
2.503207 3.015201 -2.397950 78 75 70
-2.433592 1.764507 -4.075998 123 122 117
2.228773 3.014235 -2.387644 115 112 107
-2.488439 1.800027 -4.044150 153 152 147
1.608055 3.648104 -1.356262 55 55 14
-0.894997 1.614702 -4.415976 114 113 109
1.548693 3.455180 -1.648379 61 60 55
-0.555006 1.659183 -4.368010 128 127 123
1.284050 3.659170 -1.315814 89 92 0
-0.689956 1.858912 -4.034399 132 133 128
1.369190 3.316718 -1.844766 108 107 99
-1.396486 1.950985 -3.843006 135 135 125
1.362615 3.312175 -1.866025 109 106 97
-0.682980 1.878606 -4.008608 128 129 124
1.522098 2.786524 -2.696035 183 181 168
-2.563540 2.286285 -3.244618 101 101 91
1.151290 3.502151 -1.543135 185 195 62
-0.821916 2.084864 -3.670703 133 132 127
1.137045 3.499922 -1.547189 184 191 62
1.105015 3.491396 -1.565791 47 52 0
-2.332501 2.340283 -3.173936 96 96 86
1.053409 3.471887 -1.585185 168 179 53
-2.332651 2.340010 -3.173945 96 96 86
1.401842 2.844682 -1.391988 189 195 192
-1.213761 1.776106 -3.347641 144 145 150
1.348522 2.805088 -1.603636 163 112 134
-1.143040 1.801103 -3.357949 115 115 116
1.348355 2.804531 -1.603555 163 112 134
-1.205029 1.813748 -3.317482 153 153 155
0.836914 2.397282 -3.253081 158 158 148
-1.629826 1.847321 -3.156705 113 113 113
0.836914 2.397282 -3.253081 158 158 148
0.020093 2.178381 -3.556529 143 142 138
-0.424299 1.730542 -3.585844 167 171 172
-1.440222 1.908955 -2.994940 212 216 217
-0.113144 2.299817 -3.354692 116 117 112
-1.469088 1.912332 -3.020375 58 62 63
-1.488512 1.895728 -2.996111 223 231 231
-1.684544 1.818713 -3.177080 25 26 28
0.092663 2.525489 -3.014492 122 121 117
-1.691955 1.785676 -3.169075 114 115 117
-1.727490 2.362608 -1.831388 53 58 61
-0.658736 2.267036 -2.638891 58 59 61
-2.756731 2.005677 -3.679881 216 228 226
-1.408425 2.351047 -1.802121 207 208 209
-1.662671 1.850961 -3.175540 123 124 128
0.840001 2.856936 -1.198090 17 21 22
1.329214 2.206148 -2.415584 0 0 0
-2.146151 1.397773 -4.671948 176 175 170
-2.498287 2.150986 -3.463815 102 101 96
-2.138173 1.404620 -4.675465 132 132 123
-2.279053 2.396897 -3.086349 96 94 85
-1.746947 1.350627 -4.761078 118 117 113
-1.440145 1.909766 -2.962686 142 142 143
-1.637393 1.346601 -4.784985 98 97 93
-2.214999 2.724929 -2.804944 84 84 74
-2.419051 1.442128 -4.577199 146 147 141
0.109534 2.651545 -1.297017 156 157 159
-2.851535 1.494200 -4.464806 154 153 148
-1.113198 4.345042 -2.852638 246 246 253
-2.437130 1.451848 -4.569952 126 125 120
-1.446368 2.290328 -1.887983 194 198 207
-2.434955 1.447475 -4.560297 154 153 148
-1.842240 2.106887 -2.136115 62 64 63
-1.676753 1.373569 -4.736897 102 101 97
-1.722523 2.205698 -1.983353 190 196 204
-2.447101 1.468988 -4.541126 121 120 115
-3.645838 2.067875 -3.522351 154 178 5
-2.460926 1.473626 -4.528777 126 125 120
0.041380 2.609945 -1.455987 224 230 228
-1.968908 1.428835 -4.634537 142 141 136
-2.177409 2.516650 -2.934337 135 150 4
-2.693757 1.522647 -4.437882 114 115 109
-1.409723 2.313287 -1.841471 191 196 199
-1.965444 1.452331 -4.597480 110 107 102
-1.403295 2.320724 -1.844437 191 196 199
-1.965444 1.452331 -4.597480 110 107 102
0.553044 3.320749 -0.766798 18 22 18
-2.558660 1.543001 -4.411142 120 119 114
0.285558 2.862401 -1.221999 173 177 180
-0.989977 1.359128 -4.803690 107 106 102
0.423959 3.223655 -0.816643 38 40 40
-2.544423 1.551467 -4.397443 120 119 114
-3.831580 2.448680 -2.911732 94 93 88
-1.702575 1.465418 -4.597075 109 109 102
-3.215079 2.158971 -3.415261 111 115 81
-2.450184 1.561578 -4.395509 115 115 107
-1.736628 2.227405 -1.968838 52 56 55
-2.807829 1.635191 -4.256886 110 109 104
-1.736581 2.227448 -1.968768 52 56 55
-1.909280 1.561459 -4.427562 129 129 120
-3.816257 2.297300 -3.149690 90 89 85
-1.556924 1.524043 -4.513597 106 105 100
-3.639282 2.070308 -3.512867 137 161 0
-1.556998 1.524764 -4.513700 106 105 100
-3.801296 2.442636 -2.910630 123 122 117
-1.599414 1.539749 -4.483927 118 117 112
-3.794106 2.453573 -2.904764 99 98 93
-1.427104 1.581752 -4.433838 134 133 128
-3.537968 2.169138 -3.372699 167 190 37
-2.408071 1.705802 -4.176968 126 125 120
-3.523345 2.172616 -3.366280 169 192 25
-1.293123 1.589484 -4.426743 113 112 107
-3.443948 2.096019 -3.492618 156 185 0
-0.916448 1.580581 -4.468996 119 118 114
-3.425164 2.098424 -3.497413 172 199 27
-1.244104 1.629049 -4.366987 115 114 110
-3.231241 2.153187 -3.419799 116 126 56
-2.630254 1.803252 -4.017888 153 152 147
-3.045769 2.210638 -3.326589 177 205 25
-2.651009 1.811857 -4.000255 114 113 108
-3.162480 2.634450 -2.672776 89 89 79
-2.658307 1.811765 -3.997688 151 150 145
-2.719007 2.871302 -2.317785 91 91 81
-2.640524 1.812689 -3.997172 110 109 104
-2.719007 2.871302 -2.317785 91 91 81
-2.582714 1.806348 -4.010964 122 121 116
-1.928195 2.156563 -2.061724 199 200 204
-2.468343 1.791153 -4.033130 120 119 114
-1.831617 2.214703 -1.984966 199 200 202
-2.647414 1.830266 -3.967520 108 107 102
0.756326 2.787751 -2.637734 111 112 107
-2.654440 1.834910 -3.963829 147 146 141
1.266354 3.013472 -2.348324 34 34 29
-0.571993 1.608550 -4.446503 127 126 122
-3.935724 2.220217 -3.260786 123 122 118
-2.724603 1.884125 -3.882744 121 120 115
-3.746936 2.462314 -2.900572 97 96 91
-1.118929 1.694695 -4.278042 144 145 139
-3.743104 2.579883 -2.719194 123 123 115
-1.021514 1.708289 -4.258064 126 125 121
-3.729539 2.588428 -2.708124 85 84 79
-1.021547 1.710135 -4.258488 126 125 121
-3.729539 2.588428 -2.708124 85 84 79
-3.533078 2.306886 -3.152727 103 102 97
-0.672257 1.689724 -4.310484 126 126 118
-3.482507 2.305137 -3.160326 95 97 84
-3.480110 2.419973 -2.984205 96 96 86
-1.543436 1.834513 -4.027632 107 107 97
-3.488540 2.769433 -2.437926 99 98 94
-1.639043 1.884944 -3.956426 145 144 139
-3.485137 2.935004 -2.182121 101 100 96
-1.498144 1.872879 -3.968479 112 111 106
-3.180575 2.642883 -2.658015 94 91 82
-1.719893 1.918690 -3.872835 117 116 111
-3.135524 2.618916 -2.705261 122 119 110
-1.720320 1.924976 -3.874228 117 116 111
-2.472473 2.260854 -3.280790 99 99 89
-2.254916 2.571047 -2.825005 128 140 33
-1.428625 1.963169 -3.823220 115 115 105
-2.193554 2.475134 -2.968544 194 207 42
-0.863623 1.965988 -3.851962 140 139 134
-2.183274 2.474201 -2.960647 177 189 58
-0.853458 1.968947 -3.853802 100 99 94
-2.505159 1.899569 -2.409066 186 195 194
-0.861635 1.979764 -3.837313 118 117 112
-1.675168 1.710350 -3.235795 20 23 32
-1.471294 1.891467 -3.083139 84 88 87
-0.798629 1.996237 -3.808265 114 113 108
-1.706586 2.233938 -1.960801 44 46 45
-0.798498 1.996226 -3.808075 114 113 108
-1.706850 2.233362 -1.960604 44 46 45
-1.118737 2.038814 -3.731751 123 123 113
-1.698003 2.221936 -1.974239 45 46 48
-0.869944 2.012478 -3.788868 152 151 146
-1.697973 2.221790 -1.974337 45 46 48
-0.780288 2.020064 -3.772079 137 136 131
-1.561674 2.218288 -1.981783 206 205 210
-0.608912 2.032274 -3.764057 118 117 112
-1.561674 2.218288 -1.981783 206 205 210
-0.918222 2.092021 -3.654879 97 96 91
-1.534520 2.210233 -1.988501 112 113 117
-0.706338 2.082149 -3.680226 129 128 124
-1.125181 2.366973 -1.781487 63 66 72
-0.433047 1.707963 -3.583106 108 109 113
0.750065 2.521085 -3.059431 128 127 123
-2.132635 2.388868 -3.108985 117 117 106
0.369026 3.201163 -0.848500 65 66 68
-0.124604 2.166633 -3.564646 152 151 147
-3.951652 2.198842 -3.287946 119 118 113
-0.104861 2.185035 -3.542141 123 122 118
-3.942561 2.202418 -3.289766 124 123 119
-1.300003 1.879919 -3.173206 59 61 60
-3.921031 2.194783 -3.297961 104 103 98
-1.307809 1.890133 -3.164541 60 62 61
-3.915004 2.194094 -3.293263 121 121 115
-1.337128 1.898134 -3.133921 59 59 57
-3.931303 2.311771 -3.119447 117 116 111
-1.368852 1.923401 -3.099416 67 68 63
-3.757728 2.077072 -3.497560 174 201 28
-1.391479 1.940149 -3.074085 54 56 51
-3.918311 2.340870 -3.079504 94 90 87
-1.444048 1.928710 -3.052049 117 113 112
-3.918737 2.338862 -3.079239 94 90 87
-0.105098 2.313487 -3.336001 126 125 121
-3.840441 2.289331 -3.161316 121 120 115
-1.447051 1.900298 -2.988471 22 24 21
-3.882086 2.443883 -2.924261 84 83 79
0.151690 2.329664 -3.316946 166 165 161
-3.634864 2.066710 -3.518353 167 191 17
0.091661 2.336965 -3.302821 155 154 150
-3.732547 2.585318 -2.715316 80 79 74
-2.179723 1.729899 -2.671912 25 35 37
-3.727050 2.582144 -2.712694 126 125 120
-2.179748 1.730013 -2.671916 25 35 37
-3.506228 2.293006 -3.199712 123 122 117
-3.497273 2.402867 -3.010989 96 96 86
-3.472746 2.741877 -2.475965 97 93 90
-0.040094 2.442339 -2.400164 61 62 64
-3.146725 2.616172 -2.692506 123 120 111
-0.041492 2.438546 -2.400415 61 62 64
-3.153607 2.632426 -2.671322 118 115 106
-1.888729 2.167320 -2.044363 222 226 227
-2.385110 2.188180 -3.414296 106 106 96
-1.888829 2.166767 -2.044667 222 226 227
-2.090130 2.039509 -3.668287 73 72 67
-1.832618 2.208864 -1.985147 218 222 221
-2.322463 2.439767 -3.023789 195 206 36
-1.562989 2.216811 -1.980345 214 218 222
-2.162776 2.386373 -3.111605 53 53 43
-2.153603 2.387898 -3.111936 112 112 102
-1.195286 2.004673 -1.854609 51 53 56
-2.177716 2.475976 -2.968785 93 97 35
0.582812 2.781501 -1.318514 191 198 194
-1.977022 1.733898 -2.845618 212 216 217
0.620077 2.770687 -1.163603 210 205 199
-1.683488 1.722808 -3.278875 13 15 14
0.558650 2.756462 -1.156201 133 134 128
-1.930350 2.177101 -2.037921 44 45 49
0.556315 2.752414 -1.157024 133 134 128
-2.019112 2.571430 -1.571544 159 163 172
0.566395 2.760800 -1.144607 210 213 209
-1.604079 2.294657 -2.029423 36 41 45
-0.608954 3.342128 -0.662580 237 217 195
-1.693446 2.349646 -1.829252 49 49 53
-0.895611 2.748697 -0.837409 75 13 3
-1.510849 2.202578 -1.993918 108 112 115
0.210095 3.203633 -0.733555 5 6 5
-1.469977 1.662697 -1.574926 176 135 158
-1.579456 1.372961 -4.742987 94 93 88
0.047658 2.612216 -1.442083 246 255 252
-1.608630 1.385788 -4.728932 102 101 97
0.345056 3.222651 -0.852062 4 6 5
-2.142881 1.449468 -4.590637 101 101 89
0.513042 2.838877 -1.199325 195 196 198
-2.824664 1.537952 -4.401835 149 150 146
1.145697 2.730948 -1.852174 154 159 160
-2.558449 1.508270 -4.468504 115 116 110
0.462245 2.677125 -1.236983 210 215 219
-2.831390 1.546444 -4.389124 118 117 112
0.829324 2.932348 -1.077635 180 185 188
-2.836650 1.548000 -4.383887 158 159 153
-1.879794 2.268417 -1.920779 199 207 210
-2.841195 1.550685 -4.379379 117 118 112
-1.296714 2.469183 -1.651448 53 57 59
-2.461012 1.527602 -4.465101 141 140 135
-1.403648 1.910567 -2.920683 4 5 4
-2.486567 1.523553 -4.450484 78 77 72
2.540201 2.904625 -2.570076 60 58 55
-2.486567 1.523553 -4.450484 78 77 72
0.308283 2.260523 -3.435139 111 110 108
-2.498829 1.526963 -4.446259 90 89 84
-1.226875 2.052764 -2.903722 65 69 66
-2.499168 1.530644 -4.448154 90 89 84
-1.696406 2.224353 -1.970564 52 56 59
-2.489778 1.525831 -4.443864 150 149 144
0.083315 2.341930 -3.297840 65 66 61
-2.483415 1.528029 -4.442177 123 122 117
-1.480961 2.413388 -1.790224 169 173 174
-2.532488 1.540311 -4.416641 116 115 110
-1.672567 1.829290 -3.061152 200 208 210
-1.856226 1.464960 -4.581817 111 111 103
-1.672704 1.723637 -3.195440 238 247 246
-1.601695 1.441879 -4.626920 95 94 89
-1.518991 1.880617 -2.987092 184 189 192
-1.613619 1.444385 -4.625420 112 111 106
-1.603620 1.792010 -3.258907 56 56 58
-1.401519 1.422452 -4.675439 111 111 99
-1.669125 1.723598 -3.264465 124 129 132
-2.613961 1.577187 -4.358379 99 98 93
1.389545 3.325191 -1.835564 56 57 49
-2.614006 1.577255 -4.358497 99 98 93
1.389472 3.325462 -1.835627 56 57 49
-0.858389 1.387673 -4.789456 108 107 103
1.221869 2.892969 -1.146538 203 207 206
-0.994748 1.410514 -4.726378 108 107 103
-0.249880 1.737899 -3.612667 168 176 175
-1.176915 1.460532 -4.638576 106 106 96
-1.630527 2.306155 -1.942381 207 213 213
-1.013092 1.447256 -4.672316 131 130 125
-2.615944 1.899521 -3.837062 188 198 199
-0.992328 1.457078 -4.659351 99 98 93
3.194254 3.213412 -2.145066 117 114 103
3.194254 3.213412 -2.145066 117 114 103
-0.999321 1.457544 -4.655202 125 124 119
3.176364 3.213211 -2.140370 118 116 104
-1.887378 1.572729 -4.414867 109 109 99
-0.453744 1.717504 -3.583705 64 68 67
-1.876622 1.572134 -4.414578 118 118 108
-0.568705 2.454416 -1.667597 157 108 66
-1.431247 1.530701 -4.504373 105 104 98
-1.368314 2.371601 -1.783957 213 217 218
-1.405070 1.550648 -4.479983 92 91 87
-2.643393 1.895777 -3.836860 216 226 225
-1.383304 1.557611 -4.476686 110 109 105
2.943464 2.555270 -3.133315 130 127 116
-1.382987 1.554999 -4.474908 110 109 105
2.723018 3.172424 -2.172396 86 84 72
-1.701652 1.596076 -4.396463 113 112 107
2.628524 3.109774 -2.267274 123 121 109
-1.398692 1.560934 -4.456424 111 110 105
2.478778 2.411091 -3.122650 104 103 108
-0.655459 1.488470 -4.632144 94 93 89
1.610541 3.508502 -1.576353 42 41 37
-1.426561 1.589202 -4.425896 109 108 103
1.597407 3.496821 -1.598703 83 82 78
-1.435050 1.596232 -4.411874 118 117 112
1.576724 3.473587 -1.621415 47 46 41
-0.981497 1.551142 -4.509275 111 110 105
1.374608 2.813866 -1.786479 71 72 76
-2.472652 1.740315 -4.122486 126 125 120
1.367916 2.835142 -1.741935 108 108 108
-2.396059 1.737732 -4.130421 119 118 113
1.343949 2.835374 -1.758049 105 105 105
-2.625148 1.767733 -4.067355 126 125 120
1.184166 2.864599 -1.910079 103 102 100
-0.946375 1.573915 -4.479341 98 97 93
0.794069 2.957541 -1.091547 164 165 167
-2.629775 1.775427 -4.050968 113 112 107
0.769574 2.892708 -1.079424 191 195 198
-2.744063 1.792969 -4.019789 115 114 109
0.778194 2.820989 -1.147591 60 58 61
-2.744034 1.791722 -4.019775 115 114 109
-0.046282 2.447729 -2.403333 89 90 90
-0.565674 1.533307 -4.564651 111 110 106
-1.027470 1.747490 -3.390954 52 53 55
-2.626394 1.780936 -4.044234 150 149 144
-2.880371 1.954436 -3.760074 221 225 224
-2.632659 1.786447 -4.040823 113 112 107
2.920405 3.505567 -1.678984 122 120 107
-2.646073 1.792402 -4.028549 125 124 119
2.759741 3.493011 -1.696131 156 154 141
-2.605102 1.798361 -4.016183 153 152 147
2.773633 2.643852 -2.977784 134 132 120
-2.480912 1.790486 -4.041160 131 130 125
2.667116 3.098231 -2.289995 113 111 99
-2.475035 1.785489 -4.036142 151 150 145
2.538202 3.320200 -1.931248 111 109 97
-1.997788 1.736915 -4.153571 126 126 114
2.538202 3.320200 -1.931248 111 109 97
-1.823646 1.717291 -4.195316 134 134 124
2.379159 3.546755 -1.580140 97 95 83
-2.602139 1.818621 -3.984345 120 119 114
2.234070 3.009792 -2.391679 101 98 93
-2.475687 1.805357 -4.014911 152 151 146
2.063897 2.979733 -2.960652 137 139 129
-2.640821 1.827701 -3.970181 145 144 139
2.078124 3.111214 -2.227186 100 97 88
-2.671665 1.838842 -3.953424 115 114 109
1.710623 2.593803 -2.996251 162 160 147
-1.252643 1.677122 -4.301129 113 112 108
1.560299 3.339100 -1.829926 69 69 57
-2.651434 1.847374 -3.948584 106 105 100
1.393596 3.318297 -1.852637 48 48 37
-1.862945 1.771839 -4.113239 154 154 144
1.379434 3.329193 -1.829424 102 103 95
-0.690922 1.633249 -4.398672 124 123 119
1.416358 2.858656 -1.712942 132 132 132
-0.709475 1.640803 -4.385298 155 154 150
1.337609 2.831565 -1.740375 90 90 89
-1.115723 1.688036 -4.281461 118 119 113
1.322012 2.806161 -1.807031 77 78 80
-0.715322 1.644790 -4.373295 118 117 113
1.249104 2.875853 -1.171380 194 199 195
-0.637905 1.667229 -4.358673 124 123 119
0.567739 2.384589 -3.244516 153 153 143
0.484248 2.354735 -3.301580 154 154 144
-1.053876 1.721124 -4.230250 128 127 123
0.240346 2.204303 -3.516276 97 96 92
-0.957561 1.714865 -4.245807 134 133 128
0.709197 2.787545 -1.139847 172 173 167
-0.719683 1.703991 -4.284101 129 128 124
0.555022 2.757989 -1.153404 147 141 125
-0.998180 1.753299 -4.189075 96 95 91
0.325305 3.034419 -0.912231 203 208 211
-0.998026 1.753800 -4.189276 96 95 91
0.454073 2.604008 -1.384820 224 228 231
-1.472458 1.815746 -4.060176 113 112 107
-1.131900 1.851864 -3.452287 43 47 46
-2.727327 1.972281 -3.740431 104 103 98
-1.261052 2.063174 -2.910039 83 84 86
-2.727250 1.971997 -3.740035 104 103 98
-1.390463 2.421306 -1.708944 65 69 70
-0.932578 1.757523 -4.180573 112 111 107
-1.681906 1.836649 -3.175942 25 25 27
-2.275677 1.925151 -3.841226 114 113 108
-1.735838 1.801019 -3.116337 183 187 188
-0.959375 1.774896 -4.162113 154 153 149
-1.507338 2.291731 -1.867103 197 207 208
-1.540659 1.846639 -4.017532 124 124 116
-2.608246 1.911455 -3.816805 216 228 228
-1.540896 1.844169 -4.016901 124 124 116
-2.652156 1.917787 -3.815514 185 197 195
-1.443583 1.834087 -4.033555 151 151 143
-2.652156 1.917787 -3.815514 185 197 195
-0.945810 1.805013 -4.108003 154 155 150
-1.620173 2.276097 -1.913143 63 67 66
-2.669698 1.915819 -3.814640 222 232 230
-0.932432 1.811069 -4.093263 130 129 125
-1.169780 2.356135 -1.795731 51 52 51
-2.619978 2.021418 -3.667289 104 103 98
-1.943087 2.755692 -3.149884 84 83 77
-1.582051 1.912150 -3.902338 110 109 104
-1.536523 1.573658 -2.991649 53 53 53
-1.349619 1.924472 -3.883507 134 134 126
-2.314824 2.343901 -3.167474 77 77 68
-0.584559 1.842999 -4.069268 134 135 130
0.095864 2.325101 -3.323702 125 126 120
-1.333820 1.931336 -3.884210 117 117 109
-2.828069 1.869155 -3.890976 107 106 101
-2.501774 2.075386 -3.586051 100 99 94
-2.888675 1.935130 -3.785011 110 109 102
-1.165906 1.917518 -3.922053 119 118 113
-1.153128 2.394743 -1.746634 205 210 214
-2.494672 2.075103 -3.585572 134 133 128
-2.342214 2.429104 -3.034309 58 59 3
-0.326197 1.828079 -4.110397 110 109 105
1.006535 2.406234 -3.253131 167 167 160
-0.914536 1.909264 -3.945885 110 111 106
0.380693 3.596499 -0.992310 201 206 210
-2.495521 2.117381 -3.515407 87 86 81
-0.600554 2.724932 -1.377170 201 206 210
-0.833503 1.941325 -3.897556 113 114 109
-1.234070 4.078441 -2.767407 231 235 244
-0.820395 1.946565 -3.892662 112 114 109
-1.445180 1.887110 -3.022986 92 91 89
-1.628597 2.282707 -1.890315 67 67 69
-0.920022 1.979417 -3.830395 118 117 112
-3.410078 2.087551 -3.503980 115 115 105
-2.211961 2.580142 -2.821108 126 140 4
-1.173128 2.405427 -1.731186 190 194 203
-0.618082 3.424089 -0.620763 220 186 150
0.513895 2.882068 -1.170355 193 203 205
-1.833873 2.117403 -2.109952 188 193 199
-3.541090 2.057784 -3.554784 117 124 70
-1.947982 2.167787 -2.047033 80 84 87
-1.946121 2.169348 -2.047800 80 84 87
-1.456767 2.364673 -1.783830 191 195 198
0.707121 2.941204 -1.845982 223 237 246
0.641938 2.891339 -1.136125 120 119 124
-3.534680 2.170891 -3.361336 109 116 52
-1.834037 2.114361 -2.117790 193 192 198
-3.653352 2.075496 -3.523650 141 164 0
-3.830315 2.295754 -3.153672 92 88 85
-3.636834 2.086134 -3.503722 153 178 0
-3.580789 2.082864 -3.503320 130 159 0
-3.811483 2.453309 -2.909804 76 72 69
-3.832040 2.482693 -2.858842 94 93 89
-3.537451 2.304068 -3.161018 101 101 93
-3.465900 2.435132 -2.964030 94 94 85
-3.465900 2.435132 -2.964030 94 94 85
-3.433322 2.398805 -3.015394 95 92 87
-2.701874 2.900202 -2.273200 94 94 84
-2.683598 2.926155 -2.220009 78 77 72
-1.492044 2.219267 -1.973490 70 71 75
0.523425 2.417007 -3.192145 185 194 196
0.796881 4.926108 -1.592958 204 208 210
1.231380 2.986106 -2.339878 26 25 21
0.438435 3.651669 -0.227149 213 212 217
-3.565697 2.008634 -3.623667 127 126 121
-3.431980 1.898879 -3.809951 113 112 107
-3.607206 2.209255 -3.304968 96 95 90
-3.259243 1.823536 -3.932377 114 113 108
-3.545617 2.270763 -3.207501 97 94 89
-3.486220 2.301798 -3.173193 92 89 84
-3.476740 2.331270 -3.117861 97 94 89
-3.447101 2.389076 -3.025131 102 99 94
-3.472980 2.426915 -2.971721 95 94 89
-3.472980 2.426915 -2.971721 95 94 89
-3.417245 2.468683 -2.908188 97 97 87
-3.070415 2.237257 -3.288009 181 200 24
-3.143938 2.623354 -2.687885 87 84 75
-2.726878 2.297290 -3.217530 82 84 73
-2.541289 2.235212 -3.328098 96 96 88
-2.541289 2.235212 -3.328098 96 96 88
-2.361459 2.425686 -3.042115 181 191 80
-2.696096 2.905257 -2.251821 90 89 84
-2.803611 3.037600 -2.032020 78 77 72
-2.222373 2.582554 -2.803626 81 86 32
-1.812735 1.762727 -3.157217 73 74 77
-1.191830 2.027202 -3.255463 47 47 47
-1.087823 1.775972 -3.373932 66 68 67
-0.740976 2.249462 -3.402115 95 96 92
-1.470127 2.230312 -1.965349 67 71 74
-1.452021 2.218193 -1.982989 199 203 209
-1.507503 2.368108 -1.780963 47 51 53
-1.177784 2.435888 -1.689651 47 50 55
-1.177317 2.436202 -1.689473 47 50 55
-1.420644 3.077709 -0.999998 213 207 207
-0.587551 3.348701 -0.644700 54 16 29
1.607378 2.556501 -3.054106 128 128 120
1.323451 2.792651 -1.803038 70 71 75
0.677643 2.787763 -1.293108 201 211 213
-3.803561 2.450988 -2.923667 107 106 102
-3.543239 2.268095 -3.221173 95 92 87
-3.076877 1.812922 -3.969181 111 110 105
-3.489589 2.407861 -2.995635 93 90 81
-3.068368 1.929893 -3.782109 105 104 99
-2.911186 1.871028 -3.887395 108 107 102
-3.085162 2.134776 -3.451255 99 98 93
-2.826658 1.936360 -3.795032 105 104 99
-3.064577 2.233740 -3.298582 78 99 0
-2.881251 2.183267 -3.388610 87 86 81
-2.881251 2.183267 -3.388610 87 86 81
-2.483292 2.177048 -3.418142 88 87 82
-2.483292 2.177048 -3.418142 88 87 82
-2.473709 2.227006 -3.346706 122 122 112
-2.340007 2.433890 -3.028760 178 187 57
-2.071241 2.361716 -3.160923 64 64 54
-2.156694 2.490199 -2.946687 128 137 33
-1.780377 2.111847 -3.570799 95 95 85
-2.162189 2.600716 -2.786085 110 122 25
-2.165496 2.589155 -2.773069 56 59 28
-1.714990 1.796790 -2.981904 201 205 208
-1.397653 1.915692 -3.059059 135 134 132
-1.375369 1.909853 -3.082825 148 147 143
-1.227571 1.850616 -3.241888 121 121 121
-1.940850 2.158923 -2.062510 74 77 84
-1.673747 2.206282 -1.994603 41 44 49
-1.674538 2.205647 -1.994796 41 44 49
-1.285053 2.320937 -1.863679 56 60 63
-0.587941 2.360859 -1.801050 113 81 92
0.717280 2.814596 -2.596715 83 84 79
-0.433929 2.816953 -1.192667 175 119 60
1.203607 2.976237 -2.331564 121 120 116
0.500196 3.064260 -0.873266 208 211 216
0.511511 3.056127 -0.884064 211 215 218
-1.894492 1.853482 -2.528133 194 202 205
-0.114014 2.298985 -3.354361 113 112 108
-2.638559 1.817806 -3.984421 79 78 75
-0.895006 2.039457 -3.733663 107 107 97
-2.468310 1.791548 -4.033524 108 107 102
-2.863763 2.446354 -2.982559 105 105 95
-0.748054 2.851758 -1.279973 86 12 29
-0.640497 2.639852 -1.397383 202 207 211
-1.778711 2.266587 -1.914094 193 197 206
-2.793257 2.268015 -3.258265 120 122 111
-1.410869 4.599328 -2.527060 245 248 253
-1.410869 4.599328 -2.527060 245 248 253
-1.453665 1.876824 -3.017003 70 69 65
-1.103663 2.351326 -1.794867 190 195 198
-1.196216 1.789027 -3.336638 114 119 123
-1.621974 2.286365 -1.887657 68 68 70
-1.328841 2.359586 -1.712685 0 0 0
-1.328841 2.359586 -1.712685 0 0 0
-1.278031 2.401652 -1.732933 196 201 207
-1.174030 2.404622 -1.731532 217 222 228
2.015997 2.797416 -2.633222 163 165 160
-1.265889 1.947334 -2.840373 122 128 128
-2.214141 2.573570 -2.805597 143 158 16
-1.166849 1.781891 -3.371681 76 77 81
-1.332459 2.415959 -1.715195 71 72 76
1.143132 2.719706 -1.841917 63 67 68
-3.241923 2.153160 -3.415074 197 225 29
-2.514949 2.296293 -3.230211 92 92 82
0.083251 2.604198 -1.494533 130 134 135
-3.557468 2.059478 -3.541609 161 191 0
-3.291365 2.073392 -3.541745 114 113 108
-2.999916 2.017166 -3.644424 102 101 96
-2.827226 1.918496 -3.818280 108 107 102
-2.503318 2.143448 -3.473370 98 97 92
-2.714081 2.881624 -2.305340 86 85 80
-1.873242 2.201170 -2.003836 197 198 200
-3.090370 1.619753 -4.257253 93 92 87
-3.552514 2.050449 -3.554915 119 124 83
-3.619779 2.147876 -3.400427 107 114 41
-3.110251 1.742242 -4.074153 98 97 92
-3.607028 2.207313 -3.303817 96 95 91
-3.583959 2.327937 -3.119076 101 100 95
-3.536618 2.305156 -3.160917 97 96 91
-3.147597 1.994510 -3.672955 116 115 110
-3.247157 2.145065 -3.425294 122 130 73
-3.504111 2.387696 -3.022926 103 100 95
-3.466784 2.364845 -3.065300 102 99 94
-3.048558 2.011579 -3.651537 106 105 100
-3.172238 2.639601 -2.665817 87 88 82
-2.550464 2.094732 -3.556403 106 105 100
-2.469795 2.281353 -3.259934 93 93 83
-2.277156 2.374986 -3.124214 94 94 84
-2.685829 2.914625 -2.254608 103 102 98
-2.149158 2.490209 -2.951103 45 51 6
-2.140092 2.497603 -2.938691 145 160 33
0.027176 2.278020 -3.390764 109 109 107
0.277478 2.387073 -3.221364 129 130 125
-0.787144 2.363353 -1.734244 97 33 49
0.806313 2.542144 -3.015634 126 126 117
0.357031 3.199013 -0.858937 7 9 8
0.462438 2.680459 -1.237985 203 212 215
1.442492 2.838297 -1.603501 209 199 211
-3.574867 2.043462 -3.564377 118 128 57
-3.473155 2.004604 -3.631963 100 99 94
-3.078425 1.837262 -3.929472 98 97 92
-3.544611 2.349064 -3.094973 97 94 89
-3.035766 1.954678 -3.742325 111 110 105
-3.030127 1.984888 -3.701289 135 134 129
-3.094091 2.113473 -3.484859 116 115 110
-3.415576 2.415520 -2.981741 92 89 84
-2.824908 1.956074 -3.757482 111 110 105
-2.866050 2.160411 -3.427155 136 135 130
-2.674780 1.993359 -3.703041 108 107 102
-2.869609 2.172557 -3.403753 137 136 131
-2.875849 2.196722 -3.368145 103 103 95
-2.875849 2.196722 -3.368145 103 103 95
-2.640579 2.111589 -3.521078 101 100 95
-2.512100 2.073364 -3.588738 102 101 96
-2.508919 2.117884 -3.515390 94 93 88
-2.441102 2.169153 -3.427583 98 97 92
-2.399711 2.226611 -3.349494 93 93 85
-2.357161 2.331275 -3.187816 87 87 77
-2.111346 2.121439 -3.536012 95 94 89
-1.671974 1.730670 -3.246753 149 152 159
-1.587926 1.710381 -3.273437 151 154 159
-1.609661 1.859148 -3.148307 169 169 169
-1.356837 1.896334 -3.136657 135 136 138
-1.293624 1.881255 -3.171215 125 125 125
-0.175545 2.185003 -3.514747 115 116 111
-1.359563 2.244181 -1.923345 57 59 62
-0.568902 2.465088 -1.683828 108 55 47
-0.498239 2.830289 -1.182185 191 123 74
0.080381 2.597691 -1.402773 163 169 173
1.761058 2.652901 -2.304370 139 145 143
0.473996 2.693755 -1.219371 202 208 211
-1.298479 2.489211 -1.647810 42 47 50
-0.432520 2.496117 -1.626882 151 104 72
0.613433 2.756087 -1.156195 151 143 126
0.307471 2.266786 -3.425848 87 88 84
-1.532806 2.268815 -1.913274 212 213 215
-0.564017 2.261566 -2.773777 69 68 64
0.089390 2.572111 -1.329321 203 208 212
2.453269 2.694201 -2.870875 82 79 74
-1.650274 1.806793 -3.161364 20 21 23
1.491307 2.855391 -1.600964 211 215 216
-1.683240 2.174710 -2.008058 204 207 212
0.490479 2.775276 -1.374378 165 171 171
-0.009703 2.662358 -1.464002 239 247 248
-1.063120 1.708421 -3.419907 198 203 206
-1.849257 1.805636 -3.130353 233 243 245
-0.591245 2.264787 -2.620796 69 70 72
-1.553745 2.325725 -1.853603 204 214 215
1.281113 2.845431 -1.173704 55 54 50
-1.291488 1.945842 -2.851204 245 246 247
-1.354991 1.881287 -2.991451 203 207 208
-1.317479 2.277073 -1.885882 203 204 205
-1.352055 2.342283 -1.796965 77 81 82
1.442655 2.839576 -1.590087 132 30 69
-1.617478 1.857949 -3.125355 213 214 216
-1.507113 2.375148 -1.788679 76 80 79
3.258510 2.591815 -3.097279 132 130 118
2.570676 3.303189 -1.962691 124 122 110
2.570766 3.303643 -1.962843 124 122 110
1.656098 3.526366 -1.526946 79 80 75
1.395524 3.342938 -1.811551 75 72 64
1.395524 3.342938 -1.811551 75 72 64
3.116450 3.223739 -2.129414 128 126 114
3.116685 3.224301 -2.129806 128 126 114
2.836799 2.262650 -3.587471 137 134 125
2.704296 3.226935 -2.095960 132 130 118
2.688858 3.151872 -2.202341 112 110 98
2.666815 3.139701 -2.224638 117 115 103
1.687503 3.562062 -1.495765 77 73 70
1.399109 3.334858 -1.824330 99 96 89
1.201258 2.754117 -1.812614 165 164 169
0.844898 2.863566 -1.181351 154 158 159
-1.027829 1.737265 -3.390868 218 219 221
-1.093515 1.736348 -3.405559 41 42 44
-1.489762 1.757627 -3.311740 86 88 87
-1.491257 1.747708 -3.284366 95 97 96
-1.491257 1.747708 -3.284366 95 97 96
3.261375 2.934633 -2.575033 125 123 111
3.261818 2.931410 -2.573792 125 123 111
3.238217 2.572917 -3.113277 119 117 105
3.150929 3.220238 -2.144135 157 155 143
2.943464 2.555270 -3.133315 124 122 110
2.932822 2.556979 -3.130916 130 128 116
2.910367 2.560987 -3.125171 110 107 100
2.883999 2.322563 -3.490413 133 130 121
2.714743 2.785376 -2.769856 120 117 108
2.666207 3.128758 -2.237808 155 153 141
2.180455 2.233039 -3.583889 154 151 146
2.068964 3.123647 -2.207606 105 102 93
1.973843 2.976507 -2.430271 130 128 115
1.651128 3.528638 -1.532380 70 71 66
1.603163 3.501113 -1.585565 41 40 36
1.499526 3.418607 -1.705083 59 59 51
1.391341 2.825722 -1.781583 66 67 71
1.434877 2.834428 -1.596189 132 61 89
1.292289 2.793783 -1.745808 149 153 154
0.126650 2.616030 -1.493850 210 214 213
0.043162 2.603737 -1.483418 224 228 227
-0.999965 1.719603 -3.410060 77 81 84
-1.021818 1.728328 -3.399290 16 17 19
-1.052121 1.706352 -3.451531 212 217 220
-1.043627 1.702260 -3.447123 212 217 220
-1.466688 1.895786 -2.929852 235 240 234
-1.506393 2.369880 -1.783303 56 61 61
-1.956560 1.838754 -3.157690 166 170 172
-1.853651 1.760222 -3.046790 74 80 73
-1.681775 2.218016 -1.967147 50 54 55
3.265914 2.641969 -3.010874 109 107 95
3.265914 2.641969 -3.010874 109 107 95
3.174809 2.589540 -3.102036 136 134 122
3.031854 2.832253 -2.717116 68 66 53
2.972984 2.949141 -2.548675 105 103 90
2.930865 2.561935 -3.125488 154 151 144
2.915295 2.905770 -2.602294 145 143 130
2.933569 3.394797 -1.855015 101 99 87
2.832330 2.401648 -3.359115 144 142 130
2.809557 2.734267 -2.846728 167 165 153
2.720015 2.771039 -2.785027 107 104 95
2.727459 3.090722 -2.315284 137 135 123
2.717673 3.178032 -2.169599 155 153 141
2.706953 3.161415 -2.195744 155 153 141
2.676685 3.114580 -2.262597 122 120 108
2.646140 2.971951 -2.476843 102 99 90
2.631246 3.024949 -2.393191 121 119 107
2.561432 2.215254 -3.639207 176 173 168
2.385324 2.438051 -3.278325 122 123 113
2.247023 3.193154 -2.109308 117 114 109
2.077870 3.110981 -2.227651 103 100 91
2.045005 2.588030 -3.027773 176 174 162
1.975709 2.517252 -3.128160 161 159 147
1.911479 2.561083 -3.056176 125 123 111
1.597839 2.744627 -2.758368 157 155 143
1.523770 2.784620 -2.694054 176 174 161
1.440270 2.828527 -1.783197 67 68 72
1.440186 2.828653 -1.783414 67 68 72
1.370718 2.815310 -1.797960 34 35 39
1.424142 2.831287 -1.601805 148 80 105
1.206164 2.872813 -1.889432 80 80 82
1.300130 2.800569 -1.749751 96 100 101
1.287374 2.848827 -1.220748 207 208 210
1.199327 2.905640 -1.122728 81 85 88
0.568350 2.384160 -3.244136 148 148 138
0.532746 2.374282 -3.277647 183 183 173
0.851019 2.518843 -1.842061 200 204 207
0.599853 2.657960 -2.136013 33 33 34
0.780913 2.832315 -1.093289 226 227 229
-0.127232 2.204953 -3.501170 168 167 162
0.622481 2.798970 -1.123864 200 200 198
0.325980 2.642684 -1.407709 190 195 198
-1.009899 1.733449 -3.390203 200 201 203
-1.010661 1.733478 -3.390403 200 201 203
-1.033589 1.726756 -3.392203 94 95 99
-0.811589 2.904751 -1.173264 211 206 210
-0.687624 2.568682 -1.508627 200 129 85
-1.280203 2.058389 -2.930778 42 44 43
-1.279769 2.051086 -2.940647 136 138 137
-1.224162 2.061986 -2.780519 65 71 71
-1.046966 2.356358 -1.793369 38 42 43
-1.045151 2.355676 -1.792575 38 42 43
-1.457953 1.905738 -2.956804 15 15 17
-1.156350 2.320827 -1.849050 206 210 211
-1.158555 2.348338 -1.807586 62 64 63
-1.178513 2.369125 -1.771545 67 67 67
-1.567027 1.864339 -2.970470 207 212 210
-1.271619 2.388123 -1.761078 201 205 204
-1.299419 2.279210 -1.820820 49 53 53
-1.376619 2.313361 -1.792692 58 62 63
-1.387525 2.347078 -1.710302 204 209 213
-1.473077 2.309307 -1.858677 56 60 61
-1.520661 2.205528 -1.983960 167 175 178
-1.928698 2.443988 -2.026730 206 211 217
-2.787065 1.958965 -3.738641 222 232 231
-1.705548 2.233028 -1.960891 52 56 57
-1.589315 2.282830 -1.892262 216 217 219
-0.844435 3.054187 -0.550689 136 133 128
1.536202 2.330888 -3.392905 132 131 122
2.224166 2.235166 -3.580467 139 137 126
2.856583 2.263806 -3.581573 143 141 130
2.891761 2.224524 -3.646448 90 88 81
1.217730 2.877528 -1.873230 51 52 53
-1.614168 2.334030 -1.823940 64 64 62
1.239354 2.412460 -3.255502 178 178 168
-1.295997 1.917822 -2.907935 22 23 27
1.203365 2.875854 -1.836272 6 7 9
-1.430615 1.910247 -3.132894 221 227 225
-1.206084 2.319993 -1.797133 202 208 215
-1.464761 1.894911 -3.021489 78 83 79
0.801033 2.842450 -1.103963 189 194 197
-1.678971 1.819261 -3.129332 42 42 42
2.202920 2.326334 -3.229946 74 76 75
0.919227 2.755890 -1.972928 44 48 49
1.241079 2.873799 -1.164246 208 214 214
-0.585922 2.291689 -2.600756 70 70 70
-1.409778 1.999651 -3.001550 141 143 141
-1.397074 1.914004 -2.892580 183 182 180
-1.666026 2.311091 -1.869587 206 207 211
-1.726555 1.792183 -3.125121 84 84 86
3.194202 2.573306 -3.119583 155 153 141
3.018051 2.974829 -2.503858 133 131 119
2.839673 2.327730 -3.482851 154 152 140
2.700104 3.164305 -2.190139 90 86 82
2.700104 3.164305 -2.190139 90 86 82
2.640099 3.117614 -2.255149 128 126 114
2.640112 3.117472 -2.255157 128 126 114
1.288981 3.589794 -1.308819 85 87 65
1.359170 2.822440 -1.781686 31 32 34
0.155870 3.023988 -2.198489 182 182 182
-1.639967 1.844222 -3.169419 99 99 99
-1.566086 2.217211 -1.976505 212 218 218
-1.829513 2.115200 -2.113406 223 226 227
-1.829513 2.115200 -2.113406 223 226 227
-1.887758 2.173120 -2.047207 208 215 221
2.664630 3.131150 -2.243122 157 154 145
2.653842 3.131657 -2.241901 123 120 111
2.653842 3.131657 -2.241901 123 120 111
1.634123 3.527528 -1.548599 53 52 48
1.634180 3.527534 -1.548614 53 52 48
1.325680 2.783056 -1.703225 185 190 189
-0.892475 2.196177 -2.739341 57 57 59
-1.096562 2.117326 -2.826412 58 58 58
-1.563091 1.867080 -3.125201 196 196 198
-1.669754 1.824659 -3.198591 106 106 106
2.856030 2.209685 -3.662193 158 155 146
2.708328 3.172115 -2.178674 80 77 72
2.674135 3.105462 -2.290468 153 151 140
2.610832 3.103011 -2.279243 142 140 128
2.565964 2.956491 -2.494247 103 100 91
2.450744 2.400066 -3.135513 84 84 86
2.541440 3.045495 -2.358877 92 89 80
2.414711 2.384528 -3.150474 82 84 83
1.497809 3.421219 -1.706423 67 67 55
1.275390 2.423809 -3.240767 178 178 166
1.409287 2.821814 -1.785879 33 34 38
1.259253 2.794110 -1.750424 57 58 59
1.383900 2.839062 -1.349224 54 56 53
0.642054 2.330014 -3.348640 146 146 136
0.641924 2.330280 -3.348809 146 146 136
0.671661 2.792897 -1.273213 177 181 180
-0.363621 2.138816 -3.589111 167 166 161
-1.608182 1.807724 -3.242873 112 112 115
-1.366875 2.367238 -1.783517 215 217 216
-1.621709 2.161698 -2.050373 47 54 57
-1.621709 2.161698 -2.050373 47 54 57
-1.062089 2.300952 -1.152802 255 209 162
-1.933224 2.171020 -2.132967 227 230 231
-2.118047 2.325582 -2.056695 218 224 224
3.008668 2.292004 -3.532763 129 127 115
2.854451 2.283001 -3.554649 159 156 147
2.864296 2.545725 -3.151325 144 142 129
2.886172 2.871978 -2.650934 127 125 112
2.713674 2.193667 -3.672212 164 161 152
2.872821 2.973135 -2.492842 167 165 152
2.660072 2.182672 -3.691418 118 115 106
2.595580 2.151758 -3.752834 131 128 121
2.579519 2.314143 -3.480484 148 146 134
2.580327 2.344051 -3.433710 122 120 108
2.715883 3.227346 -2.095952 133 131 119
2.715883 3.227346 -2.095952 133 131 119
2.691668 3.164715 -2.189301 157 154 149
2.676310 3.116437 -2.263749 128 125 116
2.650816 3.137195 -2.234499 155 152 143
2.618146 3.100437 -2.280759 120 118 106
2.268988 2.274206 -3.523330 149 147 135
2.355935 2.849167 -2.643603 111 110 105
2.258071 3.197745 -2.105117 124 124 114
1.490330 2.462065 -3.181753 158 158 146
1.458052 2.763080 -2.715969 173 173 161
1.585435 3.488849 -1.602179 52 51 46
1.575613 3.476056 -1.621793 46 45 40
1.401398 2.690167 -2.831653 179 179 169
1.559751 3.461618 -1.639578 71 70 66
1.402148 2.803358 -2.657027 142 142 130
1.495737 3.413220 -1.716074 98 98 89
1.486680 3.410644 -1.716185 60 60 52
1.429156 2.824126 -1.786466 63 64 68
1.326367 2.798829 -1.585760 219 195 205
1.346866 2.791799 -1.541602 134 109 123
1.346701 2.792924 -1.541367 134 109 123
0.505959 2.350070 -3.284636 143 140 131
0.500802 2.360541 -3.281076 185 182 173
0.442345 2.330174 -3.339329 182 179 170
0.428169 2.323087 -3.340461 147 147 137
0.288349 2.255819 -3.442267 163 162 157
0.418692 2.605566 -2.221326 68 69 64
0.583227 2.773504 -1.320253 199 204 207
0.625119 2.763480 -1.145761 163 157 140
-0.043335 2.446093 -2.401727 85 85 85
-1.369638 2.014276 -2.979842 5 6 8
-1.457802 1.953994 -2.970413 14 17 16
-1.415289 1.914728 -2.908945 251 251 249
-1.678847 1.825446 -3.167989 121 121 121
-1.132815 2.322191 -1.833097 39 42 47
-1.693313 1.795878 -3.153073 152 152 152
-1.714386 1.790848 -3.151783 126 126 126
-1.278066 2.385512 -1.756944 52 56 59
-1.271020 2.380811 -1.756134 52 56 59
-1.306471 2.312678 -1.840029 55 56 59
-1.353336 2.354483 -1.804240 54 55 57
-0.931910 1.793244 -1.916762 210 215 219
0.804089 3.344310 -1.518308 212 217 220
-1.071435 2.462803 -1.407431 73 75 76
2.603736 2.151957 -3.742791 126 124 113
1.414698 2.686753 -2.837644 127 127 117
1.374169 2.798456 -1.684768 93 95 96
2.605175 2.568769 -3.083395 89 89 82
0.950226 2.027863 -3.837051 147 145 137
1.416923 2.829425 -1.596126 252 200 223
-0.141010 2.489778 -3.098327 156 156 149
-0.780300 2.540598 -1.632489 0 0 0
2.243901 2.446673 -3.054527 154 152 139
1.221704 2.825115 -1.676596 209 218 219
2.317210 2.800885 -2.636098 99 98 93
2.643316 2.554755 -3.115745 145 143 132
-1.317291 2.122833 -2.974646 117 119 114
-1.706863 2.189391 -2.016168 203 213 215
0.069697 1.679942 -4.367170 154 153 148
-1.290210 2.416229 -1.720235 206 211 214
0.109360 1.687559 -4.357570 106 105 100
-0.977979 2.216561 -3.444084 119 118 113
0.099934 1.691016 -4.355759 103 102 97
-1.278034 1.964715 -2.845587 237 239 238
-0.368507 1.688587 -4.327426 108 107 102
-1.348868 2.299526 -1.884642 206 211 214
-0.368507 1.688587 -4.327426 108 107 102
2.223127 2.332144 -3.220250 91 92 94
0.037269 1.689702 -4.351105 128 127 122
-1.138884 2.090798 -2.831793 66 68 70
0.117081 1.689375 -4.354473 154 153 148
-1.411271 1.911232 -2.958878 186 187 189
0.007744 1.695009 -4.340650 120 119 114
3.045934 2.961320 -2.533952 149 146 139
0.044423 1.698907 -4.334582 108 107 102
1.353398 2.807813 -1.609504 210 140 168
0.044628 1.699047 -4.334682 108 107 102
0.251206 2.676424 -1.492162 163 170 174
0.004747 1.699371 -4.331824 101 100 95
-1.169954 2.080760 -2.878663 49 51 48
0.080358 1.702667 -4.332555 119 118 113
-1.384176 2.016310 -2.980580 14 14 16
0.039911 1.706806 -4.323294 105 106 100
3.044555 2.967184 -2.518579 172 170 158
0.094773 1.721472 -4.304084 150 149 144
3.016425 2.967076 -2.514259 164 161 152
0.088187 1.720849 -4.300370 112 113 107
2.606550 3.102600 -2.292651 118 115 109
0.111868 1.720431 -4.294715 154 153 148
2.591960 3.080240 -2.302943 123 120 111
0.082949 1.726992 -4.290595 97 98 92
-1.406673 1.995578 -2.996463 132 134 133
-1.592013 2.195067 -1.960815 214 218 219
-0.987818 1.744630 -4.204617 86 87 79
-1.865334 2.192014 -1.997746 205 209 210
-0.999801 1.750025 -4.195925 155 156 150
2.998443 2.296933 -3.535136 147 145 133
-0.935789 1.749948 -4.196435 122 121 115
2.881604 2.222659 -3.643035 154 152 140
-0.755877 1.757467 -4.194072 158 159 153
2.842957 2.263661 -3.576966 129 127 115
-0.750385 1.759730 -4.191250 117 118 112
2.833030 2.266825 -3.581055 154 152 140
-0.750185 1.760293 -4.191638 117 118 112
3.034350 2.965794 -2.519654 135 133 122
-0.957365 1.769895 -4.172289 158 159 151
2.816461 2.506499 -3.195950 138 136 124
-0.959905 1.769258 -4.166660 110 111 103
2.642238 2.186161 -3.702077 157 155 143
-0.959905 1.769258 -4.166660 110 111 103
2.894192 2.991514 -2.492571 170 167 159
-0.936348 1.771128 -4.166984 127 126 121
2.550805 2.682031 -2.908996 92 88 85
-0.765491 1.773901 -4.170669 106 107 101
2.694319 3.162199 -2.212978 165 162 153
-0.765491 1.773901 -4.170669 106 107 101
2.628465 3.109207 -2.267344 132 129 120
2.438359 2.953440 -2.488842 89 86 81
0.129479 1.776872 -4.213903 96 95 90
2.422659 2.958089 -2.474576 95 92 87
-0.921818 1.784085 -4.151114 156 157 151
2.240685 3.205442 -2.106513 127 124 115
-0.971762 1.780525 -4.144378 134 135 129
1.611147 2.538585 -3.071438 148 146 134
-0.934037 1.780048 -4.145366 153 154 148
1.228636 2.847931 -1.794172 15 15 17
0.018571 1.789857 -4.181801 110 111 104
0.621231 2.670146 -2.135671 61 61 59
-0.710065 1.798609 -4.134228 116 117 111
0.038596 2.603061 -1.492171 44 46 45
0.145902 1.794015 -4.179812 158 157 153
-0.652895 2.249599 -2.661768 39 39 39
-1.045089 1.801851 -4.110645 127 128 122
-1.442988 1.903611 -2.982130 18 18 20
-1.286754 1.801212 -4.094994 127 126 121
-1.439831 1.908480 -2.946852 20 18 21
-0.514933 1.806829 -4.133236 101 102 96
2.864792 2.541966 -3.148466 141 139 127
-0.653095 1.810121 -4.118116 125 126 120
2.701580 2.230923 -3.617227 132 130 118
-0.318443 1.826421 -4.114949 152 153 147
2.904268 2.713970 -2.904705 144 142 130
-1.079308 1.832031 -4.058906 160 159 154
2.592233 2.138348 -3.759785 156 153 143
2.647266 2.259238 -3.572183 129 126 117
-1.543255 1.835252 -4.028037 111 111 101
2.944497 2.977499 -2.515463 135 133 120
-0.748527 1.841219 -4.071475 116 117 111
2.908336 2.897973 -2.613847 149 147 135
-1.084355 1.836024 -4.050229 156 155 150
2.733103 2.746093 -2.836361 133 130 121
-1.485169 1.840639 -3.991700 130 130 120
2.496201 2.257004 -3.567375 153 150 141
-0.816779 1.866516 -4.020143 127 128 122
2.457150 2.270386 -3.547271 167 164 155
-0.040420 1.870683 -4.048640 158 159 153
2.491726 2.459860 -3.243344 150 148 136
-1.229133 1.899002 -3.948972 150 150 140
2.545477 2.685366 -2.900790 86 83 78
-1.048818 1.932716 -3.900283 104 104 94
2.407604 2.405902 -3.325322 160 157 148
0.294667 1.953717 -3.939034 136 137 132
2.312529 2.229742 -3.596469 164 162 149
-0.840209 1.959297 -3.869170 148 149 143
2.704801 3.094342 -2.298144 168 164 155
0.287549 1.957756 -3.924859 138 139 134
2.687521 3.155432 -2.204715 116 113 106
-1.428854 1.962844 -3.824732 119 119 109
2.681080 3.159364 -2.201337 170 167 158
-1.487428 1.970227 -3.817244 117 117 107
2.676565 3.151332 -2.213434 124 124 115
-1.091518 1.974166 -3.832785 127 127 117
2.658660 3.131237 -2.235316 128 128 118
-0.084559 1.976102 -3.873733 119 120 112
2.658660 3.131237 -2.235316 128 128 118
-0.873354 1.984739 -3.827372 155 155 145
2.643384 3.121916 -2.249360 134 131 122
2.611411 3.100746 -2.278621 156 153 144
-0.805896 1.988977 -3.825715 146 146 136
2.204294 2.270037 -3.528621 140 137 128
-0.491784 1.986838 -3.841866 122 122 112
2.528374 3.030377 -2.378534 130 127 120
-0.751376 1.982772 -3.826740 154 156 145
2.525063 3.032254 -2.372738 90 87 80
-0.825984 1.997697 -3.807938 156 156 146
2.012968 2.202920 -3.621663 132 130 118
-0.948432 1.988761 -3.780120 158 160 149
2.253669 3.194090 -2.112899 103 100 94
-0.757616 2.005603 -3.795177 159 159 151
1.396221 2.700309 -2.819455 147 147 135
-0.125308 2.004807 -3.821707 146 147 139
1.462229 2.869646 -1.704562 102 102 102
-0.223421 2.017956 -3.799372 118 119 111
1.386066 2.817789 -1.785141 65 69 72
-1.125741 2.031270 -3.743565 157 157 147
1.386066 2.817789 -1.785141 65 69 72
-1.188859 2.029370 -3.738875 118 118 109
1.387830 2.843056 -1.717150 53 53 53
-1.176926 2.030543 -3.734247 105 105 97
1.310292 2.806617 -1.769327 20 21 23
-0.712650 2.027628 -3.761155 103 104 96
1.197905 2.867288 -1.904602 89 90 85
1.401620 2.826311 -1.528257 237 203 219
-0.608172 2.028806 -3.762332 123 124 118
1.346791 2.804230 -1.594172 242 211 226
-1.334383 2.039820 -3.708986 123 123 113
0.163163 2.131783 -3.632127 126 126 116
-0.743023 2.042580 -3.739418 110 109 104
0.651805 2.791071 -1.129843 203 207 205
0.035988 2.044727 -3.767770 138 137 132
0.287564 2.691945 -1.368156 143 147 148
0.029215 2.047899 -3.764309 72 71 66
-1.386966 2.046482 -2.936486 0 2 3
0.027705 2.041466 -3.763954 72 71 66
-1.417235 1.915506 -2.885969 218 218 217
-0.117373 2.055368 -3.744002 108 108 98
3.047605 2.406113 -3.370297 113 109 98
-0.151894 2.056255 -3.741043 144 144 134
2.961587 2.364175 -3.428662 124 122 110
-1.210147 2.061229 -3.672988 135 135 125
2.895348 2.269848 -3.575031 157 155 143
-0.580732 2.071282 -3.705648 139 140 134
2.879759 2.257109 -3.580240 132 130 118
-1.476811 2.079020 -3.652274 106 106 96
2.879759 2.257109 -3.580240 132 130 118
-0.944297 2.079542 -3.671948 100 99 94
2.887707 2.311163 -3.506671 115 113 101
-0.703177 2.091034 -3.664198 104 104 98
2.885970 2.314009 -3.501277 158 156 144
-1.417023 2.090908 -3.620889 125 125 115
2.884950 2.319956 -3.489225 116 114 102
-0.709109 2.093295 -3.660732 154 153 148
2.845756 2.263975 -3.586248 150 148 136
-0.790974 2.091217 -3.656709 112 111 106
2.855998 2.286120 -3.548941 127 125 113
-1.414705 2.098122 -3.614396 118 118 108
2.966651 2.553898 -3.139157 159 157 145
-0.841269 2.095659 -3.645362 128 130 119
3.011206 2.679914 -2.945056 132 130 118
-1.999000 2.100428 -3.572361 135 135 125
2.741934 2.238458 -3.605400 130 127 118
-2.111807 2.106873 -3.558037 105 105 95
2.884668 2.557637 -3.123306 119 117 105
-2.111566 2.107699 -3.558372 105 105 95
3.035473 2.963108 -2.522917 132 129 120
-0.863249 2.105621 -3.634249 128 128 118
2.647566 2.164523 -3.696146 125 121 112
-1.426916 2.101911 -3.596634 115 115 105
2.647566 2.164523 -3.696146 125 121 112
-2.016438 2.112370 -3.559204 138 138 130
2.992592 2.908304 -2.606706 133 131 119
-1.415479 2.113043 -3.588689 92 92 82
2.604546 2.147774 -3.739303 125 122 113
-2.110990 2.144391 -3.497146 99 99 89
2.594924 2.156596 -3.755950 120 117 107
-0.009208 2.155515 -3.588102 131 132 126
2.562273 2.174689 -3.699244 166 163 154
0.103129 2.154369 -3.594319 125 126 120
2.556888 2.211195 -3.642276 126 123 114
-0.029132 2.164249 -3.573019 164 165 160
2.580564 2.310531 -3.484520 168 166 154
0.032771 2.166176 -3.571047 135 136 131
2.412653 1.986612 -3.992820 132 129 120
0.016287 2.167697 -3.570451 135 136 131
2.413453 1.983233 -3.989494 132 129 120
0.016287 2.167697 -3.570451 135 136 131
2.509383 2.182639 -3.683148 135 132 123
0.030201 2.174990 -3.560021 123 124 119
2.509383 2.182639 -3.683148 135 132 123
0.159013 2.169228 -3.546108 134 135 130
2.510386 2.195298 -3.668687 139 136 127
0.059923 2.186828 -3.539633 133 134 129
2.286322 2.237664 -3.588808 160 158 145
0.035166 2.198925 -3.536506 128 129 124
2.685211 3.096798 -2.301657 136 133 124
0.035426 2.197993 -3.536636 128 129 124
2.271859 2.252086 -3.555145 168 166 154
0.028100 2.190922 -3.531079 155 156 151
2.270710 2.257253 -3.549283 143 141 129
2.672936 3.130925 -2.243068 137 134 125
-0.478634 2.198812 -3.504184 157 158 152
2.617710 3.099900 -2.280846 126 123 114
2.379908 2.402894 -3.080173 7 11 12
-0.167245 2.196861 -3.511348 160 161 156
2.174095 2.267277 -3.526954 136 134 122
-0.467215 2.202732 -3.496168 152 153 147
2.365027 2.847473 -2.646674 98 95 89
0.304094 2.215190 -3.508240 140 139 135
2.467635 3.168110 -2.164104 103 100 91
2.467463 3.168286 -2.164043 103 100 91
-1.123856 1.797988 -3.377511 94 94 92
2.011744 2.209798 -3.607015 144 142 130
0.141995 2.225860 -3.483459 114 114 112
2.100516 2.584721 -3.028537 144 142 127
-1.116081 1.797564 -3.366522 90 90 88
1.927932 2.288770 -3.477021 115 113 101
-1.123664 1.797447 -3.367375 42 42 42
2.234070 3.009792 -2.391679 109 106 99
-1.124734 1.796534 -3.366117 42 42 42
2.252364 3.195509 -2.102679 78 75 66
-1.130888 1.803922 -3.358281 52 53 51
1.950029 2.572679 -3.042054 132 130 118
0.297371 2.228962 -3.479140 119 118 114
1.904362 2.547371 -3.072668 187 185 173
0.260699 2.231838 -3.471635 121 120 116
1.636886 2.127047 -3.722158 145 142 133
1.355506 2.346850 -3.367239 153 153 143
-1.180082 1.831107 -3.294448 205 205 203
1.476130 2.727279 -2.780570 156 156 144
1.269463 2.426786 -3.230806 141 141 131
-1.208802 1.840753 -3.261924 191 191 191
1.250608 2.391248 -3.256860 177 177 167
0.296140 2.298008 -3.374718 121 120 116
1.394250 2.790963 -2.667190 175 175 163
0.293464 2.326319 -3.329051 132 131 126
1.486519 3.410808 -1.716178 61 61 53
-1.685801 1.826867 -3.172173 139 139 141
1.473274 3.398982 -1.730422 52 52 44
1.473274 3.398982 -1.730422 52 52 44
-1.702288 1.787320 -3.158799 130 130 130
1.506292 2.887144 -1.693311 80 80 80
-1.691892 1.828834 -3.151307 89 89 89
0.659122 2.156299 -3.615001 118 115 110
-2.291484 2.356669 -3.154645 89 89 79
1.428614 2.831495 -1.606360 252 213 229
-2.291484 2.356669 -3.154645 89 89 79
1.327841 2.799290 -1.709952 46 46 48
-1.822332 1.766450 -3.137053 220 221 225
1.341401 2.798587 -1.577362 235 200 216
0.295997 2.348612 -3.287208 168 169 163
0.495906 2.639572 -2.189497 130 130 128
-1.742302 1.790654 -3.130154 185 186 188
0.719853 2.838180 -1.126623 13 13 13
-0.548297 2.376706 -3.228852 77 77 75
0.465480 2.684286 -1.228603 121 131 132
-1.721350 1.797813 -3.122339 203 204 206
-1.094212 2.413737 -1.717818 60 60 62
-1.723214 1.807384 -3.123388 203 204 206
1.159617 2.069387 -3.778687 153 150 141
-1.870332 1.792231 -3.102650 109 109 111
-1.168086 2.372817 -1.771190 226 227 229
-1.602451 1.858796 -3.115962 103 105 104
2.242278 2.262543 -3.544714 98 96 91
-2.279571 2.398083 -3.086161 99 96 87
0.816744 2.854684 -1.135257 170 179 181
1.572632 2.653919 -2.896822 158 157 143
-1.555957 1.862276 -3.094483 104 105 109
2.180510 2.198274 -3.637109 97 95 90
-1.461376 1.903052 -3.089891 47 46 44
-0.290845 2.207380 -3.494794 112 111 107
-1.415536 1.911405 -3.087908 73 73 71
-1.672223 2.207191 -1.992370 40 41 44
-1.388208 1.928270 -3.078417 57 59 54
-1.168767 2.372646 -1.771373 227 230 230
-1.380886 1.917480 -3.076120 195 197 192
-0.445824 2.135017 -2.714794 54 53 49
-1.430259 1.921192 -3.069735 121 120 115
2.425266 2.475630 -3.036740 22 25 30
-1.428465 1.935470 -3.045230 101 101 97
-1.073610 2.467741 -1.397699 0 0 0
-1.802900 1.760224 -3.015979 220 224 225
2.628382 2.825279 -2.765643 128 125 120
-1.445436 1.933565 -3.035830 84 83 81
2.679913 2.609798 -3.015524 130 127 122
-1.413396 1.938729 -3.033443 52 53 48
2.251729 2.464638 -3.065983 176 174 159
-1.766813 1.777938 -2.995848 227 231 230
-0.615673 2.371253 -1.736258 127 0 22
-1.440246 1.906095 -3.007887 32 31 29
-0.636190 2.379455 -1.734450 127 0 22
0.448187 2.477040 -3.108102 120 121 115
-1.233046 2.269418 -2.924505 91 93 82
-1.425022 1.906537 -2.996318 64 64 64
-0.662807 2.341261 -1.823858 124 0 24
2.801079 2.874347 -2.640805 145 145 137
-1.242015 1.819261 -3.273661 152 153 154
0.124696 2.629622 -2.864655 119 118 113
-1.526052 1.896190 -3.074139 117 118 120
-1.554148 1.864323 -3.043999 157 156 161
-1.271444 1.939019 -2.851926 198 202 201
-1.277120 1.956082 -2.824778 61 60 61
-0.648170 2.251317 -2.662331 23 23 23
-1.212684 1.961015 -2.674045 177 182 185
-1.628724 2.272361 -1.908893 52 52 50
0.213884 2.628849 -1.437327 184 190 190
-0.387254 2.609973 -1.457488 163 52 22
0.041444 1.655127 -4.402640 143 143 135
0.094684 1.698809 -4.341054 145 144 139
-0.306513 1.934877 -3.928427 128 130 119
-0.656396 2.265286 -2.638449 53 54 56
-1.316421 2.396492 -1.740874 62 66 67
0.275632 1.586914 -4.524605 105 105 97
0.275632 1.586914 -4.524605 105 105 97
0.113277 1.625632 -4.457724 111 110 105
-0.696080 1.648038 -4.372659 127 127 115
-0.879584 2.009889 -3.783953 137 137 125
-0.875527 2.093403 -3.665476 132 132 120
0.049085 2.191609 -3.536859 147 148 141
0.027447 1.668561 -4.384019 100 99 94
-0.036980 1.683086 -4.359216 123 123 114
-0.814956 1.625758 -4.407928 145 145 136
-0.733255 1.651648 -4.371007 153 155 142
-0.387491 1.692695 -4.323974 156 158 147
-1.005935 1.754952 -4.187989 158 159 153
0.207461 1.973645 -3.885608 106 108 97
-0.548661 2.038329 -3.755558 148 148 138
-0.713245 2.054751 -3.734414 112 112 102
-0.001194 2.230321 -3.465583 115 116 110
-0.028019 2.268050 -3.409670 120 121 116
-1.463735 1.915938 -3.051865 93 93 93
0.475486 2.169906 -3.584879 93 94 89
-0.858493 2.099872 -3.651754 106 106 94
-0.929433 2.104991 -3.633794 143 143 133
-0.746790 1.792578 -3.553096 7 8 12
-0.293861 2.230692 -3.450219 119 119 108
0.295197 2.292820 -3.374278 118 119 114
-0.143749 2.465741 -3.099633 163 165 154
-1.434318 1.929791 -3.054145 30 26 25
-1.435259 1.931076 -3.031212 19 15 12
-1.463974 1.886034 -3.000465 126 124 127
-1.117145 2.005765 -2.490111 229 211 219
0.441874 2.672198 -1.243906 219 223 226
0.407381 3.114256 -0.840899 216 220 224
-0.895136 2.036824 -3.732804 91 92 85
-0.978208 1.696664 -3.455389 39 42 51
-1.252501 2.349156 -1.799778 200 207 213
-0.659116 2.254915 -2.653634 42 44 43
-1.367021 1.963756 -2.891033 138 139 143
-1.834927 1.752406 -3.168315 77 79 74
-0.463049 1.719062 -3.571036 78 83 86
0.283122 2.732989 -1.207081 187 191 192
-1.430521 1.437952 -4.655398 117 116 112
-2.868809 2.164494 -3.418571 76 75 70
-2.873613 2.183456 -3.384444 127 126 121
-2.163523 2.476932 -2.946102 208 213 23
-1.798147 1.764713 -3.161031 132 133 138
-1.630031 1.848598 -3.157568 121 121 121
-1.095338 1.723149 -3.388830 30 32 31
-2.496128 1.389642 -4.651123 132 131 126
-2.239218 1.377887 -4.703808 111 110 105
-2.429004 1.455433 -4.558890 111 110 106
-3.049705 1.808895 -3.975888 105 104 99
-3.133853 1.996693 -3.669167 103 102 97
-2.787107 1.996768 -3.673218 115 114 109
-2.787107 1.996768 -3.673218 115 114 109
-2.082250 3.201164 -2.938204 207 220 25
0.492412 2.821407 -2.535996 176 189 197
0.496815 2.851344 -2.524761 130 144 153
0.774586 2.801735 -1.158398 229 233 236
0.209200 3.575968 -0.322390 68 26 40
-2.818240 1.541482 -4.398733 126 125 121
-2.640042 1.565071 -4.375222 104 103 99
-3.110155 1.741512 -4.073372 97 96 91
-2.596378 1.683895 -4.201568 107 106 101
-3.041226 1.955031 -3.737485 133 132 127
-1.880090 1.576359 -4.411641 144 143 138
-3.009065 2.016583 -3.646071 100 99 94
-3.117251 2.085653 -3.527301 104 103 98
-2.881475 2.170478 -3.405353 123 122 117
-2.878182 2.192318 -3.377355 98 97 92
-2.484039 2.059278 -3.618283 99 98 93
-2.926971 2.255059 -3.271995 177 198 41
-2.903213 2.255858 -3.267370 179 197 69
-2.480543 2.117470 -3.520095 91 90 85
-1.549264 1.827417 -4.039522 122 121 116
-0.928009 1.828261 -4.074802 122 123 118
-0.846520 1.968685 -3.857741 132 131 127
-2.225521 2.449427 -2.979956 240 250 61
-1.065551 1.721607 -3.393866 52 53 58
-1.480492 2.323539 -1.838342 211 212 214
-1.294073 2.316512 -1.915807 47 50 50
-0.550866 2.405477 -1.742428 75 23 36
1.015614 2.803353 -1.955420 58 59 61
-2.002179 1.777510 -2.604685 121 124 127
-1.086869 1.833251 -4.058267 101 100 95
-0.366169 3.926126 -0.207233 84 17 27
-1.530903 1.841539 -3.200698 146 149 158
-1.446000 1.894970 -3.022736 28 27 25
-1.639457 1.836013 -3.172013 127 128 133
-0.929524 1.747595 -4.200573 138 139 134
-0.931429 1.764522 -4.183745 122 124 119
-1.408974 2.354344 -1.802330 210 211 213
-2.346093 2.208475 -3.382097 101 101 91
-2.433582 2.318133 -3.208402 86 86 78
-1.477611 1.865209 -3.157104 149 149 149
-1.964715 1.434684 -4.619065 118 117 112
-2.574214 1.655942 -4.242116 104 103 98
-1.004052 1.738064 -4.213351 124 125 120
-1.185991 1.843243 -4.033717 152 153 147
-2.726578 2.297737 -3.217952 77 76 71
-2.469758 2.276887 -3.259492 90 90 80
-2.277441 2.373894 -3.124050 96 96 86
-2.519207 1.536933 -4.431402 138 137 133
-2.539600 1.548427 -4.403211 129 128 123
-1.741788 1.352972 -4.769371 124 124 118
-1.848284 1.410153 -4.668171 128 127 122
-1.319230 1.517222 -4.538875 149 149 141
-1.329442 1.526709 -4.524087 115 114 109
-1.329442 1.526709 -4.524087 115 114 109
-1.205009 1.607358 -4.407659 129 128 123
-2.470172 2.079897 -3.579854 102 101 96
-2.111890 2.090786 -3.583932 91 90 85
-2.648887 2.268268 -3.265147 84 84 76
-0.743516 2.041510 -3.739278 97 96 91
-2.106992 2.471566 -2.964385 97 99 85
-1.537705 2.157811 -1.897526 39 43 47
-1.459655 2.372186 -1.774716 49 50 52
-1.143287 2.359628 -1.789163 46 49 54
0.470921 3.695227 -0.197370 147 129 124
-1.917796 1.739721 -3.040151 214 218 217
-1.858812 1.727417 -3.131061 127 129 129
-1.337558 2.056477 -2.914757 43 44 48
0.631411 2.772581 -1.146744 159 157 146
-0.130372 2.050487 -3.748297 93 92 87
-1.112705 2.023815 -3.751299 146 146 136
-0.919674 2.079806 -3.673752 112 114 107
-1.478364 1.893909 -3.105559 133 133 135
-2.494322 2.120470 -3.508685 133 132 127
-0.963665 2.064060 -3.687693 106 107 101
-0.143218 2.056185 -3.736862 90 90 82
-1.411615 1.926300 -3.024384 92 92 90
0.086543 4.339334 0.300386 153 144 139
0.020359 2.194282 -3.529394 63 63 60
-1.335970 1.816455 -3.304648 144 147 152
-1.607311 1.849181 -3.149345 107 107 107
0.755045 2.829736 -1.115599 82 83 85
-2.314400 2.431917 -3.031897 112 118 72
-2.169993 1.543152 -4.445577 125 124 119
-0.655399 2.256016 -2.664808 35 35 35
-1.135904 1.800478 -3.370106 113 113 113
-1.715928 1.791980 -2.977684 191 195 198
-1.444864 1.909424 -2.948188 38 38 40
-1.296053 1.355734 -4.793262 98 97 92
-1.265658 1.370260 -4.775552 106 102 99
-2.413067 1.674823 -4.220022 148 149 143
-2.489007 1.797480 -4.018875 150 149 144
-1.476744 1.865941 -3.157021 152 154 153
-0.127858 2.204580 -3.503386 138 137 133
-1.421065 1.917517 -3.025038 31 30 28
-1.602351 1.331510 -4.812513 134 133 128
-2.146151 1.397773 -4.671948 176 175 170
-2.438565 1.484636 -4.507875 122 121 116
-1.964538 1.445899 -4.607090 104 103 95
-2.506191 1.524999 -4.447834 157 156 151
-1.107377 1.379048 -4.787671 92 91 87
-1.401362 1.415333 -4.689559 114 114 106
-1.921634 1.480884 -4.554003 148 148 138
-1.833379 1.516188 -4.507170 101 101 91
-1.833434 1.515978 -4.507253 101 101 91
-2.582414 1.805497 -4.010446 122 121 116
-0.804166 1.829597 -4.077690 126 128 123
-2.649949 2.103321 -3.549203 114 113 108
-0.759739 2.022779 -3.769338 141 140 135
-1.207421 2.145509 -3.537855 147 146 141
-2.241599 2.282411 -3.269390 100 100 90
-0.159665 2.049287 -3.750410 98 98 87
-0.907200 1.685004 -3.498990 70 74 75
-2.837922 1.483644 -4.463575 153 152 147
-1.556387 1.358970 -4.766229 107 106 102
-2.511369 1.480865 -4.515887 121 122 116
-2.801001 1.538389 -4.401609 123 122 117
-2.515033 1.533348 -4.447565 130 129 124
-1.349154 1.533879 -4.505415 107 106 101
-1.349049 1.533980 -4.506025 107 106 101
-2.494776 1.706915 -4.170760 150 149 144
-2.637892 1.809400 -4.016805 114 113 108
-2.642876 1.814026 -3.989761 99 98 93
-2.625236 1.836218 -3.961368 148 147 142
-0.631733 1.665848 -4.358498 153 152 148
-1.930607 1.849676 -3.981395 121 120 115
-0.537978 1.716800 -4.277093 94 93 89
-0.932587 1.812374 -4.093640 130 129 125
-0.712881 1.811734 -4.118771 155 154 150
-0.757765 1.846076 -4.055629 126 125 121
-0.770678 1.868084 -4.019617 149 150 145
-0.820266 1.945993 -3.892141 112 114 109
0.049023 1.697716 -4.342089 116 115 110
-0.303315 1.742272 -4.248603 127 129 123
-1.287045 1.798654 -4.094026 127 126 121
-0.213888 1.799415 -4.156333 149 150 145
-0.514804 1.807315 -4.133241 101 102 96
-0.653195 1.811613 -4.118512 125 126 120
-0.865625 1.985085 -3.825229 116 116 106
-0.781719 2.014101 -3.785382 125 125 117
-1.176702 2.030816 -3.734503 105 105 97
-0.716799 2.038446 -3.744828 140 139 134
0.038271 2.050774 -3.754021 105 104 99
-0.280447 2.201710 -3.507053 154 155 150
-0.333277 2.205849 -3.491055 129 130 125
-1.168374 1.823589 -3.307237 193 195 190
0.312349 2.307440 -3.364210 140 139 134
-1.887330 1.777971 -3.111620 109 109 106
-1.730819 1.794517 -3.121060 17 18 20
-1.461376 1.903052 -3.089891 47 46 44
-1.329332 2.038645 -2.968417 70 72 69
-1.415614 1.931121 -2.910097 233 235 234
0.276039 2.590046 -2.919698 128 127 122
2.801079 2.874347 -2.640805 145 145 137
0.299793 2.639375 -2.844506 120 121 115
2.126920 3.033406 -2.348238 109 109 99
0.301752 2.654038 -2.825241 124 125 119
0.899132 3.143011 -2.039388 47 46 41
0.228379 2.666165 -2.804398 104 105 99
0.205265 2.698411 -2.755608 111 112 106
1.033022 2.821111 -1.944946 70 72 71
-1.225400 1.964722 -2.681435 156 161 164
-1.225310 1.964220 -2.681421 156 161 164
0.610310 2.816150 -2.579223 68 69 64
2.590316 2.547045 -3.068119 88 87 83
-1.110981 2.006506 -2.496287 186 173 182
2.544139 2.451539 -3.057112 27 32 36
-1.110833 2.006662 -2.496387 186 173 182
2.099252 3.080765 -2.271204 114 114 105
-1.887740 2.186509 -2.050811 220 224 227
-0.780984 2.236886 -2.694891 61 62 64
-1.671997 2.208123 -1.992496 34 35 39
-0.659979 2.300833 -1.884553 130 0 28
-1.563365 2.216742 -1.979418 234 235 239
-1.613896 2.269046 -1.900261 67 67 69
-1.632293 2.263512 -1.918263 225 225 227
-1.841798 2.202524 -1.995296 64 66 65
2.820796 2.866462 -2.649678 141 141 133
-1.492509 2.265882 -1.912905 37 42 45
2.423311 2.383685 -3.105396 19 22 27
-1.492509 2.265882 -1.912905 37 42 45
1.954245 2.658612 -2.911179 182 180 168
-1.598712 2.284459 -1.891790 220 222 223
-1.844292 2.102801 -2.131806 70 71 73
-1.499283 2.287148 -1.891748 220 226 226
-1.844088 2.102666 -2.131399 70 71 73
2.020717 2.600653 -2.999121 169 167 154
2.020373 2.602998 -3.000027 169 167 154
0.220502 2.649377 -1.428909 66 72 72
-1.327767 2.416160 -1.715196 44 47 52
0.005293 2.633972 -1.454174 208 212 215
-1.698946 2.208599 -1.981082 209 213 216
0.550175 2.803196 -1.269728 88 99 95
-1.908945 2.265623 -1.932809 74 78 77
0.453048 2.688361 -1.223713 217 221 224
1.561823 2.758677 -2.716031 159 160 146
0.718453 2.800644 -1.136101 175 175 175
1.641265 2.863447 -1.764727 102 101 96
0.301048 3.263889 -0.793594 2 4 3
1.246392 2.875992 -1.882180 77 79 76
0.497735 3.054383 -0.882803 147 152 156
1.375057 2.826276 -1.343116 221 223 222
0.411469 3.101297 -0.835787 211 216 219
1.335577 2.842742 -1.291991 221 223 222
0.143171 3.161924 -0.775646 214 219 223
-1.091876 2.120214 -2.809246 63 67 70
0.487447 3.690867 -0.217201 99 99 97
-1.094264 2.419800 -1.705832 212 218 218
0.066801 4.325000 0.283325 76 59 57
2.570680 2.456523 -3.093786 13 13 13
-1.541121 1.820899 -3.229629 128 129 135
2.544858 2.434222 -3.091169 76 74 79
-1.410651 2.036898 -3.729028 146 146 136
2.490525 2.414865 -3.127016 15 17 16
-1.429941 2.112163 -3.618677 116 116 106
2.608464 3.092237 -2.289926 127 126 121
-1.690944 1.854431 -3.142749 51 51 49
2.251500 2.843973 -2.642791 100 99 93
0.265207 2.672825 -1.426765 144 145 149
1.392670 2.940679 -2.440732 152 150 135
0.265952 2.670721 -1.427679 144 145 149
1.535908 2.878052 -1.706192 131 135 134
-1.503803 1.879076 -2.978967 130 131 133
1.492319 2.874344 -1.686356 105 105 103
-1.445609 2.278861 -1.901659 211 216 222
1.162376 2.853566 -1.902920 41 43 42
-1.250828 2.354982 -1.801180 207 216 223
1.256436 2.856860 -1.783682 4 3 8
-1.478748 2.383690 -1.766284 63 64 66
0.677886 2.810902 -1.261266 181 185 184
-1.477749 2.384065 -1.764156 63 64 66
0.605172 2.751053 -1.170342 216 213 204
-0.831260 2.012386 -3.782738 155 155 145
-0.885138 2.199682 -2.720884 55 56 60
-1.662758 1.718826 -3.271106 21 21 29
-0.040025 3.506037 -0.424192 73 0 16
-1.441319 1.931806 -3.027051 39 37 35
-1.073356 2.401186 -1.731063 63 63 65
-1.055715 1.713154 -3.428731 149 150 154
-0.209493 2.420948 -0.913695 255 233 188
-1.055931 1.712704 -3.428478 149 150 154
2.871744 2.249481 -3.602938 162 160 148
-1.104609 1.773958 -3.379967 38 38 36
3.171547 2.578044 -3.126530 163 160 151
-1.347219 1.889781 -3.116434 79 79 77
3.171381 2.577021 -3.126271 163 160 151
2.711155 2.180372 -3.678881 138 136 123
-1.579451 2.238739 -1.954106 208 215 223
2.817219 2.502812 -3.193444 150 148 136
-1.577405 2.224504 -1.955400 208 215 223
2.381007 2.379176 -3.176094 1 2 2
-1.614193 2.272424 -1.904991 62 62 60
2.369999 2.371182 -3.168888 82 83 86
2.306563 2.347823 -3.204478 4 4 4
-1.505641 2.321992 -1.836148 206 216 215
2.248807 2.330813 -3.229137 4 5 5
-1.270861 1.856932 -3.196486 109 109 107
-1.608382 1.842933 -3.156874 113 110 103
2.244106 3.010072 -2.387884 128 128 120
-1.516151 1.858999 -3.143836 107 109 96
-1.480995 1.914615 -3.074261 127 132 135
-1.421192 1.904701 -2.907687 217 217 215
1.026732 2.804818 -1.944556 34 35 37
-1.478203 2.288052 -1.886064 210 218 221
1.384173 2.842318 -1.361894 213 217 215
-1.600009 2.309492 -1.848001 59 59 59
-1.387344 2.360508 -1.791175 60 62 59
-1.832761 2.218914 -1.981204 217 221 224
-1.832761 2.218914 -1.981204 217 221 224
2.882956 2.313522 -3.497285 131 129 117
-1.278584 2.465167 -1.656136 63 63 63
2.643121 2.171431 -3.715287 157 157 145
-1.278584 2.465167 -1.656136 63 63 63
2.896045 2.480829 -3.243423 148 146 134
-0.853394 1.965118 -3.861400 131 131 121
2.840163 2.512733 -3.167771 172 174 161
-1.429437 1.908477 -3.089164 102 99 92
2.840158 2.510536 -3.166853 172 174 161
-1.156091 2.328381 -1.830257 66 70 71
2.336265 2.079102 -3.852454 181 179 167
-1.486598 2.365917 -1.790046 56 60 61
2.413664 2.208036 -3.636174 144 141 132
-0.930410 1.596218 -4.440373 142 142 133
2.046328 1.912361 -4.084336 113 110 101
-0.930615 1.596917 -4.441100 142 142 133
2.826114 2.665783 -2.951975 152 152 142
-0.937689 1.649552 -4.355995 114 113 108
2.276216 2.277939 -3.537784 144 142 130
-0.912242 2.074182 -3.680310 107 107 97
2.576822 2.460410 -3.085633 124 124 123
-1.086151 1.757819 -3.388113 35 34 32
2.566881 2.443982 -3.096145 8 8 8
-1.722396 1.794288 -2.991112 64 64 62
2.286195 2.280829 -3.515828 139 137 125
2.182464 2.199220 -3.646161 144 144 132
-1.462631 2.225968 -1.971865 64 68 71
2.392726 2.391864 -3.343063 150 150 138
-1.695298 2.230258 -1.963416 61 65 66
-1.750453 2.228110 -1.966113 65 64 69
2.526851 2.429872 -3.103425 86 87 91
2.494037 2.415924 -3.115735 77 81 84
2.532645 2.470095 -3.029129 21 23 26
-1.136806 2.368348 -1.777624 69 71 70
2.309751 2.351490 -3.195756 78 79 83
-1.174502 2.429293 -1.697883 67 72 68
2.541744 3.044205 -2.358462 99 98 93
-0.788521 2.022170 -3.770897 126 126 116
1.587730 2.782673 -2.705787 162 160 147
-0.135463 2.055234 -3.741332 141 140 136
-0.760054 2.036072 -3.747885 140 140 128
-0.643641 3.613324 -0.275061 93 60 61
-1.118880 2.036295 -3.731354 119 119 109
-1.910482 2.266495 -1.932666 65 69 70
-1.341321 2.032076 -3.721944 116 116 106
2.722341 2.771760 -2.780832 133 130 121
-0.724898 2.063886 -3.704802 131 131 123
2.034126 1.971667 -3.989858 129 126 117
-1.334595 2.039690 -3.709191 120 120 110
1.353939 2.805851 -1.609315 210 147 174
-0.714142 2.080313 -3.693571 137 136 131
0.913476 2.771204 -2.003681 30 30 29
-0.939109 2.105273 -3.631878 111 111 103
2.870679 2.247254 -3.602130 154 152 140
-1.842108 1.757178 -3.168146 64 65 60
2.659138 2.168538 -3.718361 163 163 153
-1.308555 1.886057 -3.163939 64 65 63
2.383474 1.967413 -4.019304 130 127 118
-1.850781 1.757274 -3.166638 242 242 238
2.268884 2.243036 -3.575575 161 158 149
-1.680882 1.842402 -3.145925 86 86 86
2.428389 2.946646 -2.482601 127 124 119
-1.346581 1.911763 -3.123280 74 74 72
0.862277 2.886413 -1.155080 9 9 11
-1.905330 1.776604 -3.113132 48 47 43
-1.490188 1.896082 -3.107333 129 129 131
-1.411876 1.909758 -3.095716 141 141 139
-1.600435 1.872155 -3.076995 64 64 66
2.887972 2.479221 -3.262548 146 144 132
-1.901900 1.734015 -3.069691 58 57 53
2.559446 2.457072 -3.066793 12 14 13
-1.830294 1.760125 -3.032109 211 213 212
2.195696 2.198605 -3.638453 160 157 148
-1.441854 1.901187 -3.000065 46 46 44
2.124058 2.226339 -3.590758 163 161 149
-1.401301 1.907560 -2.975126 74 74 74
2.436785 2.960399 -2.479396 131 128 123
-1.401300 1.906965 -2.975227 74 74 74
2.435515 2.966806 -2.469552 82 79 74
-1.459045 1.907881 -2.946669 220 222 221
2.435842 2.966017 -2.469331 82 79 74
-1.498957 2.288701 -1.884275 33 34 35
2.412167 2.956121 -2.481835 85 82 77
0.121470 2.614317 -1.487280 5 8 7
1.942621 2.568799 -3.052829 185 183 171
0.206849 2.643593 -1.459552 4 7 10
1.157859 2.069378 -3.778010 143 143 131
-1.638609 1.346978 -4.777000 146 147 139
1.343880 2.802711 -1.613207 234 210 223
-1.567333 1.362331 -4.754835 138 140 129
-1.473341 2.341507 -1.813572 46 50 49
-1.560195 1.363884 -4.754231 109 111 100
-1.560195 1.363884 -4.754231 109 111 100
-1.718402 2.227657 -1.963490 215 219 222
-1.147436 1.394057 -4.741853 135 135 127
-1.477666 1.402481 -4.707589 143 144 136
2.939713 2.355623 -3.431366 135 133 121
-1.555096 1.435524 -4.650243 111 112 106
2.939973 2.365546 -3.436206 135 133 121
-1.587762 1.441861 -4.638477 92 91 86
2.844768 2.234999 -3.623618 128 126 114
-1.587678 1.441370 -4.638268 92 91 86
2.844278 2.236574 -3.624580 128 126 114
-1.693356 1.463511 -4.597000 147 146 141
2.820247 2.240278 -3.614734 136 137 124
-0.669356 1.516500 -4.589682 142 142 134
2.740054 2.227973 -3.622857 121 118 109
-0.941642 1.515387 -4.571757 112 112 101
2.711312 2.191867 -3.683579 123 121 108
-1.275650 1.504649 -4.561167 147 146 141
2.668990 2.187171 -3.691691 156 153 144
0.079210 1.698783 -4.338021 153 152 147
-1.905629 1.502817 -4.524493 162 161 156
2.646219 2.160222 -3.735794 175 174 169
0.071369 1.696403 -4.331155 146 145 140
-1.425641 1.529958 -4.513719 152 151 146
2.921539 2.557492 -3.125268 100 98 86
-1.729660 1.520667 -4.505606 94 93 88
2.921178 2.566454 -3.128325 100 98 86
-1.729668 1.519976 -4.505575 94 93 88
2.604548 2.147388 -3.749473 156 153 144
-0.930870 1.572622 -4.484661 119 118 113
2.596826 2.144892 -3.757814 155 152 145
-1.404552 1.552014 -4.480326 103 104 98
2.655909 2.230886 -3.619072 129 126 117
0.096693 1.715011 -4.312255 92 91 86
-1.463069 1.558580 -4.466723 113 112 107
2.607351 2.216229 -3.639091 133 130 121
-0.959157 1.588311 -4.453071 110 111 105
2.594231 2.213707 -3.641416 118 118 106
-0.917735 1.599739 -4.436218 120 119 114
2.641001 2.296583 -3.515476 143 141 129
-1.722841 1.580662 -4.419812 116 115 110
2.510876 2.187652 -3.678034 160 157 150
-0.713257 1.629540 -4.402112 121 122 114
2.458401 2.206383 -3.647011 126 124 112
-1.255599 1.603967 -4.399590 149 148 143
2.345313 2.062596 -3.867434 108 105 96
-0.874159 1.622815 -4.395023 148 149 143
2.487327 2.270712 -3.541372 134 132 121
-1.254475 1.613580 -4.398080 92 91 86
2.367909 2.238290 -3.590961 125 122 113
-1.321180 1.609792 -4.394442 153 153 145
2.351085 2.246248 -3.578763 117 114 105
0.128921 1.771455 -4.212389 93 93 85
-0.709692 1.641366 -4.385674 151 150 145
2.569905 2.456479 -3.083188 12 12 12
0.697919 1.842332 -4.122643 93 92 87
-0.718853 1.641619 -4.383216 111 111 103
0.129632 1.777388 -4.202435 161 161 153
-0.904251 1.649666 -4.363796 116 116 107
-1.020195 1.664631 -4.331062 128 129 123
-0.948871 1.773163 -4.161489 125 124 119
2.522437 2.690432 -2.903385 94 90 87
-0.471974 2.197932 -3.500613 123 123 117
2.917305 2.557518 -3.132338 168 166 154
-1.267800 1.934193 -3.305879 155 155 155
-0.762467 2.045654 -3.742013 119 119 109
-1.188093 1.834977 -3.286081 189 189 187
2.909818 2.560746 -3.124762 108 106 94
0.442996 2.185972 -3.550514 108 107 103
-2.105425 2.259501 -3.309755 130 130 120
2.619684 2.216656 -3.635514 128 126 114
-1.848335 1.788820 -3.092027 114 114 114
2.584429 2.205002 -3.656056 160 158 146
-1.909476 1.734461 -3.077692 55 54 50
